air_temperature,date,humidity,meeting_key,pressure,rainfall,session_key,track_temperature,wind_direction,wind_speed
18.9,2024-03-02 14:03:56.523000+00:00,46.0,1229,1017.1,0.0,9472,26.5,162.0,0.9
18.9,2024-03-02 14:04:56.514000+00:00,46.0,1229,1017.0,0.0,9472,26.5,55.0,1.0
18.9,2024-03-02 14:05:56.523000+00:00,46.0,1229,1017.0,0.0,9472,26.5,55.0,1.0
18.9,2024-03-02 14:06:56.520000+00:00,45.0,1229,1017.0,0.0,9472,26.2,85.0,1.1
18.9,2024-03-02 14:07:56.521000+00:00,46.0,1229,1017.0,0.0,9472,26.2,178.0,1.0
18.9,2024-03-02 14:08:56.523000+00:00,46.0,1229,1017.0,0.0,9472,26.2,178.0,1.0
18.9,2024-03-02 14:09:56.517000+00:00,46.0,1229,1017.0,0.0,9472,26.1,56.0,1.5
18.9,2024-03-02 14:10:56.527000+00:00,46.0,1229,1017.0,0.0,9472,26.2,155.0,0.8
18.9,2024-03-02 14:11:56.516000+00:00,46.0,1229,1017.0,0.0,9472,26.2,15.0,0.9
18.9,2024-03-02 14:12:56.530000+00:00,46.0,1229,1017.0,0.0,9472,26.0,51.0,1.0
18.9,2024-03-02 14:13:56.523000+00:00,46.0,1229,1017.0,0.0,9472,25.8,147.0,1.6
18.8,2024-03-02 14:14:56.523000+00:00,47.0,1229,1017.0,0.0,9472,25.7,84.0,1.1
18.8,2024-03-02 14:15:56.520000+00:00,47.0,1229,1017.1,0.0,9472,25.7,64.0,1.0
18.7,2024-03-02 14:16:56.529000+00:00,47.0,1229,1017.0,0.0,9472,25.8,26.0,0.8
18.8,2024-03-02 14:17:56.523000+00:00,46.0,1229,1017.0,0.0,9472,25.8,143.0,1.3
18.8,2024-03-02 14:18:56.521000+00:00,46.0,1229,1017.1,0.0,9472,25.7,36.0,1.4
18.7,2024-03-02 14:19:56.532000+00:00,46.0,1229,1017.1,0.0,9472,25.6,216.0,0.6
18.7,2024-03-02 14:20:56.532000+00:00,46.0,1229,1017.0,0.0,9472,25.6,37.0,0.5
18.7,2024-03-02 14:21:56.534000+00:00,46.0,1229,1017.0,0.0,9472,25.6,27.0,1.1
18.7,2024-03-02 14:22:56.551000+00:00,46.0,1229,1017.0,0.0,9472,25.5,48.0,1.0
18.7,2024-03-02 14:23:56.538000+00:00,46.0,1229,1016.9,0.0,9472,25.5,147.0,0.8
18.7,2024-03-02 14:24:56.541000+00:00,46.0,1229,1017.0,0.0,9472,25.5,162.0,1.0
18.7,2024-03-02 14:25:56.532000+00:00,46.0,1229,1017.0,0.0,9472,25.4,140.0,1.2
18.7,2024-03-02 14:26:56.535000+00:00,46.0,1229,1017.0,0.0,9472,25.4,182.0,1.3
18.7,2024-03-02 14:27:56.531000+00:00,46.0,1229,1017.0,0.0,9472,25.4,144.0,1.4
18.7,2024-03-02 14:28:56.531000+00:00,46.0,1229,1017.0,0.0,9472,25.4,14.0,1.4
18.7,2024-03-02 14:29:56.538000+00:00,46.0,1229,1017.0,0.0,9472,25.4,180.0,1.1
18.6,2024-03-02 14:30:56.530000+00:00,46.0,1229,1017.1,0.0,9472,25.5,77.0,0.4
18.6,2024-03-02 14:31:56.534000+00:00,46.0,1229,1017.1,0.0,9472,25.3,0.0,0.6
18.6,2024-03-02 14:32:56.535000+00:00,46.0,1229,1017.1,0.0,9472,25.3,39.0,0.7
18.6,2024-03-02 14:33:56.533000+00:00,46.0,1229,1017.0,0.0,9472,25.0,332.0,0.4
18.6,2024-03-02 14:34:56.539000+00:00,46.0,1229,1017.0,0.0,9472,25.0,45.0,0.9
18.6,2024-03-02 14:35:56.536000+00:00,46.0,1229,1017.0,0.0,9472,24.9,35.0,1.4
18.6,2024-03-02 14:36:56.542000+00:00,46.0,1229,1017.0,0.0,9472,24.9,59.0,1.3
18.6,2024-03-02 14:37:56.539000+00:00,46.0,1229,1017.0,0.0,9472,24.9,36.0,0.9
18.5,2024-03-02 14:38:56.538000+00:00,46.0,1229,1017.0,0.0,9472,24.7,44.0,1.6
18.5,2024-03-02 14:39:56.543000+00:00,47.0,1229,1017.0,0.0,9472,24.7,53.0,1.6
18.5,2024-03-02 14:40:56.543000+00:00,47.0,1229,1017.0,0.0,9472,24.7,44.0,1.0
18.5,2024-03-02 14:41:56.543000+00:00,47.0,1229,1017.1,0.0,9472,24.6,39.0,1.4
18.5,2024-03-02 14:42:56.541000+00:00,47.0,1229,1017.1,0.0,9472,24.7,0.0,1.3
18.5,2024-03-02 14:43:56.532000+00:00,47.0,1229,1017.0,0.0,9472,24.7,26.0,0.5
18.5,2024-03-02 14:44:56.547000+00:00,47.0,1229,1017.1,0.0,9472,24.5,48.0,0.8
18.5,2024-03-02 14:45:56.538000+00:00,47.0,1229,1017.0,0.0,9472,24.5,30.0,1.8
18.5,2024-03-02 14:46:56.537000+00:00,47.0,1229,1017.1,0.0,9472,24.5,113.0,1.5
18.4,2024-03-02 14:47:56.552000+00:00,48.0,1229,1017.1,0.0,9472,24.3,40.0,1.2
18.4,2024-03-02 14:48:56.547000+00:00,49.0,1229,1017.0,0.0,9472,24.3,23.0,1.6
18.4,2024-03-02 14:49:56.549000+00:00,49.0,1229,1017.0,0.0,9472,24.3,43.0,0.9
18.4,2024-03-02 14:50:56.544000+00:00,49.0,1229,1017.0,0.0,9472,24.2,28.0,1.8
18.4,2024-03-02 14:51:56.550000+00:00,49.0,1229,1017.0,0.0,9472,24.1,22.0,1.6
18.4,2024-03-02 14:52:56.548000+00:00,49.0,1229,1017.0,0.0,9472,24.1,40.0,1.3
18.4,2024-03-02 14:53:56.550000+00:00,49.0,1229,1017.0,0.0,9472,24.2,57.0,1.6
18.4,2024-03-02 14:54:56.546000+00:00,49.0,1229,1017.0,0.0,9472,24.1,71.0,1.6
18.4,2024-03-02 14:55:56.549000+00:00,49.0,1229,1017.0,0.0,9472,24.0,42.0,2.0
18.4,2024-03-02 14:56:56.555000+00:00,49.0,1229,1017.0,0.0,9472,23.9,26.0,1.8
18.3,2024-03-02 14:57:56.548000+00:00,49.0,1229,1017.1,0.0,9472,23.8,30.0,1.8
18.4,2024-03-02 14:58:56.560000+00:00,49.0,1229,1017.0,0.0,9472,23.7,32.0,2.1
18.3,2024-03-02 14:59:56.548000+00:00,49.0,1229,1017.0,0.0,9472,23.7,37.0,1.6
18.3,2024-03-02 15:00:56.552000+00:00,49.0,1229,1017.0,0.0,9472,23.9,48.0,1.6
18.3,2024-03-02 15:01:56.548000+00:00,49.0,1229,1017.0,0.0,9472,23.9,34.0,1.1
18.3,2024-03-02 15:02:56.565000+00:00,49.0,1229,1017.1,0.0,9472,23.8,44.0,1.2
18.2,2024-03-02 15:03:56.545000+00:00,49.0,1229,1017.2,0.0,9472,23.8,58.0,1.5
18.3,2024-03-02 15:04:56.561000+00:00,49.0,1229,1017.0,0.0,9472,23.8,28.0,0.9
18.3,2024-03-02 15:05:56.551000+00:00,49.0,1229,1017.0,0.0,9472,23.8,33.0,1.1
18.3,2024-03-02 15:06:56.557000+00:00,49.0,1229,1017.1,0.0,9472,23.8,89.0,1.5
18.3,2024-03-02 15:07:56.551000+00:00,49.0,1229,1017.0,0.0,9472,23.8,32.0,1.0
18.3,2024-03-02 15:08:56.557000+00:00,49.0,1229,1017.0,0.0,9472,23.7,24.0,0.9
18.3,2024-03-02 15:09:56.553000+00:00,49.0,1229,1017.0,0.0,9472,23.6,37.0,0.7
18.3,2024-03-02 15:10:56.557000+00:00,50.0,1229,1017.1,0.0,9472,23.5,40.0,1.5
18.3,2024-03-02 15:11:56.552000+00:00,50.0,1229,1017.1,0.0,9472,23.5,236.0,1.1
18.3,2024-03-02 15:12:56.556000+00:00,49.0,1229,1017.1,0.0,9472,23.5,0.0,0.6
18.3,2024-03-02 15:13:56.557000+00:00,50.0,1229,1017.1,0.0,9472,23.5,13.0,0.5
18.3,2024-03-02 15:14:56.565000+00:00,50.0,1229,1017.2,0.0,9472,23.7,10.0,0.5
18.2,2024-03-02 15:15:56.557000+00:00,50.0,1229,1017.2,0.0,9472,23.7,126.0,1.1
18.2,2024-03-02 15:16:56.572000+00:00,50.0,1229,1017.2,0.0,9472,23.5,98.0,0.4
18.2,2024-03-02 15:17:56.560000+00:00,50.0,1229,1017.1,0.0,9472,23.5,221.0,0.6
18.2,2024-03-02 15:18:56.562000+00:00,50.0,1229,1017.2,0.0,9472,23.5,330.0,0.5
18.2,2024-03-02 15:19:56.607000+00:00,50.0,1229,1017.2,0.0,9472,23.5,330.0,0.5
18.2,2024-03-02 15:20:56.571000+00:00,50.0,1229,1017.2,0.0,9472,23.4,155.0,0.6
18.2,2024-03-02 15:21:56.563000+00:00,50.0,1229,1017.2,0.0,9472,23.5,157.0,0.5
18.3,2024-03-02 15:22:56.567000+00:00,50.0,1229,1017.2,0.0,9472,23.6,354.0,0.5
18.3,2024-03-02 15:23:56.570000+00:00,50.0,1229,1017.2,0.0,9472,23.5,42.0,0.4
18.2,2024-03-02 15:24:56.575000+00:00,50.0,1229,1017.1,0.0,9472,23.4,123.0,1.0
18.2,2024-03-02 15:25:56.572000+00:00,50.0,1229,1017.2,0.0,9472,23.3,0.0,0.5
18.1,2024-03-02 15:26:56.572000+00:00,50.0,1229,1017.1,0.0,9472,23.5,0.0,0.4
18.1,2024-03-02 15:27:56.561000+00:00,50.0,1229,1017.2,0.0,9472,23.3,179.0,0.0
18.1,2024-03-02 15:28:56.565000+00:00,50.0,1229,1017.2,0.0,9472,23.2,236.0,0.4
18.1,2024-03-02 15:29:56.566000+00:00,50.0,1229,1017.2,0.0,9472,23.3,150.0,0.3
18.1,2024-03-02 15:30:56.567000+00:00,51.0,1229,1017.1,0.0,9472,23.4,178.0,0.7
18.1,2024-03-02 15:31:56.552000+00:00,50.0,1229,1017.2,0.0,9472,23.4,20.0,0.4
18.1,2024-03-02 15:32:56.574000+00:00,50.0,1229,1017.1,0.0,9472,23.3,303.0,0.0
18.1,2024-03-02 15:33:56.568000+00:00,50.0,1229,1017.1,0.0,9472,23.3,71.0,0.5
18.1,2024-03-02 15:34:56.569000+00:00,50.0,1229,1017.1,0.0,9472,23.3,47.0,0.6
18.1,2024-03-02 15:35:56.571000+00:00,50.0,1229,1017.1,0.0,9472,23.2,27.0,0.7
18.1,2024-03-02 15:36:56.575000+00:00,50.0,1229,1017.2,0.0,9472,23.1,65.0,0.5
18.1,2024-03-02 15:37:56.571000+00:00,50.0,1229,1017.1,0.0,9472,23.1,94.0,0.7
18.1,2024-03-02 15:38:56.574000+00:00,50.0,1229,1017.2,0.0,9472,23.2,37.0,0.5
18.1,2024-03-02 15:39:56.573000+00:00,50.0,1229,1017.1,0.0,9472,23.2,71.0,0.9
18.1,2024-03-02 15:40:56.581000+00:00,50.0,1229,1017.1,0.0,9472,23.0,338.0,0.8
18.1,2024-03-02 15:41:56.583000+00:00,50.0,1229,1017.2,0.0,9472,23.0,25.0,0.3
18.1,2024-03-02 15:42:56.581000+00:00,49.0,1229,1017.2,0.0,9472,23.0,46.0,0.9
18.1,2024-03-02 15:43:56.578000+00:00,49.0,1229,1017.1,0.0,9472,23.0,47.0,0.7
18.1,2024-03-02 15:44:56.584000+00:00,49.0,1229,1017.2,0.0,9472,22.9,46.0,0.7
18.1,2024-03-02 15:45:56.585000+00:00,49.0,1229,1017.2,0.0,9472,22.9,29.0,0.0
18.1,2024-03-02 15:46:56.577000+00:00,49.0,1229,1017.2,0.0,9472,22.9,246.0,0.7
18.1,2024-03-02 15:47:56.576000+00:00,49.0,1229,1017.2,0.0,9472,22.9,0.0,0.0
18.1,2024-03-02 15:48:56.596000+00:00,49.0,1229,1017.3,0.0,9472,22.8,55.0,0.6
18.1,2024-03-02 15:49:56.581000+00:00,49.0,1229,1017.2,0.0,9472,22.8,0.0,0.8
18.0,2024-03-02 15:50:56.608000+00:00,49.0,1229,1017.3,0.0,9472,22.8,45.0,0.6
18.0,2024-03-02 15:51:56.626000+00:00,49.0,1229,1017.2,0.0,9472,22.7,28.0,0.7
18.0,2024-03-02 15:52:56.636000+00:00,49.0,1229,1017.3,0.0,9472,22.6,96.0,0.8
18.0,2024-03-02 15:53:56.628000+00:00,49.0,1229,1017.3,0.0,9472,22.7,53.0,0.5
18.0,2024-03-02 15:54:56.641000+00:00,49.0,1229,1017.2,0.0,9472,22.7,30.0,0.6
18.0,2024-03-02 15:55:56.652000+00:00,49.0,1229,1017.3,0.0,9472,22.7,82.0,0.8
18.0,2024-03-02 15:56:56.671000+00:00,49.0,1229,1017.3,0.0,9472,22.7,28.0,0.7
18.0,2024-03-02 15:57:56.680000+00:00,49.0,1229,1017.3,0.0,9472,22.7,27.0,0.7
17.9,2024-03-02 15:58:56.684000+00:00,49.0,1229,1017.3,0.0,9472,22.7,29.0,0.0
18.0,2024-03-02 15:59:56.697000+00:00,49.0,1229,1017.4,0.0,9472,22.7,328.0,0.6
18.0,2024-03-02 16:00:56.694000+00:00,49.0,1229,1017.4,0.0,9472,22.6,132.0,0.7
18.0,2024-03-02 16:01:56.704000+00:00,50.0,1229,1017.4,0.0,9472,22.6,41.0,0.7
18.0,2024-03-02 16:02:56.721000+00:00,50.0,1229,1017.5,0.0,9472,22.6,13.0,0.9
17.9,2024-03-02 16:03:56.714000+00:00,50.0,1229,1017.4,0.0,9472,22.5,156.0,0.4
17.9,2024-03-02 16:04:56.721000+00:00,50.0,1229,1017.4,0.0,9472,22.6,66.0,0.4
17.9,2024-03-02 16:05:56.712000+00:00,50.0,1229,1017.4,0.0,9472,22.6,59.0,0.8
17.9,2024-03-02 16:06:56.721000+00:00,50.0,1229,1017.5,0.0,9472,22.4,142.0,0.6
17.9,2024-03-02 16:07:56.723000+00:00,50.0,1229,1017.4,0.0,9472,22.4,50.0,1.0
17.9,2024-03-02 16:08:56.726000+00:00,50.0,1229,1017.4,0.0,9472,22.4,33.0,0.4
17.9,2024-03-02 16:09:56.716000+00:00,50.0,1229,1017.4,0.0,9472,22.3,81.0,0.7
17.9,2024-03-02 16:10:56.723000+00:00,50.0,1229,1017.4,0.0,9472,22.4,0.0,0.4
17.9,2024-03-02 16:11:56.714000+00:00,50.0,1229,1017.4,0.0,9472,22.4,50.0,0.0
17.9,2024-03-02 16:12:56.713000+00:00,50.0,1229,1017.4,0.0,9472,22.2,10.0,0.5
17.9,2024-03-02 16:13:56.718000+00:00,50.0,1229,1017.4,0.0,9472,22.2,141.0,0.6
17.9,2024-03-02 16:14:56.724000+00:00,50.0,1229,1017.4,0.0,9472,22.2,1.0,0.4
17.9,2024-03-02 16:15:56.753000+00:00,50.0,1229,1017.5,0.0,9472,22.1,0.0,0.0
17.8,2024-03-02 16:16:56.744000+00:00,51.0,1229,1017.5,0.0,9472,22.1,0.0,0.5
17.8,2024-03-02 16:17:56.731000+00:00,51.0,1229,1017.5,0.0,9472,22.0,270.0,0.0
17.8,2024-03-02 16:18:56.724000+00:00,51.0,1229,1017.5,0.0,9472,22.0,140.0,0.3
17.8,2024-03-02 16:19:56.726000+00:00,51.0,1229,1017.5,0.0,9472,21.9,0.0,0.7
17.8,2024-03-02 16:20:56.730000+00:00,51.0,1229,1017.4,0.0,9472,21.9,0.0,0.6
17.7,2024-03-02 16:21:56.729000+00:00,51.0,1229,1017.5,0.0,9472,22.0,356.0,0.0
17.7,2024-03-02 16:22:56.732000+00:00,51.0,1229,1017.4,0.0,9472,22.0,0.0,0.4
17.7,2024-03-02 16:23:56.733000+00:00,51.0,1229,1017.4,0.0,9472,21.9,148.0,0.5
17.7,2024-03-02 16:24:56.725000+00:00,51.0,1229,1017.4,0.0,9472,21.9,0.0,0.0
17.6,2024-03-02 16:25:56.731000+00:00,51.0,1229,1017.5,0.0,9472,22.0,340.0,0.4
17.6,2024-03-02 16:26:56.723000+00:00,51.0,1229,1017.5,0.0,9472,22.0,138.0,0.4
17.6,2024-03-02 16:27:56.729000+00:00,51.0,1229,1017.5,0.0,9472,21.9,0.0,0.4
17.6,2024-03-02 16:28:56.732000+00:00,51.0,1229,1017.5,0.0,9472,21.9,254.0,0.4
17.6,2024-03-02 16:29:56.732000+00:00,51.0,1229,1017.5,0.0,9472,21.9,330.0,0.0
17.6,2024-03-02 16:30:56.739000+00:00,51.0,1229,1017.5,0.0,9472,21.9,213.0,0.3
17.6,2024-03-02 16:31:56.735000+00:00,51.0,1229,1017.5,0.0,9472,21.9,0.0,0.3
17.6,2024-03-02 16:32:56.735000+00:00,51.0,1229,1017.5,0.0,9472,21.9,12.0,0.0
17.6,2024-03-02 16:33:56.732000+00:00,51.0,1229,1017.5,0.0,9472,21.9,115.0,0.4
17.7,2024-03-02 16:34:56.737000+00:00,51.0,1229,1017.5,0.0,9472,22.0,96.0,0.0
17.6,2024-03-02 16:35:56.730000+00:00,51.0,1229,1017.5,0.0,9472,21.9,0.0,0.7
17.6,2024-03-02 16:36:56.730000+00:00,51.0,1229,1017.5,0.0,9472,21.9,271.0,0.0
17.7,2024-03-02 16:37:56.743000+00:00,51.0,1229,1017.5,0.0,9472,21.9,0.0,0.4
17.6,2024-03-02 16:38:56.735000+00:00,51.0,1229,1017.5,0.0,9472,21.9,257.0,0.0
17.7,2024-03-02 16:39:56.749000+00:00,51.0,1229,1017.4,0.0,9472,21.9,167.0,0.0
25.5,2024-03-09 16:04:23.559000+00:00,67.0,1230,1012.0,0.0,9480,33.6,342.0,2.6
25.5,2024-03-09 16:05:23.556000+00:00,67.0,1230,1012.0,0.0,9480,33.6,20.0,1.9
25.5,2024-03-09 16:06:23.554000+00:00,67.0,1230,1012.0,0.0,9480,33.4,21.0,2.4
25.5,2024-03-09 16:07:23.563000+00:00,67.0,1230,1012.0,0.0,9480,33.3,22.0,2.3
25.5,2024-03-09 16:08:23.576000+00:00,67.0,1230,1012.0,0.0,9480,33.3,23.0,2.6
25.5,2024-03-09 16:09:23.581000+00:00,67.0,1230,1012.1,0.0,9480,33.5,12.0,2.5
25.5,2024-03-09 16:10:23.575000+00:00,67.0,1230,1012.0,0.0,9480,33.5,5.0,1.9
25.5,2024-03-09 16:11:23.592000+00:00,67.0,1230,1012.0,0.0,9480,33.4,13.0,1.8
25.5,2024-03-09 16:12:23.599000+00:00,67.0,1230,1012.0,0.0,9480,33.4,26.0,2.1
25.5,2024-03-09 16:13:23.599000+00:00,65.0,1230,1012.1,0.0,9480,33.4,10.0,2.3
25.5,2024-03-09 16:14:23.603000+00:00,66.0,1230,1012.2,0.0,9480,33.3,343.0,2.1
25.5,2024-03-09 16:15:23.593000+00:00,65.0,1230,1012.1,0.0,9480,33.1,334.0,1.7
25.5,2024-03-09 16:16:23.598000+00:00,65.0,1230,1012.1,0.0,9480,33.2,0.0,1.9
25.5,2024-03-09 16:17:23.600000+00:00,66.0,1230,1012.1,0.0,9480,33.2,5.0,1.4
25.5,2024-03-09 16:18:23.601000+00:00,64.0,1230,1012.2,0.0,9480,33.4,22.0,1.1
25.6,2024-03-09 16:19:23.604000+00:00,63.0,1230,1012.2,0.0,9480,33.4,10.0,1.3
25.5,2024-03-09 16:20:23.595000+00:00,63.0,1230,1012.2,0.0,9480,33.4,23.0,1.0
25.5,2024-03-09 16:21:23.610000+00:00,61.0,1230,1012.3,0.0,9480,33.1,30.0,1.0
25.5,2024-03-09 16:22:23.604000+00:00,62.0,1230,1012.2,0.0,9480,33.2,6.0,1.4
25.5,2024-03-09 16:23:23.617000+00:00,61.0,1230,1012.2,0.0,9480,33.2,2.0,1.9
25.5,2024-03-09 16:24:23.607000+00:00,61.0,1230,1012.3,0.0,9480,33.1,2.0,1.6
25.6,2024-03-09 16:25:23.606000+00:00,60.0,1230,1012.3,0.0,9480,33.2,21.0,1.2
25.7,2024-03-09 16:26:23.600000+00:00,60.0,1230,1012.4,0.0,9480,33.1,27.0,0.9
25.7,2024-03-09 16:27:23.613000+00:00,59.0,1230,1012.3,0.0,9480,32.9,33.0,1.0
25.8,2024-03-09 16:28:23.611000+00:00,59.0,1230,1012.4,0.0,9480,32.8,6.0,1.1
25.8,2024-03-09 16:29:23.612000+00:00,58.0,1230,1012.4,0.0,9480,32.8,18.0,1.3
25.8,2024-03-09 16:30:23.612000+00:00,58.0,1230,1012.4,0.0,9480,32.9,12.0,1.0
25.9,2024-03-09 16:31:23.613000+00:00,57.0,1230,1012.4,0.0,9480,33.3,18.0,0.9
25.9,2024-03-09 16:32:23.607000+00:00,57.0,1230,1012.5,0.0,9480,32.9,33.0,1.3
25.9,2024-03-09 16:33:23.611000+00:00,57.0,1230,1012.5,0.0,9480,32.6,32.0,0.9
25.9,2024-03-09 16:34:23.611000+00:00,57.0,1230,1012.4,0.0,9480,32.5,2.0,1.1
25.9,2024-03-09 16:35:23.615000+00:00,57.0,1230,1012.5,0.0,9480,32.5,23.0,1.2
25.8,2024-03-09 16:36:23.615000+00:00,57.0,1230,1012.5,0.0,9480,32.4,41.0,1.4
25.7,2024-03-09 16:37:23.617000+00:00,57.0,1230,1012.5,0.0,9480,32.2,3.0,1.3
25.7,2024-03-09 16:38:23.602000+00:00,58.0,1230,1012.5,0.0,9480,32.2,25.0,1.3
25.6,2024-03-09 16:39:23.616000+00:00,58.0,1230,1012.5,0.0,9480,32.2,25.0,1.5
25.6,2024-03-09 16:40:23.607000+00:00,57.0,1230,1012.4,0.0,9480,32.3,0.0,2.2
25.6,2024-03-09 16:41:23.617000+00:00,58.0,1230,1012.5,0.0,9480,32.3,33.0,2.0
25.6,2024-03-09 16:42:23.622000+00:00,58.0,1230,1012.5,0.0,9480,31.9,13.0,2.2
25.6,2024-03-09 16:43:23.618000+00:00,58.0,1230,1012.3,0.0,9480,31.9,13.0,2.4
25.6,2024-03-09 16:44:23.600000+00:00,59.0,1230,1012.4,0.0,9480,32.0,25.0,2.3
25.5,2024-03-09 16:45:23.629000+00:00,59.0,1230,1012.4,0.0,9480,32.0,14.0,2.4
25.5,2024-03-09 16:46:23.623000+00:00,59.0,1230,1012.5,0.0,9480,31.9,14.0,2.3
25.5,2024-03-09 16:47:23.633000+00:00,59.0,1230,1012.4,0.0,9480,31.9,19.0,2.1
25.5,2024-03-09 16:48:23.632000+00:00,60.0,1230,1012.5,0.0,9480,31.7,26.0,2.0
25.5,2024-03-09 16:49:23.653000+00:00,60.0,1230,1012.5,0.0,9480,32.0,0.0,1.9
25.5,2024-03-09 16:50:23.668000+00:00,60.0,1230,1012.4,0.0,9480,32.0,22.0,1.8
25.5,2024-03-09 16:51:23.689000+00:00,60.0,1230,1012.4,0.0,9480,32.0,2.0,1.7
25.4,2024-03-09 16:52:23.701000+00:00,60.0,1230,1012.5,0.0,9480,31.9,2.0,1.9
25.5,2024-03-09 16:53:23.694000+00:00,61.0,1230,1012.6,0.0,9480,32.0,7.0,2.1
25.5,2024-03-09 16:54:23.740000+00:00,61.0,1230,1012.4,0.0,9480,31.9,354.0,2.3
25.4,2024-03-09 16:55:23.720000+00:00,61.0,1230,1012.5,0.0,9480,31.7,22.0,2.4
25.4,2024-03-09 16:56:23.725000+00:00,62.0,1230,1012.5,0.0,9480,31.7,346.0,2.2
25.4,2024-03-09 16:57:23.722000+00:00,62.0,1230,1012.4,0.0,9480,31.7,1.0,2.2
25.4,2024-03-09 16:58:23.719000+00:00,62.0,1230,1012.5,0.0,9480,31.7,7.0,1.9
25.4,2024-03-09 16:59:23.726000+00:00,62.0,1230,1012.5,0.0,9480,31.7,353.0,2.0
25.4,2024-03-09 17:00:23.713000+00:00,63.0,1230,1012.6,0.0,9480,31.9,11.0,1.5
25.3,2024-03-09 17:01:23.712000+00:00,62.0,1230,1012.6,0.0,9480,31.7,55.0,1.4
25.3,2024-03-09 17:02:23.725000+00:00,62.0,1230,1012.5,0.0,9480,31.7,26.0,1.0
25.3,2024-03-09 17:03:23.725000+00:00,62.0,1230,1012.5,0.0,9480,31.5,331.0,1.8
25.4,2024-03-09 17:04:23.777000+00:00,62.0,1230,1012.5,0.0,9480,31.5,358.0,1.3
25.4,2024-03-09 17:05:23.762000+00:00,62.0,1230,1012.5,0.0,9480,31.5,342.0,1.7
25.4,2024-03-09 17:06:23.758000+00:00,62.0,1230,1012.6,0.0,9480,31.5,301.0,1.2
25.4,2024-03-09 17:07:23.759000+00:00,62.0,1230,1012.6,0.0,9480,31.7,172.0,1.0
25.4,2024-03-09 17:08:23.749000+00:00,62.0,1230,1012.6,0.0,9480,31.7,36.0,1.5
25.5,2024-03-09 17:09:23.780000+00:00,61.0,1230,1012.6,0.0,9480,31.7,342.0,0.8
25.6,2024-03-09 17:10:23.773000+00:00,61.0,1230,1012.6,0.0,9480,31.7,9.0,1.3
25.6,2024-03-09 17:11:23.799000+00:00,62.0,1230,1012.6,0.0,9480,31.7,45.0,0.7
25.7,2024-03-09 17:12:23.795000+00:00,61.0,1230,1012.6,0.0,9480,32.2,161.0,1.0
25.7,2024-03-09 17:13:23.806000+00:00,61.0,1230,1012.6,0.0,9480,31.5,1.0,1.0
25.7,2024-03-09 17:14:23.822000+00:00,61.0,1230,1012.6,0.0,9480,31.4,357.0,1.2
25.7,2024-03-09 17:15:23.827000+00:00,61.0,1230,1012.7,0.0,9480,31.4,330.0,1.0
25.7,2024-03-09 17:16:23.843000+00:00,61.0,1230,1012.6,0.0,9480,31.5,349.0,0.8
25.7,2024-03-09 17:17:23.859000+00:00,61.0,1230,1012.7,0.0,9480,31.5,0.0,1.1
25.7,2024-03-09 17:18:23.875000+00:00,61.0,1230,1012.7,0.0,9480,31.5,1.0,0.7
25.7,2024-03-09 17:19:23.883000+00:00,61.0,1230,1012.7,0.0,9480,31.5,317.0,0.8
25.6,2024-03-09 17:20:23.889000+00:00,62.0,1230,1012.8,0.0,9480,31.4,328.0,1.6
25.5,2024-03-09 17:21:23.883000+00:00,62.0,1230,1012.7,0.0,9480,31.4,356.0,0.8
25.5,2024-03-09 17:22:23.893000+00:00,62.0,1230,1012.8,0.0,9480,31.5,356.0,0.4
25.4,2024-03-09 17:23:23.900000+00:00,62.0,1230,1012.8,0.0,9480,31.5,264.0,1.1
25.5,2024-03-09 17:24:23.897000+00:00,62.0,1230,1012.8,0.0,9480,31.7,25.0,1.1
25.5,2024-03-09 17:25:23.893000+00:00,62.0,1230,1012.9,0.0,9480,31.4,3.0,1.2
25.5,2024-03-09 17:26:23.898000+00:00,62.0,1230,1012.8,0.0,9480,31.2,180.0,1.3
25.5,2024-03-09 17:27:23.934000+00:00,62.0,1230,1012.9,0.0,9480,31.6,344.0,1.6
25.5,2024-03-09 17:28:23.935000+00:00,62.0,1230,1012.9,0.0,9480,31.7,0.0,0.8
25.6,2024-03-09 17:29:23.941000+00:00,61.0,1230,1012.9,0.0,9480,31.6,177.0,1.1
25.6,2024-03-09 17:30:23.945000+00:00,62.0,1230,1012.9,0.0,9480,31.3,50.0,0.8
25.6,2024-03-09 17:31:23.943000+00:00,61.0,1230,1012.9,0.0,9480,31.6,312.0,1.3
25.6,2024-03-09 17:32:23.951000+00:00,61.0,1230,1012.9,0.0,9480,31.1,0.0,0.8
25.6,2024-03-09 17:33:23.945000+00:00,62.0,1230,1012.8,0.0,9480,30.9,348.0,0.4
25.6,2024-03-09 17:34:23.943000+00:00,61.0,1230,1012.9,0.0,9480,31.1,314.0,1.0
25.6,2024-03-09 17:35:23.954000+00:00,62.0,1230,1012.9,0.0,9480,30.8,355.0,1.8
25.6,2024-03-09 17:36:23.942000+00:00,62.0,1230,1012.8,0.0,9480,30.9,351.0,1.5
25.6,2024-03-09 17:37:23.942000+00:00,62.0,1230,1012.9,0.0,9480,30.9,337.0,1.5
25.6,2024-03-09 17:38:23.952000+00:00,62.0,1230,1012.9,0.0,9480,30.6,335.0,1.6
25.6,2024-03-09 17:39:23.951000+00:00,62.0,1230,1012.9,0.0,9480,30.9,342.0,1.5
25.5,2024-03-09 17:40:23.936000+00:00,62.0,1230,1012.9,0.0,9480,30.7,49.0,0.9
25.5,2024-03-09 17:41:23.945000+00:00,62.0,1230,1013.0,0.0,9480,30.7,314.0,0.5
25.5,2024-03-09 17:42:23.956000+00:00,62.0,1230,1013.0,0.0,9480,30.8,261.0,1.0
25.6,2024-03-09 17:43:23.961000+00:00,62.0,1230,1013.0,0.0,9480,30.8,35.0,1.0
25.6,2024-03-09 17:44:23.978000+00:00,62.0,1230,1013.0,0.0,9480,31.3,18.0,0.7
25.6,2024-03-09 17:45:23.993000+00:00,62.0,1230,1013.0,0.0,9480,31.4,0.0,1.2
25.6,2024-03-09 17:46:23.989000+00:00,62.0,1230,1013.1,0.0,9480,31.2,50.0,0.8
25.6,2024-03-09 17:47:24.019000+00:00,62.0,1230,1013.1,0.0,9480,31.2,7.0,1.2
25.6,2024-03-09 17:48:24.021000+00:00,62.0,1230,1013.1,0.0,9480,31.2,10.0,1.7
25.6,2024-03-09 17:49:24.036000+00:00,63.0,1230,1013.1,0.0,9480,30.7,36.0,0.7
25.6,2024-03-09 17:50:24.032000+00:00,62.0,1230,1013.1,0.0,9480,31.2,355.0,1.0
25.6,2024-03-09 17:51:24.032000+00:00,63.0,1230,1013.1,0.0,9480,31.0,344.0,1.3
25.5,2024-03-09 17:52:24.034000+00:00,63.0,1230,1013.1,0.0,9480,31.0,353.0,0.6
25.6,2024-03-09 17:53:24.053000+00:00,63.0,1230,1013.0,0.0,9480,30.8,338.0,1.0
25.6,2024-03-09 17:54:24.037000+00:00,63.0,1230,1013.0,0.0,9480,30.9,339.0,0.9
25.5,2024-03-09 17:55:24.053000+00:00,63.0,1230,1013.0,0.0,9480,31.1,28.0,1.0
25.5,2024-03-09 17:56:24.033000+00:00,63.0,1230,1013.0,0.0,9480,31.1,335.0,1.1
25.5,2024-03-09 17:57:24.040000+00:00,63.0,1230,1013.0,0.0,9480,31.1,38.0,1.2
25.5,2024-03-09 17:58:24.036000+00:00,64.0,1230,1013.0,0.0,9480,30.9,106.0,0.4
25.5,2024-03-09 17:59:24.043000+00:00,63.0,1230,1013.0,0.0,9480,30.9,0.0,1.0
25.5,2024-03-09 18:00:24.026000+00:00,64.0,1230,1013.0,0.0,9480,30.9,27.0,0.5
25.5,2024-03-09 18:01:24.035000+00:00,64.0,1230,1013.0,0.0,9480,31.0,346.0,0.7
25.5,2024-03-09 18:02:24.042000+00:00,64.0,1230,1013.1,0.0,9480,30.8,305.0,0.4
25.5,2024-03-09 18:03:24.049000+00:00,64.0,1230,1013.0,0.0,9480,30.8,7.0,0.7
25.5,2024-03-09 18:04:24.047000+00:00,64.0,1230,1013.0,0.0,9480,30.4,352.0,0.6
25.5,2024-03-09 18:05:24.044000+00:00,64.0,1230,1013.0,0.0,9480,30.4,321.0,1.1
25.5,2024-03-09 18:06:24.062000+00:00,64.0,1230,1013.0,0.0,9480,30.4,0.0,0.0
25.5,2024-03-09 18:07:24.045000+00:00,64.0,1230,1013.0,0.0,9480,30.4,29.0,0.9
25.5,2024-03-09 18:08:24.048000+00:00,64.0,1230,1013.0,0.0,9480,30.4,0.0,0.7
25.4,2024-03-09 18:09:24.033000+00:00,65.0,1230,1013.0,0.0,9480,30.7,0.0,0.7
25.4,2024-03-09 18:10:24.049000+00:00,65.0,1230,1013.1,0.0,9480,30.4,6.0,0.6
25.5,2024-03-09 18:11:24.051000+00:00,65.0,1230,1013.1,0.0,9480,30.2,334.0,0.9
25.4,2024-03-09 18:12:24.054000+00:00,65.0,1230,1013.1,0.0,9480,30.2,202.0,1.4
25.4,2024-03-09 18:13:24.050000+00:00,65.0,1230,1013.1,0.0,9480,30.2,333.0,1.0
25.4,2024-03-09 18:14:24.051000+00:00,65.0,1230,1013.0,0.0,9480,29.9,31.0,0.9
25.4,2024-03-09 18:15:24.045000+00:00,65.0,1230,1013.1,0.0,9480,30.0,164.0,0.7
25.4,2024-03-09 18:16:24.051000+00:00,65.0,1230,1013.2,0.0,9480,30.2,48.0,1.3
25.4,2024-03-09 18:17:24.051000+00:00,65.0,1230,1013.1,0.0,9480,30.2,59.0,1.0
25.4,2024-03-09 18:18:24.051000+00:00,65.0,1230,1013.1,0.0,9480,30.3,135.0,0.7
25.4,2024-03-09 18:19:24.053000+00:00,65.0,1230,1013.1,0.0,9480,30.4,18.0,0.5
25.4,2024-03-09 18:20:24.054000+00:00,65.0,1230,1013.1,0.0,9480,30.4,7.0,1.3
25.4,2024-03-09 18:21:24.056000+00:00,66.0,1230,1013.2,0.0,9480,30.2,359.0,1.3
25.3,2024-03-09 18:22:24.061000+00:00,66.0,1230,1013.0,0.0,9480,30.2,313.0,1.0
25.3,2024-03-09 18:23:24.054000+00:00,66.0,1230,1013.1,0.0,9480,30.0,184.0,1.5
25.3,2024-03-09 18:24:24.059000+00:00,66.0,1230,1013.0,0.0,9480,30.0,357.0,1.2
25.3,2024-03-09 18:25:24.062000+00:00,66.0,1230,1013.1,0.0,9480,29.8,346.0,0.4
25.3,2024-03-09 18:26:24.060000+00:00,66.0,1230,1013.1,0.0,9480,29.8,0.0,1.0
25.3,2024-03-09 18:27:24.077000+00:00,66.0,1230,1013.1,0.0,9480,29.7,24.0,0.9
25.3,2024-03-09 18:28:24.096000+00:00,66.0,1230,1013.2,0.0,9480,29.1,320.0,1.2
25.2,2024-03-09 18:29:24.088000+00:00,67.0,1230,1013.1,0.0,9480,29.1,28.0,1.4
19.0,2024-03-24 03:04:51.995000+00:00,49.0,1231,1021.6,0.0,9488,37.0,306.0,0.4
19.0,2024-03-24 03:05:51.993000+00:00,48.0,1231,1021.6,0.0,9488,37.0,0.0,0.5
19.0,2024-03-24 03:06:51.997000+00:00,48.0,1231,1021.5,0.0,9488,37.0,93.0,0.7
19.0,2024-03-24 03:07:51.996000+00:00,49.0,1231,1021.5,0.0,9488,37.7,127.0,0.7
19.0,2024-03-24 03:08:52.018000+00:00,49.0,1231,1021.5,0.0,9488,38.0,207.0,1.1
19.1,2024-03-24 03:09:52.006000+00:00,49.0,1231,1021.6,0.0,9488,37.9,44.0,1.2
19.1,2024-03-24 03:10:52.023000+00:00,48.0,1231,1021.7,0.0,9488,37.8,302.0,1.0
19.2,2024-03-24 03:11:52.032000+00:00,48.0,1231,1021.6,0.0,9488,37.5,298.0,0.5
19.3,2024-03-24 03:12:52.032000+00:00,48.0,1231,1021.5,0.0,9488,37.3,0.0,0.7
19.4,2024-03-24 03:13:52.037000+00:00,49.0,1231,1021.5,0.0,9488,37.6,77.0,0.9
19.4,2024-03-24 03:14:52.028000+00:00,49.0,1231,1021.6,0.0,9488,37.6,0.0,0.7
19.4,2024-03-24 03:15:52.035000+00:00,48.0,1231,1021.5,0.0,9488,38.1,259.0,0.7
19.4,2024-03-24 03:16:52.037000+00:00,47.0,1231,1021.5,0.0,9488,38.1,220.0,0.8
19.5,2024-03-24 03:17:52.034000+00:00,46.0,1231,1021.5,0.0,9488,37.9,180.0,0.9
19.5,2024-03-24 03:18:52.037000+00:00,46.0,1231,1021.4,0.0,9488,37.9,242.0,0.5
19.3,2024-03-24 03:19:52.029000+00:00,46.0,1231,1021.4,0.0,9488,37.9,303.0,0.8
19.3,2024-03-24 03:20:52.037000+00:00,46.0,1231,1021.4,0.0,9488,38.0,316.0,1.6
19.3,2024-03-24 03:21:52.039000+00:00,48.0,1231,1021.3,0.0,9488,38.2,150.0,1.4
19.2,2024-03-24 03:22:52.038000+00:00,47.0,1231,1021.3,0.0,9488,39.2,249.0,0.6
19.4,2024-03-24 03:23:52.043000+00:00,47.0,1231,1021.3,0.0,9488,39.2,249.0,0.6
19.5,2024-03-24 03:24:52.033000+00:00,46.0,1231,1021.4,0.0,9488,39.2,18.0,1.0
19.6,2024-03-24 03:25:52.037000+00:00,45.0,1231,1021.4,0.0,9488,39.2,307.0,1.2
19.6,2024-03-24 03:26:52.038000+00:00,46.0,1231,1021.3,0.0,9488,38.5,145.0,0.8
19.5,2024-03-24 03:27:52.041000+00:00,47.0,1231,1021.3,0.0,9488,38.3,196.0,0.0
19.7,2024-03-24 03:28:52.050000+00:00,46.0,1231,1021.2,0.0,9488,38.5,293.0,0.5
19.8,2024-03-24 03:29:52.053000+00:00,46.0,1231,1021.2,0.0,9488,39.0,304.0,1.0
19.6,2024-03-24 03:30:52.051000+00:00,46.0,1231,1021.1,0.0,9488,36.9,304.0,2.2
19.5,2024-03-24 03:31:52.042000+00:00,47.0,1231,1021.2,0.0,9488,36.7,301.0,1.2
19.5,2024-03-24 03:32:52.051000+00:00,47.0,1231,1021.1,0.0,9488,37.4,239.0,1.2
19.5,2024-03-24 03:33:52.070000+00:00,47.0,1231,1021.1,0.0,9488,38.5,299.0,1.0
19.6,2024-03-24 03:34:52.041000+00:00,47.0,1231,1021.0,0.0,9488,38.5,0.0,0.4
19.7,2024-03-24 03:35:52.057000+00:00,46.0,1231,1021.1,0.0,9488,38.8,225.0,0.9
19.7,2024-03-24 03:36:52.054000+00:00,46.0,1231,1021.0,0.0,9488,38.8,198.0,0.7
19.7,2024-03-24 03:37:52.052000+00:00,47.0,1231,1021.0,0.0,9488,38.8,244.0,1.4
19.8,2024-03-24 03:38:52.055000+00:00,47.0,1231,1020.9,0.0,9488,38.7,159.0,0.0
19.9,2024-03-24 03:39:52.063000+00:00,46.0,1231,1020.9,0.0,9488,39.2,36.0,0.3
20.0,2024-03-24 03:40:52.042000+00:00,45.0,1231,1020.8,0.0,9488,39.2,5.0,0.0
20.1,2024-03-24 03:41:52.054000+00:00,45.0,1231,1020.9,0.0,9488,39.2,166.0,0.4
20.2,2024-03-24 03:42:52.063000+00:00,45.0,1231,1020.9,0.0,9488,39.3,213.0,1.2
20.2,2024-03-24 03:43:52.042000+00:00,45.0,1231,1020.9,0.0,9488,39.6,281.0,0.7
20.2,2024-03-24 03:44:52.058000+00:00,46.0,1231,1020.9,0.0,9488,39.5,202.0,1.0
20.3,2024-03-24 03:45:52.062000+00:00,45.0,1231,1021.0,0.0,9488,38.7,172.0,1.0
20.2,2024-03-24 03:46:52.087000+00:00,45.0,1231,1020.9,0.0,9488,38.7,0.0,1.4
20.2,2024-03-24 03:47:52.090000+00:00,45.0,1231,1020.9,0.0,9488,38.7,222.0,0.0
20.2,2024-03-24 03:48:52.110000+00:00,45.0,1231,1020.9,0.0,9488,38.1,167.0,0.7
20.3,2024-03-24 03:49:52.112000+00:00,44.0,1231,1020.9,0.0,9488,37.1,29.0,0.8
20.3,2024-03-24 03:50:52.118000+00:00,44.0,1231,1020.9,0.0,9488,37.5,188.0,0.9
20.3,2024-03-24 03:51:52.135000+00:00,45.0,1231,1020.8,0.0,9488,38.0,203.0,0.4
20.3,2024-03-24 03:52:52.157000+00:00,45.0,1231,1020.9,0.0,9488,38.6,0.0,0.6
20.3,2024-03-24 03:53:52.163000+00:00,44.0,1231,1020.9,0.0,9488,38.7,272.0,0.8
20.2,2024-03-24 03:54:52.163000+00:00,44.0,1231,1020.8,0.0,9488,38.7,0.0,0.7
20.2,2024-03-24 03:55:52.179000+00:00,44.0,1231,1020.8,0.0,9488,38.2,27.0,0.9
20.3,2024-03-24 03:56:52.181000+00:00,44.0,1231,1020.9,0.0,9488,38.1,346.0,0.8
20.4,2024-03-24 03:57:52.189000+00:00,45.0,1231,1020.9,0.0,9488,38.7,303.0,1.0
20.4,2024-03-24 03:58:52.189000+00:00,45.0,1231,1020.9,0.0,9488,39.2,332.0,1.2
20.4,2024-03-24 03:59:52.192000+00:00,45.0,1231,1020.8,0.0,9488,39.2,341.0,0.7
20.5,2024-03-24 04:00:52.199000+00:00,44.0,1231,1020.8,0.0,9488,39.1,151.0,0.7
20.4,2024-03-24 04:01:52.190000+00:00,44.0,1231,1020.9,0.0,9488,39.1,299.0,0.9
20.3,2024-03-24 04:02:52.199000+00:00,44.0,1231,1020.8,0.0,9488,39.0,171.0,0.8
20.4,2024-03-24 04:03:52.200000+00:00,45.0,1231,1020.9,0.0,9488,38.8,322.0,1.1
20.5,2024-03-24 04:04:52.205000+00:00,45.0,1231,1020.7,0.0,9488,39.0,304.0,1.8
20.5,2024-03-24 04:05:52.205000+00:00,45.0,1231,1020.8,0.0,9488,39.0,88.0,0.9
20.6,2024-03-24 04:06:52.202000+00:00,44.0,1231,1020.7,0.0,9488,39.3,168.0,0.8
20.6,2024-03-24 04:07:52.215000+00:00,46.0,1231,1020.8,0.0,9488,39.3,258.0,2.3
20.7,2024-03-24 04:08:52.228000+00:00,45.0,1231,1020.7,0.0,9488,39.1,163.0,1.6
20.6,2024-03-24 04:09:52.202000+00:00,45.0,1231,1020.8,0.0,9488,38.9,132.0,1.0
20.6,2024-03-24 04:10:52.208000+00:00,45.0,1231,1020.7,0.0,9488,39.3,19.0,0.5
20.5,2024-03-24 04:11:52.205000+00:00,44.0,1231,1020.7,0.0,9488,39.3,2.0,0.6
20.6,2024-03-24 04:12:52.210000+00:00,44.0,1231,1020.7,0.0,9488,39.3,67.0,0.5
20.5,2024-03-24 04:13:52.249000+00:00,43.0,1231,1020.7,0.0,9488,38.9,164.0,0.8
20.5,2024-03-24 04:14:52.215000+00:00,43.0,1231,1020.7,0.0,9488,39.1,24.0,1.0
20.7,2024-03-24 04:15:52.250000+00:00,43.0,1231,1020.6,0.0,9488,39.1,141.0,1.7
20.8,2024-03-24 04:16:52.264000+00:00,43.0,1231,1020.6,0.0,9488,39.0,150.0,1.5
20.7,2024-03-24 04:17:52.259000+00:00,44.0,1231,1020.7,0.0,9488,38.8,158.0,1.3
20.8,2024-03-24 04:18:52.268000+00:00,44.0,1231,1020.6,0.0,9488,38.9,120.0,0.6
20.9,2024-03-24 04:19:52.279000+00:00,43.0,1231,1020.5,0.0,9488,39.1,107.0,0.5
20.9,2024-03-24 04:20:52.279000+00:00,43.0,1231,1020.5,0.0,9488,39.1,132.0,1.1
20.8,2024-03-24 04:21:52.302000+00:00,42.0,1231,1020.5,0.0,9488,39.1,0.0,0.6
20.9,2024-03-24 04:22:52.317000+00:00,43.0,1231,1020.5,0.0,9488,39.1,144.0,1.2
20.8,2024-03-24 04:23:52.310000+00:00,43.0,1231,1020.4,0.0,9488,39.2,102.0,0.7
21.0,2024-03-24 04:24:52.305000+00:00,43.0,1231,1020.4,0.0,9488,39.1,144.0,1.0
21.0,2024-03-24 04:25:52.331000+00:00,43.0,1231,1020.3,0.0,9488,38.9,144.0,1.4
21.0,2024-03-24 04:26:52.340000+00:00,43.0,1231,1020.3,0.0,9488,38.8,149.0,1.4
21.0,2024-03-24 04:27:52.349000+00:00,43.0,1231,1020.4,0.0,9488,38.6,108.0,0.6
20.9,2024-03-24 04:28:52.349000+00:00,43.0,1231,1020.3,0.0,9488,38.6,0.0,0.5
21.0,2024-03-24 04:29:52.347000+00:00,44.0,1231,1020.3,0.0,9488,39.1,357.0,0.8
21.0,2024-03-24 04:30:52.347000+00:00,43.0,1231,1020.2,0.0,9488,39.1,94.0,1.0
21.0,2024-03-24 04:31:52.354000+00:00,43.0,1231,1020.2,0.0,9488,39.0,133.0,0.6
21.0,2024-03-24 04:32:52.362000+00:00,43.0,1231,1020.3,0.0,9488,38.7,142.0,1.3
21.0,2024-03-24 04:33:52.345000+00:00,43.0,1231,1020.2,0.0,9488,38.6,161.0,1.3
21.1,2024-03-24 04:34:52.356000+00:00,44.0,1231,1020.2,0.0,9488,38.7,154.0,1.2
21.0,2024-03-24 04:35:52.364000+00:00,44.0,1231,1020.3,0.0,9488,38.8,153.0,1.4
21.1,2024-03-24 04:36:52.365000+00:00,44.0,1231,1020.1,0.0,9488,38.9,101.0,0.9
21.1,2024-03-24 04:37:52.365000+00:00,44.0,1231,1020.1,0.0,9488,38.9,133.0,0.6
21.3,2024-03-24 04:38:52.404000+00:00,43.0,1231,1020.2,0.0,9488,38.9,150.0,0.9
21.4,2024-03-24 04:39:52.383000+00:00,43.0,1231,1020.2,0.0,9488,38.9,144.0,1.2
21.5,2024-03-24 04:40:52.401000+00:00,43.0,1231,1020.2,0.0,9488,38.9,154.0,1.1
21.4,2024-03-24 04:41:52.421000+00:00,43.0,1231,1020.2,0.0,9488,39.1,218.0,0.7
21.3,2024-03-24 04:42:52.419000+00:00,44.0,1231,1020.2,0.0,9488,38.9,147.0,2.0
21.3,2024-03-24 04:43:52.412000+00:00,43.0,1231,1020.3,0.0,9488,38.9,153.0,1.5
21.2,2024-03-24 04:44:52.418000+00:00,42.0,1231,1020.2,0.0,9488,38.8,147.0,0.7
21.2,2024-03-24 04:45:52.435000+00:00,43.0,1231,1020.3,0.0,9488,38.4,195.0,1.9
21.1,2024-03-24 04:46:52.455000+00:00,44.0,1231,1020.3,0.0,9488,38.4,50.0,0.9
21.2,2024-03-24 04:47:52.451000+00:00,43.0,1231,1020.3,0.0,9488,38.7,171.0,0.5
21.2,2024-03-24 04:48:52.458000+00:00,43.0,1231,1020.3,0.0,9488,38.6,297.0,1.8
21.2,2024-03-24 04:49:52.478000+00:00,44.0,1231,1020.3,0.0,9488,38.5,13.0,0.4
21.2,2024-03-24 04:50:52.473000+00:00,43.0,1231,1020.3,0.0,9488,38.6,140.0,0.0
21.2,2024-03-24 04:51:52.479000+00:00,43.0,1231,1020.3,0.0,9488,38.5,186.0,0.8
21.3,2024-03-24 04:52:52.481000+00:00,43.0,1231,1020.3,0.0,9488,38.2,116.0,1.0
21.4,2024-03-24 04:53:52.499000+00:00,43.0,1231,1020.2,0.0,9488,38.2,149.0,0.5
21.5,2024-03-24 04:54:52.501000+00:00,42.0,1231,1020.1,0.0,9488,38.4,145.0,1.8
21.4,2024-03-24 04:55:52.498000+00:00,43.0,1231,1020.2,0.0,9488,38.2,0.0,1.1
21.3,2024-03-24 04:56:52.486000+00:00,43.0,1231,1020.1,0.0,9488,38.0,151.0,1.0
21.3,2024-03-24 04:57:52.498000+00:00,44.0,1231,1020.1,0.0,9488,38.2,175.0,1.0
21.4,2024-03-24 04:58:52.489000+00:00,44.0,1231,1020.0,0.0,9488,38.5,151.0,1.4
21.5,2024-03-24 04:59:52.499000+00:00,43.0,1231,1020.0,0.0,9488,38.5,102.0,1.5
21.6,2024-03-24 05:00:52.501000+00:00,43.0,1231,1020.1,0.0,9488,38.0,157.0,0.9
21.7,2024-03-24 05:01:52.499000+00:00,43.0,1231,1020.0,0.0,9488,38.0,0.0,1.4
21.8,2024-03-24 05:02:52.503000+00:00,43.0,1231,1020.0,0.0,9488,38.0,157.0,0.7
21.8,2024-03-24 05:03:52.503000+00:00,43.0,1231,1020.0,0.0,9488,37.9,150.0,1.4
21.8,2024-03-24 05:04:52.521000+00:00,43.0,1231,1020.1,0.0,9488,37.9,164.0,1.2
21.7,2024-03-24 05:05:52.538000+00:00,44.0,1231,1019.9,0.0,9488,38.1,0.0,1.1
21.6,2024-03-24 05:06:52.545000+00:00,43.0,1231,1019.9,0.0,9488,38.2,39.0,0.3
21.6,2024-03-24 05:07:52.557000+00:00,43.0,1231,1019.9,0.0,9488,38.2,229.0,0.5
21.6,2024-03-24 05:08:52.558000+00:00,43.0,1231,1019.9,0.0,9488,37.6,152.0,2.2
21.7,2024-03-24 05:09:52.550000+00:00,42.0,1231,1019.9,0.0,9488,37.9,99.0,1.1
21.6,2024-03-24 05:10:52.557000+00:00,42.0,1231,1019.8,0.0,9488,37.9,154.0,0.9
21.7,2024-03-24 05:11:52.555000+00:00,44.0,1231,1019.8,0.0,9488,37.9,0.0,1.1
21.7,2024-03-24 05:12:52.557000+00:00,43.0,1231,1019.9,0.0,9488,37.9,147.0,0.8
21.8,2024-03-24 05:13:52.555000+00:00,42.0,1231,1019.8,0.0,9488,37.9,132.0,0.8
21.8,2024-03-24 05:14:52.548000+00:00,43.0,1231,1019.9,0.0,9488,37.9,148.0,0.6
21.9,2024-03-24 05:15:52.566000+00:00,42.0,1231,1019.8,0.0,9488,38.1,146.0,1.3
21.8,2024-03-24 05:16:52.548000+00:00,43.0,1231,1019.8,0.0,9488,38.0,0.0,0.9
21.9,2024-03-24 05:17:52.569000+00:00,42.0,1231,1019.8,0.0,9488,37.7,144.0,1.1
22.0,2024-03-24 05:18:52.569000+00:00,42.0,1231,1019.8,0.0,9488,37.5,161.0,1.5
21.9,2024-03-24 05:19:52.568000+00:00,42.0,1231,1019.9,0.0,9488,37.2,157.0,1.5
21.8,2024-03-24 05:20:52.558000+00:00,43.0,1231,1019.8,0.0,9488,37.2,184.0,1.9
21.6,2024-03-24 05:21:52.561000+00:00,43.0,1231,1019.8,0.0,9488,37.4,56.0,1.4
21.6,2024-03-24 05:22:52.566000+00:00,43.0,1231,1019.8,0.0,9488,37.4,162.0,1.3
21.5,2024-03-24 05:23:52.566000+00:00,43.0,1231,1019.8,0.0,9488,37.6,50.0,0.7
21.5,2024-03-24 05:24:52.575000+00:00,43.0,1231,1019.8,0.0,9488,36.9,154.0,0.9
21.5,2024-03-24 05:25:52.566000+00:00,42.0,1231,1019.8,0.0,9488,36.9,148.0,0.8
21.5,2024-03-24 05:26:52.581000+00:00,43.0,1231,1019.9,0.0,9488,36.9,163.0,1.0
21.5,2024-03-24 05:27:52.599000+00:00,44.0,1231,1019.8,0.0,9488,36.9,164.0,0.5
22.2,2024-04-07 04:01:42.291000+00:00,44.0,1232,1012.5,0.0,9496,39.4,179.0,2.1
22.1,2024-04-07 04:02:42.294000+00:00,44.0,1232,1012.5,0.0,9496,39.3,181.0,1.8
22.0,2024-04-07 04:03:42.292000+00:00,45.0,1232,1012.4,0.0,9496,39.2,170.0,1.8
22.0,2024-04-07 04:04:42.293000+00:00,45.0,1232,1012.4,0.0,9496,39.3,182.0,2.1
22.0,2024-04-07 04:05:42.293000+00:00,44.0,1232,1012.4,0.0,9496,39.1,196.0,2.2
22.0,2024-04-07 04:06:42.301000+00:00,44.0,1232,1012.4,0.0,9496,38.9,172.0,2.5
22.0,2024-04-07 04:07:42.295000+00:00,45.0,1232,1012.4,0.0,9496,38.9,171.0,2.7
22.1,2024-04-07 04:08:42.296000+00:00,45.0,1232,1012.5,0.0,9496,39.4,172.0,1.7
22.2,2024-04-07 04:09:42.301000+00:00,45.0,1232,1012.4,0.0,9496,39.4,172.0,2.0
22.0,2024-04-07 04:10:42.298000+00:00,44.0,1232,1012.4,0.0,9496,39.5,177.0,1.7
22.0,2024-04-07 04:11:42.303000+00:00,44.0,1232,1012.4,0.0,9496,39.5,167.0,1.7
22.1,2024-04-07 04:12:42.300000+00:00,45.0,1232,1012.4,0.0,9496,39.8,154.0,1.8
22.1,2024-04-07 04:13:42.300000+00:00,45.0,1232,1012.4,0.0,9496,39.7,169.0,1.4
22.2,2024-04-07 04:14:42.300000+00:00,45.0,1232,1012.3,0.0,9496,39.4,186.0,2.2
22.3,2024-04-07 04:15:42.301000+00:00,43.0,1232,1012.5,0.0,9496,39.4,193.0,2.4
22.1,2024-04-07 04:16:42.301000+00:00,43.0,1232,1012.5,0.0,9496,39.0,180.0,2.2
21.9,2024-04-07 04:17:42.303000+00:00,44.0,1232,1012.4,0.0,9496,39.1,192.0,2.2
22.0,2024-04-07 04:18:42.302000+00:00,42.0,1232,1012.4,0.0,9496,39.4,147.0,1.5
22.0,2024-04-07 04:19:42.303000+00:00,43.0,1232,1012.3,0.0,9496,39.4,185.0,1.7
22.0,2024-04-07 04:20:42.305000+00:00,42.0,1232,1012.3,0.0,9496,39.3,200.0,2.4
22.2,2024-04-07 04:21:42.306000+00:00,43.0,1232,1012.3,0.0,9496,39.5,191.0,2.1
22.2,2024-04-07 04:22:42.348000+00:00,43.0,1232,1012.3,0.0,9496,39.5,174.0,1.6
22.2,2024-04-07 04:23:42.309000+00:00,43.0,1232,1012.3,0.0,9496,39.8,191.0,2.3
22.1,2024-04-07 04:24:42.300000+00:00,43.0,1232,1012.3,0.0,9496,39.9,186.0,2.2
22.1,2024-04-07 04:25:42.312000+00:00,42.0,1232,1012.4,0.0,9496,39.7,194.0,2.1
22.0,2024-04-07 04:26:42.307000+00:00,41.0,1232,1012.3,0.0,9496,39.5,193.0,1.4
22.0,2024-04-07 04:27:42.308000+00:00,43.0,1232,1012.3,0.0,9496,39.3,201.0,1.5
22.1,2024-04-07 04:28:42.310000+00:00,42.0,1232,1012.2,0.0,9496,39.8,176.0,1.2
22.3,2024-04-07 04:29:42.310000+00:00,42.0,1232,1012.1,0.0,9496,40.0,167.0,1.3
22.3,2024-04-07 04:30:42.358000+00:00,41.0,1232,1012.2,0.0,9496,40.2,164.0,1.5
22.2,2024-04-07 04:31:42.313000+00:00,41.0,1232,1012.2,0.0,9496,40.2,146.0,1.5
22.2,2024-04-07 04:32:42.355000+00:00,40.0,1232,1012.2,0.0,9496,40.2,165.0,0.9
22.3,2024-04-07 04:33:42.315000+00:00,39.0,1232,1012.1,0.0,9496,39.7,168.0,1.8
22.1,2024-04-07 04:34:42.315000+00:00,38.0,1232,1012.2,0.0,9496,39.6,178.0,1.6
22.1,2024-04-07 04:35:42.314000+00:00,39.0,1232,1012.1,0.0,9496,39.6,212.0,1.5
22.2,2024-04-07 04:36:42.314000+00:00,41.0,1232,1012.1,0.0,9496,40.0,194.0,2.3
22.3,2024-04-07 04:37:42.316000+00:00,39.0,1232,1012.1,0.0,9496,39.9,203.0,2.9
22.1,2024-04-07 04:38:42.315000+00:00,39.0,1232,1012.1,0.0,9496,39.5,149.0,1.7
22.1,2024-04-07 04:39:42.319000+00:00,41.0,1232,1012.1,0.0,9496,39.5,205.0,1.2
22.2,2024-04-07 04:40:42.318000+00:00,42.0,1232,1012.1,0.0,9496,39.9,226.0,1.8
22.3,2024-04-07 04:41:42.317000+00:00,41.0,1232,1012.1,0.0,9496,39.9,183.0,1.0
22.4,2024-04-07 04:42:42.317000+00:00,42.0,1232,1012.1,0.0,9496,39.9,200.0,2.3
22.4,2024-04-07 04:43:42.319000+00:00,41.0,1232,1012.1,0.0,9496,40.4,201.0,3.4
22.2,2024-04-07 04:44:42.320000+00:00,41.0,1232,1012.1,0.0,9496,39.9,185.0,2.4
22.1,2024-04-07 04:45:42.321000+00:00,41.0,1232,1012.1,0.0,9496,40.4,183.0,2.2
22.1,2024-04-07 04:46:42.320000+00:00,40.0,1232,1012.1,0.0,9496,40.0,195.0,1.4
22.2,2024-04-07 04:47:42.321000+00:00,42.0,1232,1012.0,0.0,9496,40.2,179.0,1.8
22.3,2024-04-07 04:48:42.321000+00:00,42.0,1232,1012.1,0.0,9496,40.2,189.0,2.2
22.5,2024-04-07 04:49:42.322000+00:00,41.0,1232,1012.1,0.0,9496,39.7,173.0,1.4
22.4,2024-04-07 04:50:42.325000+00:00,41.0,1232,1012.1,0.0,9496,39.7,173.0,1.4
22.5,2024-04-07 04:51:42.325000+00:00,41.0,1232,1012.0,0.0,9496,39.7,147.0,1.4
22.5,2024-04-07 04:52:42.325000+00:00,41.0,1232,1012.1,0.0,9496,40.1,183.0,1.9
22.5,2024-04-07 04:53:42.325000+00:00,37.0,1232,1012.1,0.0,9496,40.3,199.0,1.8
22.5,2024-04-07 04:54:42.326000+00:00,39.0,1232,1012.1,0.0,9496,40.2,205.0,3.0
22.4,2024-04-07 04:55:42.326000+00:00,40.0,1232,1012.1,0.0,9496,40.4,197.0,2.1
22.2,2024-04-07 04:56:42.334000+00:00,40.0,1232,1012.1,0.0,9496,40.5,195.0,2.5
22.3,2024-04-07 04:57:42.328000+00:00,39.0,1232,1012.1,0.0,9496,40.3,209.0,2.3
22.3,2024-04-07 04:58:42.334000+00:00,40.0,1232,1012.1,0.0,9496,40.3,201.0,2.6
22.3,2024-04-07 04:59:42.328000+00:00,41.0,1232,1012.1,0.0,9496,40.3,217.0,3.3
22.3,2024-04-07 05:00:42.332000+00:00,39.0,1232,1012.0,0.0,9496,40.1,191.0,2.1
22.2,2024-04-07 05:01:42.332000+00:00,43.0,1232,1012.0,0.0,9496,40.1,171.0,1.9
22.1,2024-04-07 05:02:42.332000+00:00,43.0,1232,1012.1,0.0,9496,39.8,171.0,2.0
22.3,2024-04-07 05:03:42.331000+00:00,42.0,1232,1012.1,0.0,9496,40.0,181.0,1.5
22.5,2024-04-07 05:04:42.332000+00:00,42.0,1232,1012.1,0.0,9496,40.0,168.0,1.7
22.5,2024-04-07 05:05:42.332000+00:00,40.0,1232,1012.1,0.0,9496,40.0,193.0,1.4
22.5,2024-04-07 05:06:42.336000+00:00,39.0,1232,1012.1,0.0,9496,39.9,196.0,2.1
22.6,2024-04-07 05:07:42.335000+00:00,39.0,1232,1012.2,0.0,9496,39.9,166.0,2.6
22.6,2024-04-07 05:08:42.336000+00:00,38.0,1232,1012.1,0.0,9496,40.0,195.0,2.2
22.5,2024-04-07 05:09:42.336000+00:00,37.0,1232,1012.0,0.0,9496,39.9,195.0,2.4
22.4,2024-04-07 05:10:42.336000+00:00,40.0,1232,1012.1,0.0,9496,39.6,162.0,1.9
22.4,2024-04-07 05:11:42.339000+00:00,37.0,1232,1012.1,0.0,9496,39.7,162.0,1.1
22.5,2024-04-07 05:12:42.353000+00:00,35.0,1232,1012.2,0.0,9496,39.7,197.0,2.0
22.6,2024-04-07 05:13:42.358000+00:00,36.0,1232,1012.1,0.0,9496,39.5,187.0,2.3
22.5,2024-04-07 05:14:42.370000+00:00,37.0,1232,1012.1,0.0,9496,39.4,206.0,1.7
22.5,2024-04-07 05:15:42.387000+00:00,36.0,1232,1012.1,0.0,9496,39.4,197.0,2.9
22.5,2024-04-07 05:16:42.387000+00:00,37.0,1232,1012.2,0.0,9496,39.3,213.0,2.4
22.5,2024-04-07 05:17:42.387000+00:00,38.0,1232,1012.0,0.0,9496,39.5,194.0,1.8
22.5,2024-04-07 05:18:42.389000+00:00,38.0,1232,1012.1,0.0,9496,39.5,172.0,1.9
22.5,2024-04-07 05:19:42.390000+00:00,38.0,1232,1012.0,0.0,9496,39.7,192.0,2.1
22.6,2024-04-07 05:20:42.406000+00:00,37.0,1232,1012.1,0.0,9496,39.5,181.0,2.5
22.7,2024-04-07 05:21:42.427000+00:00,38.0,1232,1012.2,0.0,9496,39.2,211.0,2.5
22.7,2024-04-07 05:22:42.441000+00:00,39.0,1232,1012.2,0.0,9496,39.7,191.0,2.7
22.6,2024-04-07 05:23:42.437000+00:00,39.0,1232,1012.2,0.0,9496,39.7,191.0,2.7
22.5,2024-04-07 05:24:42.438000+00:00,36.0,1232,1012.1,0.0,9496,39.7,202.0,3.6
22.4,2024-04-07 05:25:42.446000+00:00,37.0,1232,1012.2,0.0,9496,39.5,198.0,3.3
22.5,2024-04-07 05:26:42.439000+00:00,38.0,1232,1012.1,0.0,9496,39.5,193.0,2.4
22.6,2024-04-07 05:27:42.440000+00:00,37.0,1232,1012.2,0.0,9496,39.1,185.0,2.6
22.7,2024-04-07 05:28:42.456000+00:00,36.0,1232,1012.2,0.0,9496,39.5,192.0,2.7
22.7,2024-04-07 05:29:42.474000+00:00,36.0,1232,1012.2,0.0,9496,39.5,201.0,3.0
22.6,2024-04-07 05:30:42.483000+00:00,33.0,1232,1012.2,0.0,9496,39.8,196.0,3.6
22.6,2024-04-07 05:31:42.475000+00:00,33.0,1232,1012.2,0.0,9496,39.5,191.0,3.1
22.6,2024-04-07 05:32:42.473000+00:00,32.0,1232,1012.3,0.0,9496,39.3,203.0,3.3
22.5,2024-04-07 05:33:42.474000+00:00,34.0,1232,1012.2,0.0,9496,39.1,199.0,3.5
22.5,2024-04-07 05:34:42.476000+00:00,35.0,1232,1012.2,0.0,9496,38.8,191.0,3.5
22.5,2024-04-07 05:35:42.479000+00:00,36.0,1232,1012.3,0.0,9496,38.8,220.0,2.9
22.4,2024-04-07 05:36:42.477000+00:00,37.0,1232,1012.3,0.0,9496,38.9,208.0,2.6
22.5,2024-04-07 05:37:42.477000+00:00,37.0,1232,1012.2,0.0,9496,39.0,216.0,3.1
22.5,2024-04-07 05:38:42.478000+00:00,37.0,1232,1012.1,0.0,9496,39.0,204.0,4.2
22.5,2024-04-07 05:39:42.481000+00:00,38.0,1232,1012.3,0.0,9496,39.0,195.0,3.0
22.5,2024-04-07 05:40:42.581000+00:00,39.0,1232,1012.2,0.0,9496,38.8,201.0,3.1
22.4,2024-04-07 05:41:42.495000+00:00,40.0,1232,1012.2,0.0,9496,38.8,201.0,2.8
22.3,2024-04-07 05:42:42.480000+00:00,40.0,1232,1012.2,0.0,9496,38.7,204.0,3.5
22.4,2024-04-07 05:43:42.483000+00:00,40.0,1232,1012.1,0.0,9496,38.7,207.0,3.6
22.3,2024-04-07 05:44:42.483000+00:00,38.0,1232,1012.2,0.0,9496,38.8,206.0,4.1
22.2,2024-04-07 05:45:42.488000+00:00,39.0,1232,1012.2,0.0,9496,38.9,212.0,4.1
22.1,2024-04-07 05:46:42.483000+00:00,40.0,1232,1012.3,0.0,9496,39.0,208.0,3.1
22.2,2024-04-07 05:47:42.485000+00:00,39.0,1232,1012.3,0.0,9496,39.0,196.0,3.2
22.1,2024-04-07 05:48:42.491000+00:00,38.0,1232,1012.3,0.0,9496,38.5,199.0,2.6
22.0,2024-04-07 05:49:42.486000+00:00,39.0,1232,1012.2,0.0,9496,37.8,185.0,2.9
21.9,2024-04-07 05:50:42.486000+00:00,40.0,1232,1012.3,0.0,9496,37.1,176.0,2.0
21.7,2024-04-07 05:51:42.487000+00:00,39.0,1232,1012.2,0.0,9496,36.7,173.0,2.6
21.6,2024-04-07 05:52:42.492000+00:00,40.0,1232,1012.3,0.0,9496,36.3,156.0,2.3
21.6,2024-04-07 05:53:42.489000+00:00,41.0,1232,1012.4,0.0,9496,36.6,173.0,1.7
21.6,2024-04-07 05:54:42.496000+00:00,40.0,1232,1012.3,0.0,9496,36.2,135.0,2.1
21.6,2024-04-07 05:55:42.509000+00:00,41.0,1232,1012.3,0.0,9496,36.1,183.0,1.4
21.5,2024-04-07 05:56:42.522000+00:00,41.0,1232,1012.4,0.0,9496,36.0,188.0,2.0
21.5,2024-04-07 05:57:42.541000+00:00,41.0,1232,1012.4,0.0,9496,35.2,168.0,2.3
21.3,2024-04-07 05:58:42.539000+00:00,42.0,1232,1012.4,0.0,9496,35.0,199.0,3.0
21.2,2024-04-07 05:59:42.538000+00:00,43.0,1232,1012.3,0.0,9496,34.9,170.0,2.4
21.1,2024-04-07 06:00:42.539000+00:00,43.0,1232,1012.4,0.0,9496,34.8,184.0,2.2
21.3,2024-04-07 06:01:42.540000+00:00,43.0,1232,1012.4,0.0,9496,34.6,152.0,2.2
21.2,2024-04-07 06:02:42.542000+00:00,43.0,1232,1012.5,0.0,9496,34.8,187.0,2.1
21.2,2024-04-07 06:03:42.560000+00:00,42.0,1232,1012.5,0.0,9496,34.5,197.0,2.7
21.1,2024-04-07 06:04:42.557000+00:00,44.0,1232,1012.5,0.0,9496,34.2,192.0,3.7
21.1,2024-04-07 06:05:42.560000+00:00,45.0,1232,1012.6,0.0,9496,34.3,201.0,3.3
21.0,2024-04-07 06:06:42.559000+00:00,45.0,1232,1012.7,0.0,9496,34.4,197.0,2.5
21.2,2024-04-07 06:07:42.562000+00:00,46.0,1232,1012.6,0.0,9496,35.2,195.0,3.3
21.2,2024-04-07 06:08:42.576000+00:00,46.0,1232,1012.5,0.0,9496,35.3,191.0,2.5
21.1,2024-04-07 06:09:42.592000+00:00,46.0,1232,1012.5,0.0,9496,35.4,204.0,2.1
21.0,2024-04-07 06:10:42.592000+00:00,46.0,1232,1012.5,0.0,9496,35.6,198.0,2.5
21.0,2024-04-07 06:11:42.601000+00:00,47.0,1232,1012.5,0.0,9496,35.6,186.0,2.1
21.1,2024-04-07 06:12:42.594000+00:00,46.0,1232,1012.6,0.0,9496,36.0,148.0,2.3
21.1,2024-04-07 06:13:42.611000+00:00,47.0,1232,1012.6,0.0,9496,36.0,182.0,2.0
21.3,2024-04-07 06:14:42.613000+00:00,46.0,1232,1012.5,0.0,9496,35.7,195.0,2.4
21.4,2024-04-07 06:15:42.611000+00:00,46.0,1232,1012.5,0.0,9496,35.5,186.0,2.8
21.4,2024-04-07 06:16:42.627000+00:00,47.0,1232,1012.5,0.0,9496,35.7,190.0,3.0
21.4,2024-04-07 06:17:42.629000+00:00,47.0,1232,1012.4,0.0,9496,36.3,185.0,3.5
21.5,2024-04-07 06:18:42.635000+00:00,47.0,1232,1012.5,0.0,9496,36.2,180.0,3.2
21.4,2024-04-07 06:19:42.629000+00:00,48.0,1232,1012.5,0.0,9496,36.4,191.0,1.6
21.4,2024-04-07 06:20:42.632000+00:00,48.0,1232,1012.5,0.0,9496,36.5,186.0,1.9
21.3,2024-04-07 06:21:42.632000+00:00,47.0,1232,1012.5,0.0,9496,36.5,199.0,2.0
21.3,2024-04-07 06:22:42.638000+00:00,47.0,1232,1012.6,0.0,9496,36.3,192.0,2.4
21.3,2024-04-07 06:23:42.642000+00:00,46.0,1232,1012.6,0.0,9496,36.5,156.0,2.3
21.4,2024-04-07 06:24:42.623000+00:00,47.0,1232,1012.5,0.0,9496,36.5,192.0,2.4
21.3,2024-04-07 06:25:42.640000+00:00,47.0,1232,1012.6,0.0,9496,36.7,191.0,2.1
21.2,2024-04-07 06:26:42.638000+00:00,47.0,1232,1012.6,0.0,9496,36.5,197.0,2.3
21.2,2024-04-07 06:27:42.639000+00:00,47.0,1232,1012.7,0.0,9496,36.2,185.0,2.9
21.0,2024-04-07 06:28:42.636000+00:00,48.0,1232,1012.7,0.0,9496,35.5,163.0,1.4
21.0,2024-04-07 06:29:42.638000+00:00,48.0,1232,1012.7,0.0,9496,35.1,191.0,1.4
20.9,2024-04-07 06:30:42.639000+00:00,48.0,1232,1012.7,0.0,9496,34.9,174.0,1.4
20.9,2024-04-07 06:31:42.658000+00:00,48.0,1232,1012.7,0.0,9496,34.6,164.0,1.6
20.9,2024-04-07 06:32:42.640000+00:00,48.0,1232,1012.7,0.0,9496,34.5,186.0,1.3
20.8,2024-04-07 06:33:42.634000+00:00,49.0,1232,1012.7,0.0,9496,34.5,145.0,1.5
20.6,2024-04-07 06:34:42.641000+00:00,50.0,1232,1012.7,0.0,9496,34.2,172.0,1.3
20.6,2024-04-07 06:35:42.641000+00:00,50.0,1232,1012.7,0.0,9496,34.0,206.0,1.8
20.6,2024-04-07 06:36:42.642000+00:00,51.0,1232,1012.8,0.0,9496,34.0,197.0,1.7
20.4,2024-04-07 06:37:42.656000+00:00,51.0,1232,1012.8,0.0,9496,33.1,194.0,2.6
20.4,2024-04-07 06:38:42.660000+00:00,52.0,1232,1012.8,0.0,9496,33.1,137.0,1.9
20.3,2024-04-07 06:39:42.675000+00:00,52.0,1232,1012.8,0.0,9496,33.3,166.0,1.2
20.3,2024-04-07 06:40:42.676000+00:00,52.0,1232,1012.8,0.0,9496,33.3,176.0,1.9
20.3,2024-04-07 06:41:42.690000+00:00,52.0,1232,1012.7,0.0,9496,33.1,188.0,1.3
20.1,2024-04-07 06:42:42.693000+00:00,52.0,1232,1012.8,0.0,9496,33.0,186.0,2.2
20.1,2024-04-07 06:43:42.693000+00:00,53.0,1232,1012.8,0.0,9496,32.9,185.0,2.1
20.0,2024-04-07 06:44:42.708000+00:00,53.0,1232,1012.9,0.0,9496,32.6,146.0,2.3
20.0,2024-04-07 06:45:42.724000+00:00,54.0,1232,1012.8,0.0,9496,32.5,197.0,2.0
19.9,2024-04-07 06:46:42.725000+00:00,54.0,1232,1012.8,0.0,9496,32.3,188.0,3.0
19.9,2024-04-07 06:47:42.743000+00:00,56.0,1232,1012.8,0.0,9496,32.2,197.0,1.7
19.8,2024-04-07 06:48:42.744000+00:00,56.0,1232,1012.8,0.0,9496,32.2,197.0,1.7
19.7,2024-04-07 06:49:42.747000+00:00,55.0,1232,1012.9,0.0,9496,32.7,192.0,0.9
19.8,2024-04-07 06:50:42.744000+00:00,54.0,1232,1012.9,0.0,9496,31.9,165.0,2.6
19.8,2024-04-07 06:51:42.747000+00:00,55.0,1232,1012.9,0.0,9496,31.8,177.0,2.1
19.8,2024-04-07 06:52:42.750000+00:00,56.0,1232,1012.9,0.0,9496,32.0,173.0,2.3
19.8,2024-04-07 06:53:42.777000+00:00,56.0,1232,1012.9,0.0,9496,32.0,203.0,2.2
19.8,2024-04-07 06:54:42.779000+00:00,56.0,1232,1012.8,0.0,9496,31.7,191.0,2.2
19.7,2024-04-07 06:55:42.777000+00:00,56.0,1232,1012.9,0.0,9496,31.3,182.0,1.7
19.6,2024-04-07 06:56:42.781000+00:00,56.0,1232,1012.9,0.0,9496,31.3,199.0,2.4
19.6,2024-04-07 06:57:42.783000+00:00,56.0,1232,1012.9,0.0,9496,31.3,196.0,2.6
19.5,2024-04-07 06:58:42.783000+00:00,57.0,1232,1012.8,0.0,9496,31.5,155.0,1.8
19.5,2024-04-07 06:59:42.782000+00:00,57.0,1232,1012.8,0.0,9496,31.5,155.0,1.8
19.5,2024-04-07 07:00:42.783000+00:00,56.0,1232,1012.8,0.0,9496,31.5,184.0,2.2
19.5,2024-04-07 07:01:42.783000+00:00,56.0,1232,1012.9,0.0,9496,31.8,181.0,2.7
19.0,2024-04-20 02:19:00.634000+00:00,76.0,1233,1007.3,0.0,9672,24.9,308.0,2.1
19.1,2024-04-20 02:20:00.651000+00:00,75.0,1233,1007.3,0.0,9672,25.1,302.0,2.4
19.1,2024-04-20 02:21:00.653000+00:00,74.0,1233,1007.2,0.0,9672,24.9,282.0,1.8
19.1,2024-04-20 02:22:00.641000+00:00,73.0,1233,1007.3,0.0,9672,24.8,296.0,3.1
19.2,2024-04-20 02:23:00.652000+00:00,73.0,1233,1007.3,0.0,9672,25.0,284.0,4.1
19.2,2024-04-20 02:24:00.671000+00:00,73.0,1233,1007.3,0.0,9672,25.5,293.0,3.6
19.1,2024-04-20 02:25:00.649000+00:00,74.0,1233,1007.3,0.0,9672,26.0,290.0,3.0
19.2,2024-04-20 02:26:00.653000+00:00,73.0,1233,1007.3,0.0,9672,26.0,280.0,2.7
19.2,2024-04-20 02:27:00.652000+00:00,73.0,1233,1007.2,0.0,9672,26.0,285.0,4.1
19.2,2024-04-20 02:28:00.658000+00:00,72.0,1233,1007.3,0.0,9672,25.5,287.0,4.5
19.2,2024-04-20 02:29:00.659000+00:00,72.0,1233,1007.2,0.0,9672,25.5,288.0,3.2
19.3,2024-04-20 02:30:00.666000+00:00,73.0,1233,1007.3,0.0,9672,25.5,291.0,3.3
19.3,2024-04-20 02:31:00.682000+00:00,72.0,1233,1007.3,0.0,9672,25.5,284.0,2.7
19.3,2024-04-20 02:32:00.707000+00:00,72.0,1233,1007.3,0.0,9672,25.1,297.0,3.0
19.4,2024-04-20 02:33:00.697000+00:00,72.0,1233,1007.4,0.0,9672,25.0,283.0,3.9
19.4,2024-04-20 02:34:00.740000+00:00,72.0,1233,1007.3,0.0,9672,25.0,277.0,3.1
19.4,2024-04-20 02:35:00.763000+00:00,72.0,1233,1007.3,0.0,9672,25.0,284.0,4.0
19.4,2024-04-20 02:36:00.743000+00:00,73.0,1233,1007.3,0.0,9672,25.0,279.0,2.5
19.4,2024-04-20 02:37:00.755000+00:00,72.0,1233,1007.2,0.0,9672,25.1,277.0,1.8
19.4,2024-04-20 02:38:00.764000+00:00,72.0,1233,1007.2,0.0,9672,25.9,250.0,2.2
19.5,2024-04-20 02:39:00.765000+00:00,71.0,1233,1007.2,0.0,9672,25.8,296.0,3.4
19.6,2024-04-20 02:40:00.761000+00:00,70.0,1233,1007.2,0.0,9672,25.9,301.0,3.4
19.6,2024-04-20 02:41:00.744000+00:00,71.0,1233,1007.2,0.0,9672,26.4,273.0,4.2
19.6,2024-04-20 02:42:00.772000+00:00,71.0,1233,1007.2,0.0,9672,27.5,266.0,3.7
19.6,2024-04-20 02:43:00.783000+00:00,71.0,1233,1007.1,0.0,9672,27.8,283.0,3.2
19.7,2024-04-20 02:44:00.791000+00:00,71.0,1233,1007.2,0.0,9672,27.8,287.0,1.8
19.8,2024-04-20 02:45:00.787000+00:00,70.0,1233,1007.1,0.0,9672,27.8,287.0,3.2
19.9,2024-04-20 02:46:00.787000+00:00,70.0,1233,1007.2,0.0,9672,27.4,290.0,2.2
19.9,2024-04-20 02:47:00.784000+00:00,70.0,1233,1007.1,0.0,9672,28.2,307.0,3.0
19.8,2024-04-20 02:48:00.797000+00:00,69.0,1233,1007.2,0.0,9672,27.9,281.0,3.9
19.8,2024-04-20 02:49:00.791000+00:00,69.0,1233,1007.2,0.0,9672,27.4,295.0,3.3
19.8,2024-04-20 02:50:00.789000+00:00,69.0,1233,1007.1,0.0,9672,27.2,288.0,3.5
19.8,2024-04-20 02:51:00.798000+00:00,69.0,1233,1007.1,0.0,9672,27.0,287.0,2.8
19.7,2024-04-20 02:52:00.796000+00:00,70.0,1233,1007.1,0.0,9672,27.0,298.0,2.9
19.8,2024-04-20 02:53:00.807000+00:00,69.0,1233,1007.1,0.0,9672,27.2,291.0,3.3
19.8,2024-04-20 02:54:00.788000+00:00,70.0,1233,1007.1,0.0,9672,27.3,288.0,2.1
19.9,2024-04-20 02:55:00.804000+00:00,69.0,1233,1007.1,0.0,9672,27.2,283.0,1.9
19.9,2024-04-20 02:56:00.817000+00:00,69.0,1233,1007.2,0.0,9672,27.4,284.0,1.5
19.9,2024-04-20 02:57:00.818000+00:00,68.0,1233,1007.1,0.0,9672,27.3,307.0,2.1
19.9,2024-04-20 02:58:00.832000+00:00,69.0,1233,1007.2,0.0,9672,27.3,299.0,2.4
19.9,2024-04-20 02:59:00.850000+00:00,69.0,1233,1007.1,0.0,9672,27.1,290.0,2.2
19.9,2024-04-20 03:00:00.850000+00:00,68.0,1233,1007.1,0.0,9672,27.0,316.0,3.0
20.0,2024-04-20 03:01:00.843000+00:00,68.0,1233,1007.1,0.0,9672,27.0,285.0,2.3
20.0,2024-04-20 03:02:00.851000+00:00,68.0,1233,1007.1,0.0,9672,27.0,276.0,2.4
19.9,2024-04-20 03:03:00.844000+00:00,68.0,1233,1007.1,0.0,9672,27.0,278.0,2.7
20.0,2024-04-20 03:04:00.851000+00:00,68.0,1233,1007.1,0.0,9672,27.0,267.0,2.6
20.0,2024-04-20 03:05:00.848000+00:00,68.0,1233,1007.1,0.0,9672,27.0,278.0,2.5
20.0,2024-04-20 03:06:00.850000+00:00,68.0,1233,1007.2,0.0,9672,27.5,280.0,3.0
20.0,2024-04-20 03:07:00.848000+00:00,68.0,1233,1007.1,0.0,9672,27.5,296.0,3.9
20.0,2024-04-20 03:08:00.843000+00:00,68.0,1233,1007.1,0.0,9672,27.4,288.0,2.4
20.0,2024-04-20 03:09:00.849000+00:00,68.0,1233,1007.1,0.0,9672,27.3,48.0,3.1
20.0,2024-04-20 03:10:00.858000+00:00,69.0,1233,1007.1,0.0,9672,27.5,300.0,2.5
20.0,2024-04-20 03:11:00.851000+00:00,68.0,1233,1007.2,0.0,9672,28.4,275.0,3.5
20.1,2024-04-20 03:12:00.860000+00:00,69.0,1233,1007.1,0.0,9672,28.4,284.0,2.5
20.1,2024-04-20 03:13:00.855000+00:00,68.0,1233,1007.0,0.0,9672,28.0,282.0,2.0
20.2,2024-04-20 03:14:00.852000+00:00,68.0,1233,1007.2,0.0,9672,27.8,282.0,2.9
20.1,2024-04-20 03:15:00.855000+00:00,68.0,1233,1007.1,0.0,9672,27.7,277.0,1.9
20.1,2024-04-20 03:16:00.861000+00:00,68.0,1233,1007.1,0.0,9672,27.8,7.0,1.7
20.1,2024-04-20 03:17:00.865000+00:00,68.0,1233,1007.1,0.0,9672,27.7,293.0,1.6
20.0,2024-04-20 03:18:00.888000+00:00,68.0,1233,1007.2,0.0,9672,27.7,267.0,1.7
20.1,2024-04-20 03:19:00.879000+00:00,67.0,1233,1007.2,0.0,9672,27.7,291.0,1.6
20.0,2024-04-20 03:20:00.883000+00:00,68.0,1233,1006.9,0.0,9672,27.8,280.0,2.3
20.1,2024-04-20 03:21:00.888000+00:00,67.0,1233,1007.1,0.0,9672,27.9,143.0,2.2
20.0,2024-04-20 03:22:00.901000+00:00,68.0,1233,1007.2,0.0,9672,27.9,275.0,1.6
20.0,2024-04-20 03:23:00.916000+00:00,67.0,1233,1007.1,0.0,9672,27.9,260.0,1.4
20.0,2024-04-20 03:24:00.930000+00:00,67.0,1233,1007.1,0.0,9672,27.9,279.0,1.7
20.0,2024-04-20 03:25:00.940000+00:00,67.0,1233,1007.1,0.0,9672,27.6,199.0,1.5
20.1,2024-04-20 03:26:00.940000+00:00,67.0,1233,1007.2,0.0,9672,27.7,279.0,1.0
20.1,2024-04-20 03:27:00.944000+00:00,67.0,1233,1007.2,0.0,9672,27.4,291.0,1.7
20.1,2024-04-20 03:28:00.936000+00:00,66.0,1233,1007.3,0.0,9672,27.4,0.0,3.7
20.1,2024-04-20 03:29:00.933000+00:00,67.0,1233,1007.2,0.0,9672,27.5,291.0,1.9
20.0,2024-04-20 03:30:00.940000+00:00,67.0,1233,1007.2,0.0,9672,27.7,237.0,1.2
20.0,2024-04-20 03:31:00.946000+00:00,68.0,1233,1007.2,0.0,9672,27.8,192.0,1.5
20.1,2024-04-20 03:32:00.951000+00:00,68.0,1233,1007.1,0.0,9672,27.7,283.0,1.0
20.0,2024-04-20 03:33:00.946000+00:00,67.0,1233,1007.1,0.0,9672,27.7,249.0,2.3
20.0,2024-04-20 03:34:00.948000+00:00,67.0,1233,1007.1,0.0,9672,27.7,271.0,2.7
20.0,2024-04-20 03:35:00.952000+00:00,68.0,1233,1007.0,0.0,9672,27.8,269.0,2.5
19.9,2024-04-20 03:36:00.950000+00:00,68.0,1233,1007.1,0.0,9672,28.1,295.0,1.1
20.0,2024-04-20 03:37:00.950000+00:00,68.0,1233,1007.2,0.0,9672,28.2,276.0,2.5
20.0,2024-04-20 03:38:00.945000+00:00,68.0,1233,1007.1,0.0,9672,28.9,273.0,1.6
19.1,2024-04-21 06:09:06.766000+00:00,65.0,1233,1011.9,0.0,9673,32.2,149.0,1.0
19.0,2024-04-21 06:10:06.770000+00:00,63.0,1233,1011.9,0.0,9673,32.1,151.0,2.1
19.1,2024-04-21 06:11:06.770000+00:00,64.0,1233,1011.8,0.0,9673,31.5,173.0,1.5
19.0,2024-04-21 06:12:06.770000+00:00,65.0,1233,1011.8,0.0,9673,31.7,171.0,1.3
19.0,2024-04-21 06:13:06.770000+00:00,66.0,1233,1011.8,0.0,9673,31.5,223.0,0.9
18.9,2024-04-21 06:14:06.761000+00:00,66.0,1233,1011.8,0.0,9673,31.5,174.0,0.6
18.9,2024-04-21 06:15:06.770000+00:00,66.0,1233,1011.7,0.0,9673,31.6,150.0,0.8
18.9,2024-04-21 06:16:06.772000+00:00,66.0,1233,1011.7,0.0,9673,31.9,143.0,1.1
19.0,2024-04-21 06:17:06.773000+00:00,65.0,1233,1011.7,0.0,9673,32.3,141.0,1.1
19.1,2024-04-21 06:18:06.775000+00:00,64.0,1233,1011.8,0.0,9673,31.9,188.0,1.8
19.1,2024-04-21 06:19:06.776000+00:00,64.0,1233,1011.7,0.0,9673,31.9,123.0,1.1
19.1,2024-04-21 06:20:06.776000+00:00,64.0,1233,1011.7,0.0,9673,31.9,148.0,1.4
19.1,2024-04-21 06:21:06.777000+00:00,65.0,1233,1011.6,0.0,9673,32.0,167.0,1.4
19.1,2024-04-21 06:22:06.776000+00:00,63.0,1233,1011.6,0.0,9673,31.8,143.0,1.6
19.0,2024-04-21 06:23:06.777000+00:00,65.0,1233,1011.7,0.0,9673,31.8,140.0,1.4
19.0,2024-04-21 06:24:06.777000+00:00,65.0,1233,1011.6,0.0,9673,31.7,163.0,1.9
19.0,2024-04-21 06:25:06.783000+00:00,65.0,1233,1011.6,0.0,9673,31.7,212.0,1.4
19.0,2024-04-21 06:26:06.778000+00:00,65.0,1233,1011.6,0.0,9673,31.5,180.0,1.0
18.9,2024-04-21 06:27:06.780000+00:00,65.0,1233,1011.6,0.0,9673,31.1,190.0,1.5
18.8,2024-04-21 06:28:06.782000+00:00,66.0,1233,1011.5,0.0,9673,31.0,183.0,1.4
18.8,2024-04-21 06:29:06.781000+00:00,66.0,1233,1011.5,0.0,9673,31.3,84.0,1.4
18.7,2024-04-21 06:30:06.822000+00:00,66.0,1233,1011.6,0.0,9673,31.3,162.0,0.9
18.8,2024-04-21 06:31:06.794000+00:00,65.0,1233,1011.6,0.0,9673,31.3,120.0,0.6
18.6,2024-04-21 06:32:06.798000+00:00,65.0,1233,1011.6,0.0,9673,31.3,215.0,0.8
18.6,2024-04-21 06:33:06.799000+00:00,65.0,1233,1011.5,0.0,9673,31.3,156.0,1.3
18.7,2024-04-21 06:34:06.815000+00:00,65.0,1233,1011.6,0.0,9673,31.3,206.0,1.0
18.7,2024-04-21 06:35:06.845000+00:00,65.0,1233,1011.5,0.0,9673,31.3,200.0,0.7
18.7,2024-04-21 06:36:06.852000+00:00,64.0,1233,1011.5,0.0,9673,31.3,127.0,0.5
18.8,2024-04-21 06:37:06.864000+00:00,65.0,1233,1011.5,0.0,9673,31.3,164.0,0.4
18.8,2024-04-21 06:38:06.880000+00:00,64.0,1233,1011.5,0.0,9673,31.3,93.0,1.4
18.8,2024-04-21 06:39:06.882000+00:00,64.0,1233,1011.5,0.0,9673,31.3,93.0,1.4
18.8,2024-04-21 06:40:06.882000+00:00,64.0,1233,1011.5,0.0,9673,31.3,129.0,0.8
18.8,2024-04-21 06:41:06.883000+00:00,65.0,1233,1011.5,0.0,9673,31.3,0.0,0.8
18.7,2024-04-21 06:42:06.880000+00:00,66.0,1233,1011.5,0.0,9673,31.3,142.0,0.6
18.8,2024-04-21 06:43:06.886000+00:00,64.0,1233,1011.4,0.0,9673,31.3,151.0,1.2
18.8,2024-04-21 06:44:06.900000+00:00,64.0,1233,1011.5,0.0,9673,31.3,132.0,1.1
18.8,2024-04-21 06:45:06.899000+00:00,64.0,1233,1011.6,0.0,9673,31.3,181.0,1.0
18.9,2024-04-21 06:46:06.903000+00:00,63.0,1233,1011.6,0.0,9673,30.4,180.0,1.2
18.9,2024-04-21 06:47:06.903000+00:00,64.0,1233,1011.6,0.0,9673,30.3,184.0,1.3
18.8,2024-04-21 06:48:06.921000+00:00,65.0,1233,1011.6,0.0,9673,30.6,228.0,1.1
18.8,2024-04-21 06:49:06.927000+00:00,65.0,1233,1011.6,0.0,9673,30.8,169.0,0.4
18.8,2024-04-21 06:50:06.925000+00:00,65.0,1233,1011.6,0.0,9673,30.6,201.0,1.0
18.9,2024-04-21 06:51:06.923000+00:00,65.0,1233,1011.6,0.0,9673,31.0,194.0,1.0
19.0,2024-04-21 06:52:06.922000+00:00,65.0,1233,1011.6,0.0,9673,30.7,305.0,1.1
18.9,2024-04-21 06:53:06.923000+00:00,65.0,1233,1011.7,0.0,9673,30.9,270.0,0.7
19.0,2024-04-21 06:54:06.939000+00:00,65.0,1233,1011.6,0.0,9673,31.2,240.0,0.9
18.9,2024-04-21 06:55:06.924000+00:00,65.0,1233,1011.6,0.0,9673,31.2,65.0,0.7
19.0,2024-04-21 06:56:06.925000+00:00,64.0,1233,1011.6,0.0,9673,31.2,133.0,0.6
18.9,2024-04-21 06:57:06.927000+00:00,64.0,1233,1011.6,0.0,9673,30.8,178.0,1.7
18.9,2024-04-21 06:58:06.925000+00:00,64.0,1233,1011.6,0.0,9673,30.6,195.0,1.3
18.8,2024-04-21 06:59:06.933000+00:00,65.0,1233,1011.7,0.0,9673,30.7,122.0,0.6
18.8,2024-04-21 07:00:06.930000+00:00,65.0,1233,1011.7,0.0,9673,30.8,129.0,1.2
18.8,2024-04-21 07:01:06.928000+00:00,65.0,1233,1011.6,0.0,9673,30.8,166.0,1.3
18.9,2024-04-21 07:02:06.928000+00:00,66.0,1233,1011.6,0.0,9673,30.6,171.0,1.4
18.9,2024-04-21 07:03:06.929000+00:00,65.0,1233,1011.6,0.0,9673,30.5,143.0,1.1
18.8,2024-04-21 07:04:06.929000+00:00,66.0,1233,1011.5,0.0,9673,30.3,122.0,1.4
18.8,2024-04-21 07:05:06.929000+00:00,66.0,1233,1011.5,0.0,9673,31.1,114.0,1.5
18.7,2024-04-21 07:06:06.932000+00:00,66.0,1233,1011.5,0.0,9673,31.3,175.0,1.1
18.7,2024-04-21 07:07:06.930000+00:00,65.0,1233,1011.5,0.0,9673,31.0,150.0,1.3
18.8,2024-04-21 07:08:06.933000+00:00,65.0,1233,1011.5,0.0,9673,30.4,0.0,1.0
18.8,2024-04-21 07:09:06.937000+00:00,65.0,1233,1011.4,0.0,9673,31.0,129.0,1.5
18.9,2024-04-21 07:10:06.931000+00:00,65.0,1233,1011.4,0.0,9673,30.6,126.0,2.4
19.0,2024-04-21 07:11:06.939000+00:00,65.0,1233,1011.5,0.0,9673,30.5,152.0,3.2
19.0,2024-04-21 07:12:06.936000+00:00,66.0,1233,1011.3,0.0,9673,30.7,94.0,1.6
19.0,2024-04-21 07:13:06.935000+00:00,66.0,1233,1011.3,0.0,9673,30.7,138.0,1.6
19.0,2024-04-21 07:14:06.934000+00:00,66.0,1233,1011.4,0.0,9673,31.0,129.0,2.1
19.0,2024-04-21 07:15:06.935000+00:00,66.0,1233,1011.4,0.0,9673,30.7,327.0,1.0
19.0,2024-04-21 07:16:06.928000+00:00,65.0,1233,1011.4,0.0,9673,30.7,249.0,1.8
19.0,2024-04-21 07:17:06.937000+00:00,65.0,1233,1011.4,0.0,9673,30.9,124.0,0.8
19.0,2024-04-21 07:18:06.937000+00:00,65.0,1233,1011.5,0.0,9673,30.7,136.0,2.3
19.0,2024-04-21 07:19:06.940000+00:00,65.0,1233,1011.4,0.0,9673,30.7,118.0,1.9
19.0,2024-04-21 07:20:06.940000+00:00,65.0,1233,1011.5,0.0,9673,30.6,144.0,2.3
19.0,2024-04-21 07:21:06.946000+00:00,65.0,1233,1011.4,0.0,9673,30.3,135.0,2.9
18.9,2024-04-21 07:22:06.949000+00:00,65.0,1233,1011.3,0.0,9673,30.2,126.0,3.2
18.9,2024-04-21 07:23:06.942000+00:00,66.0,1233,1011.3,0.0,9673,30.2,141.0,2.5
18.8,2024-04-21 07:24:06.941000+00:00,66.0,1233,1011.4,0.0,9673,30.5,242.0,1.0
18.8,2024-04-21 07:25:06.942000+00:00,66.0,1233,1011.4,0.0,9673,30.5,220.0,1.2
18.8,2024-04-21 07:26:06.943000+00:00,65.0,1233,1011.3,0.0,9673,30.5,145.0,2.1
18.9,2024-04-21 07:27:06.942000+00:00,66.0,1233,1011.4,0.0,9673,30.3,180.0,1.5
18.9,2024-04-21 07:28:06.945000+00:00,65.0,1233,1011.4,0.0,9673,30.3,137.0,1.3
18.8,2024-04-21 07:29:06.954000+00:00,66.0,1233,1011.3,0.0,9673,30.1,145.0,1.0
18.8,2024-04-21 07:30:06.947000+00:00,65.0,1233,1011.3,0.0,9673,30.1,180.0,2.7
18.8,2024-04-21 07:31:06.944000+00:00,66.0,1233,1011.3,0.0,9673,29.8,121.0,1.7
18.6,2024-04-21 07:32:06.946000+00:00,66.0,1233,1011.2,0.0,9673,29.8,246.0,2.5
18.6,2024-04-21 07:33:06.947000+00:00,67.0,1233,1011.2,0.0,9673,29.9,129.0,3.2
18.6,2024-04-21 07:34:06.952000+00:00,66.0,1233,1011.3,0.0,9673,29.7,135.0,1.6
18.6,2024-04-21 07:35:06.949000+00:00,67.0,1233,1011.3,0.0,9673,29.9,127.0,2.5
18.5,2024-04-21 07:36:06.948000+00:00,67.0,1233,1011.2,0.0,9673,29.9,132.0,2.7
18.6,2024-04-21 07:37:06.949000+00:00,67.0,1233,1011.2,0.0,9673,29.9,142.0,3.2
18.6,2024-04-21 07:38:06.958000+00:00,66.0,1233,1011.2,0.0,9673,29.9,121.0,3.1
18.7,2024-04-21 07:39:06.942000+00:00,66.0,1233,1011.2,0.0,9673,29.6,122.0,3.5
18.6,2024-04-21 07:40:07.004000+00:00,66.0,1233,1011.3,0.0,9673,29.6,130.0,2.6
18.6,2024-04-21 07:41:06.954000+00:00,66.0,1233,1011.4,0.0,9673,29.5,133.0,3.4
18.6,2024-04-21 07:42:06.953000+00:00,66.0,1233,1011.3,0.0,9673,29.5,119.0,2.5
18.6,2024-04-21 07:43:06.953000+00:00,66.0,1233,1011.3,0.0,9673,29.4,144.0,2.5
18.6,2024-04-21 07:44:06.954000+00:00,66.0,1233,1011.4,0.0,9673,29.4,127.0,2.7
18.6,2024-04-21 07:45:06.955000+00:00,67.0,1233,1011.3,0.0,9673,29.7,160.0,1.9
18.6,2024-04-21 07:46:06.955000+00:00,67.0,1233,1011.3,0.0,9673,29.7,145.0,1.0
18.6,2024-04-21 07:47:06.961000+00:00,67.0,1233,1011.3,0.0,9673,29.4,142.0,1.9
18.6,2024-04-21 07:48:06.960000+00:00,66.0,1233,1011.3,0.0,9673,29.4,104.0,2.0
18.6,2024-04-21 07:49:06.957000+00:00,66.0,1233,1011.3,0.0,9673,29.4,127.0,1.7
18.7,2024-04-21 07:50:06.957000+00:00,66.0,1233,1011.4,0.0,9673,29.4,139.0,2.7
18.7,2024-04-21 07:51:06.992000+00:00,66.0,1233,1011.3,0.0,9673,29.6,130.0,2.8
18.7,2024-04-21 07:52:06.961000+00:00,66.0,1233,1011.3,0.0,9673,29.5,149.0,2.6
18.6,2024-04-21 07:53:06.965000+00:00,66.0,1233,1011.3,0.0,9673,29.2,128.0,2.6
18.6,2024-04-21 07:54:06.976000+00:00,67.0,1233,1011.4,0.0,9673,29.2,168.0,2.7
18.6,2024-04-21 07:55:06.964000+00:00,66.0,1233,1011.3,0.0,9673,29.2,83.0,1.5
18.6,2024-04-21 07:56:06.980000+00:00,67.0,1233,1011.4,0.0,9673,29.2,153.0,1.1
18.6,2024-04-21 07:57:06.964000+00:00,67.0,1233,1011.4,0.0,9673,29.2,131.0,1.7
18.6,2024-04-21 07:58:06.956000+00:00,67.0,1233,1011.5,0.0,9673,29.2,120.0,1.7
18.5,2024-04-21 07:59:06.967000+00:00,67.0,1233,1011.4,0.0,9673,29.2,160.0,2.5
18.5,2024-04-21 08:00:06.970000+00:00,67.0,1233,1011.5,0.0,9673,29.1,128.0,1.7
18.4,2024-04-21 08:01:06.994000+00:00,67.0,1233,1011.5,0.0,9673,28.9,136.0,1.5
18.5,2024-04-21 08:02:06.970000+00:00,66.0,1233,1011.5,0.0,9673,29.1,208.0,1.3
18.5,2024-04-21 08:03:06.979000+00:00,67.0,1233,1011.6,0.0,9673,29.1,152.0,2.5
18.5,2024-04-21 08:04:06.974000+00:00,66.0,1233,1011.5,0.0,9673,28.8,227.0,1.8
18.3,2024-04-21 08:05:07.003000+00:00,67.0,1233,1011.4,0.0,9673,28.8,90.0,1.7
18.3,2024-04-21 08:06:07.003000+00:00,67.0,1233,1011.4,0.0,9673,28.8,180.0,0.9
18.4,2024-04-21 08:07:07.008000+00:00,67.0,1233,1011.4,0.0,9673,28.9,138.0,1.8
18.3,2024-04-21 08:08:07.009000+00:00,67.0,1233,1011.4,0.0,9673,28.9,119.0,2.0
18.3,2024-04-21 08:09:07.025000+00:00,67.0,1233,1011.2,0.0,9673,28.9,146.0,2.0
18.3,2024-04-21 08:10:07.038000+00:00,67.0,1233,1011.3,0.0,9673,28.9,114.0,2.1
18.4,2024-04-21 08:11:07.052000+00:00,67.0,1233,1011.4,0.0,9673,28.7,143.0,1.7
18.4,2024-04-21 08:12:07.070000+00:00,67.0,1233,1011.4,0.0,9673,28.7,145.0,2.1
18.4,2024-04-21 08:13:07.059000+00:00,67.0,1233,1011.3,0.0,9673,28.8,122.0,1.8
18.4,2024-04-21 08:14:07.061000+00:00,67.0,1233,1011.3,0.0,9673,28.5,182.0,2.2
18.4,2024-04-21 08:15:07.068000+00:00,67.0,1233,1011.4,0.0,9673,28.5,135.0,1.4
18.4,2024-04-21 08:16:07.071000+00:00,68.0,1233,1011.4,0.0,9673,28.4,120.0,2.7
18.4,2024-04-21 08:17:07.070000+00:00,68.0,1233,1011.4,0.0,9673,28.5,126.0,1.2
18.4,2024-04-21 08:18:07.090000+00:00,68.0,1233,1011.4,0.0,9673,28.3,140.0,1.3
18.4,2024-04-21 08:19:07.106000+00:00,68.0,1233,1011.4,0.0,9673,28.3,162.0,1.9
18.4,2024-04-21 08:20:07.103000+00:00,67.0,1233,1011.4,0.0,9673,28.4,146.0,1.5
18.4,2024-04-21 08:21:07.103000+00:00,67.0,1233,1011.4,0.0,9673,28.1,113.0,1.5
18.4,2024-04-21 08:22:07.105000+00:00,67.0,1233,1011.2,0.0,9673,28.2,126.0,2.1
18.4,2024-04-21 08:23:07.105000+00:00,67.0,1233,1011.2,0.0,9673,28.1,123.0,2.5
18.4,2024-04-21 08:24:07.112000+00:00,67.0,1233,1011.3,0.0,9673,27.9,100.0,2.4
18.4,2024-04-21 08:25:07.145000+00:00,67.0,1233,1011.2,0.0,9673,27.8,129.0,2.1
18.3,2024-04-21 08:26:07.118000+00:00,67.0,1233,1011.4,0.0,9673,27.7,134.0,3.0
18.3,2024-04-21 08:27:07.108000+00:00,67.0,1233,1011.4,0.0,9673,27.7,134.0,2.2
18.2,2024-04-21 08:28:07.109000+00:00,67.0,1233,1011.3,0.0,9673,27.6,129.0,1.7
18.2,2024-04-21 08:29:07.111000+00:00,67.0,1233,1011.3,0.0,9673,27.4,146.0,3.2
18.2,2024-04-21 08:30:07.109000+00:00,67.0,1233,1011.3,0.0,9673,27.4,108.0,2.8
18.2,2024-04-21 08:31:07.115000+00:00,68.0,1233,1011.3,0.0,9673,27.9,126.0,2.3
18.2,2024-04-21 08:32:07.111000+00:00,68.0,1233,1011.2,0.0,9673,28.0,129.0,2.1
18.2,2024-04-21 08:33:07.117000+00:00,68.0,1233,1011.3,0.0,9673,28.0,119.0,2.0
18.2,2024-04-21 08:34:07.111000+00:00,68.0,1233,1011.2,0.0,9673,27.7,140.0,3.3
18.2,2024-04-21 08:35:07.112000+00:00,67.0,1233,1011.3,0.0,9673,27.6,114.0,3.4
18.2,2024-04-21 08:36:07.104000+00:00,68.0,1233,1011.2,0.0,9673,27.6,135.0,3.2
18.2,2024-04-21 08:37:07.114000+00:00,68.0,1233,1011.3,0.0,9673,27.7,122.0,3.1
18.2,2024-04-21 08:38:07.120000+00:00,68.0,1233,1011.4,0.0,9673,27.6,154.0,1.1
18.2,2024-04-21 08:39:07.120000+00:00,68.0,1233,1011.4,0.0,9673,27.7,139.0,1.4
18.2,2024-04-21 08:40:07.122000+00:00,68.0,1233,1011.3,0.0,9673,27.9,115.0,0.9
18.2,2024-04-21 08:41:07.149000+00:00,68.0,1233,1011.4,0.0,9673,27.5,138.0,1.5
18.2,2024-04-21 08:42:07.164000+00:00,67.0,1233,1011.4,0.0,9673,27.4,138.0,1.5
18.2,2024-04-21 08:43:07.188000+00:00,67.0,1233,1011.4,0.0,9673,27.4,145.0,2.2
18.2,2024-04-21 08:44:07.182000+00:00,68.0,1233,1011.4,0.0,9673,27.3,150.0,1.1
18.1,2024-04-21 08:45:07.196000+00:00,68.0,1233,1011.4,0.0,9673,27.3,213.0,0.8
18.1,2024-04-21 08:46:07.197000+00:00,68.0,1233,1011.5,0.0,9673,27.3,133.0,0.8
18.1,2024-04-21 08:47:07.213000+00:00,68.0,1233,1011.5,0.0,9673,27.3,94.0,1.4
18.1,2024-04-21 08:48:07.215000+00:00,68.0,1233,1011.5,0.0,9673,27.5,139.0,1.8
18.1,2024-04-21 08:49:07.208000+00:00,68.0,1233,1011.5,0.0,9673,27.1,163.0,0.9
18.1,2024-04-21 08:50:07.213000+00:00,69.0,1233,1011.5,0.0,9673,27.1,155.0,1.0
18.0,2024-04-21 08:51:07.217000+00:00,69.0,1233,1011.5,0.0,9673,27.2,1.0,1.8
18.0,2024-04-21 08:52:07.218000+00:00,69.0,1233,1011.6,0.0,9673,27.1,145.0,0.7
18.0,2024-04-21 08:53:07.219000+00:00,69.0,1233,1011.6,0.0,9673,26.8,153.0,1.2
28.4,2024-05-04 15:19:59.897000+00:00,59.0,1234,1016.8,0.0,9506,40.0,160.0,3.5
28.4,2024-05-04 15:20:59.883000+00:00,58.0,1234,1016.8,0.0,9506,40.0,150.0,3.2
28.4,2024-05-04 15:21:59.890000+00:00,58.0,1234,1016.8,0.0,9506,40.0,169.0,3.0
28.2,2024-05-04 15:22:59.881000+00:00,57.0,1234,1016.9,0.0,9506,41.3,172.0,3.1
28.4,2024-05-04 15:23:59.891000+00:00,57.0,1234,1016.8,0.0,9506,41.3,147.0,3.6
28.4,2024-05-04 15:24:59.889000+00:00,55.0,1234,1016.8,0.0,9506,41.2,148.0,3.4
28.4,2024-05-04 15:25:59.891000+00:00,56.0,1234,1016.8,0.0,9506,42.1,148.0,3.1
28.3,2024-05-04 15:26:59.899000+00:00,55.0,1234,1016.9,0.0,9506,42.1,168.0,3.7
28.3,2024-05-04 15:27:59.897000+00:00,55.0,1234,1016.9,0.0,9506,41.1,162.0,3.6
28.3,2024-05-04 15:28:59.896000+00:00,55.0,1234,1016.9,0.0,9506,41.6,141.0,3.1
28.4,2024-05-04 15:29:59.894000+00:00,55.0,1234,1016.9,0.0,9506,42.4,162.0,3.3
28.5,2024-05-04 15:30:59.891000+00:00,54.0,1234,1016.9,0.0,9506,42.5,156.0,3.4
28.5,2024-05-04 15:31:59.898000+00:00,55.0,1234,1016.9,0.0,9506,42.4,149.0,2.9
28.5,2024-05-04 15:32:59.899000+00:00,55.0,1234,1016.9,0.0,9506,41.4,159.0,2.6
28.4,2024-05-04 15:33:59.898000+00:00,56.0,1234,1017.0,0.0,9506,42.4,165.0,3.2
28.5,2024-05-04 15:34:59.901000+00:00,55.0,1234,1016.9,0.0,9506,42.4,169.0,4.3
28.6,2024-05-04 15:35:59.882000+00:00,57.0,1234,1016.9,0.0,9506,42.4,153.0,3.8
28.5,2024-05-04 15:36:59.891000+00:00,58.0,1234,1016.8,0.0,9506,43.4,158.0,2.9
28.5,2024-05-04 15:37:59.901000+00:00,56.0,1234,1016.9,0.0,9506,43.4,151.0,3.1
28.5,2024-05-04 15:38:59.893000+00:00,57.0,1234,1016.9,0.0,9506,43.9,154.0,2.6
28.6,2024-05-04 15:39:59.899000+00:00,57.0,1234,1016.9,0.0,9506,44.3,149.0,2.5
28.6,2024-05-04 15:40:59.899000+00:00,56.0,1234,1016.8,0.0,9506,44.2,150.0,3.8
28.5,2024-05-04 15:41:59.929000+00:00,56.0,1234,1016.9,0.0,9506,44.2,167.0,3.2
28.5,2024-05-04 15:42:59.909000+00:00,55.0,1234,1017.0,0.0,9506,45.4,155.0,3.0
28.5,2024-05-04 15:43:59.909000+00:00,55.0,1234,1017.1,0.0,9506,45.4,143.0,2.4
28.6,2024-05-04 15:44:59.908000+00:00,55.0,1234,1016.9,0.0,9506,45.4,172.0,3.4
28.6,2024-05-04 15:45:59.902000+00:00,55.0,1234,1017.0,0.0,9506,45.4,163.0,3.8
28.6,2024-05-04 15:46:59.909000+00:00,55.0,1234,1017.0,0.0,9506,45.4,149.0,3.9
28.5,2024-05-04 15:47:59.908000+00:00,56.0,1234,1016.9,0.0,9506,45.6,149.0,4.0
28.6,2024-05-04 15:48:59.911000+00:00,56.0,1234,1016.9,0.0,9506,46.0,187.0,3.1
28.6,2024-05-04 15:49:59.899000+00:00,57.0,1234,1017.0,0.0,9506,45.8,163.0,2.5
28.6,2024-05-04 15:50:59.898000+00:00,55.0,1234,1017.0,0.0,9506,44.8,146.0,2.7
28.6,2024-05-04 15:51:59.908000+00:00,54.0,1234,1017.0,0.0,9506,42.8,139.0,3.5
28.6,2024-05-04 15:52:59.901000+00:00,54.0,1234,1016.9,0.0,9506,42.3,164.0,3.2
28.7,2024-05-04 15:53:59.928000+00:00,55.0,1234,1017.0,0.0,9506,44.0,150.0,3.1
28.7,2024-05-04 15:54:59.948000+00:00,55.0,1234,1017.1,0.0,9506,45.2,176.0,3.2
28.8,2024-05-04 15:55:59.961000+00:00,54.0,1234,1016.9,0.0,9506,45.4,162.0,3.9
28.9,2024-05-04 15:56:59.961000+00:00,54.0,1234,1016.9,0.0,9506,45.2,142.0,3.7
28.8,2024-05-04 15:57:59.969000+00:00,54.0,1234,1016.9,0.0,9506,45.0,148.0,2.9
28.8,2024-05-04 15:58:59.979000+00:00,55.0,1234,1016.8,0.0,9506,45.0,171.0,3.9
28.6,2024-05-04 15:59:59.981000+00:00,55.0,1234,1017.0,0.0,9506,45.4,126.0,3.0
28.7,2024-05-04 16:00:59.976000+00:00,55.0,1234,1016.9,0.0,9506,46.5,154.0,2.8
28.8,2024-05-04 16:01:59.976000+00:00,55.0,1234,1016.9,0.0,9506,46.5,160.0,3.2
28.8,2024-05-04 16:02:59.983000+00:00,54.0,1234,1016.9,0.0,9506,45.6,144.0,3.9
28.7,2024-05-04 16:04:00.021000+00:00,54.0,1234,1016.8,0.0,9506,45.6,174.0,4.0
28.6,2024-05-04 16:05:00.024000+00:00,55.0,1234,1016.7,0.0,9506,45.5,159.0,3.8
28.5,2024-05-04 16:06:00.022000+00:00,56.0,1234,1016.7,0.0,9506,45.7,143.0,3.6
28.5,2024-05-04 16:07:00.025000+00:00,56.0,1234,1016.8,0.0,9506,45.7,152.0,2.6
28.7,2024-05-04 16:08:00.035000+00:00,54.0,1234,1016.8,0.0,9506,46.2,145.0,3.4
28.7,2024-05-04 16:09:00.048000+00:00,55.0,1234,1016.6,0.0,9506,46.1,139.0,3.0
28.8,2024-05-04 16:10:00.040000+00:00,53.0,1234,1016.7,0.0,9506,45.1,144.0,3.0
28.8,2024-05-04 16:11:00.048000+00:00,56.0,1234,1016.6,0.0,9506,46.1,152.0,3.3
28.8,2024-05-04 16:11:12.984000+00:00,56.0,1234,1016.6,0.0,9506,46.1,152.0,3.3
28.7,2024-05-04 16:12:08.645000+00:00,57.0,1234,1016.6,0.0,9506,46.7,178.0,3.4
28.8,2024-05-04 16:13:08.670000+00:00,57.0,1234,1016.8,0.0,9506,47.2,152.0,2.7
28.8,2024-05-04 16:14:08.641000+00:00,57.0,1234,1016.7,0.0,9506,47.9,174.0,3.3
29.0,2024-05-04 16:15:08.680000+00:00,56.0,1234,1016.8,0.0,9506,47.4,178.0,3.1
29.1,2024-05-04 16:16:08.637000+00:00,58.0,1234,1016.7,0.0,9506,47.4,137.0,3.1
29.0,2024-05-04 16:17:08.662000+00:00,58.0,1234,1016.7,0.0,9506,47.4,140.0,3.1
29.1,2024-05-04 16:18:08.678000+00:00,58.0,1234,1016.8,0.0,9506,47.0,158.0,3.6
29.2,2024-05-04 16:20:48.391000+00:00,58.0,1234,1016.7,0.0,9506,47.7,174.0,2.8
29.1,2024-05-04 16:21:00.684000+00:00,58.0,1234,1016.8,0.0,9506,47.9,152.0,3.5
29.0,2024-05-04 16:22:00.702000+00:00,56.0,1234,1016.8,0.0,9506,48.0,143.0,2.7
29.0,2024-05-04 16:23:00.703000+00:00,57.0,1234,1016.8,0.0,9506,48.0,140.0,3.6
29.0,2024-05-04 16:24:00.704000+00:00,57.0,1234,1016.8,0.0,9506,48.2,169.0,3.0
29.0,2024-05-04 16:25:00.690000+00:00,58.0,1234,1016.7,0.0,9506,48.2,167.0,3.5
29.0,2024-05-04 16:26:00.711000+00:00,59.0,1234,1016.8,0.0,9506,48.9,49.0,3.9
28.9,2024-05-04 16:27:00.700000+00:00,58.0,1234,1016.8,0.0,9506,49.2,149.0,2.6
28.9,2024-05-04 16:28:00.699000+00:00,56.0,1234,1016.7,0.0,9506,48.9,176.0,3.5
29.2,2024-05-04 16:29:00.707000+00:00,56.0,1234,1016.9,0.0,9506,46.9,142.0,2.7
29.1,2024-05-04 16:30:00.704000+00:00,56.0,1234,1016.9,0.0,9506,46.9,154.0,2.1
28.9,2024-05-04 16:31:00.706000+00:00,56.0,1234,1016.9,0.0,9506,46.9,189.0,2.2
29.0,2024-05-04 16:32:00.704000+00:00,57.0,1234,1016.8,0.0,9506,45.2,151.0,1.2
28.9,2024-05-04 16:33:00.706000+00:00,56.0,1234,1016.8,0.0,9506,44.3,118.0,1.9
28.8,2024-05-04 16:34:00.711000+00:00,56.0,1234,1016.8,0.0,9506,44.3,118.0,1.9
28.9,2024-05-04 16:35:00.710000+00:00,56.0,1234,1016.8,0.0,9506,43.7,151.0,2.3
28.8,2024-05-04 16:36:00.705000+00:00,57.0,1234,1016.9,0.0,9506,42.8,149.0,3.3
28.8,2024-05-04 16:37:00.713000+00:00,58.0,1234,1016.8,0.0,9506,43.4,127.0,2.4
28.8,2024-05-04 16:38:00.700000+00:00,58.0,1234,1016.8,0.0,9506,44.0,141.0,1.5
28.9,2024-05-04 16:39:00.713000+00:00,57.0,1234,1016.8,0.0,9506,44.0,135.0,2.6
28.8,2024-05-04 16:40:00.710000+00:00,57.0,1234,1016.8,0.0,9506,44.0,142.0,2.5
28.7,2024-05-04 16:41:00.717000+00:00,56.0,1234,1016.8,0.0,9506,43.2,136.0,3.0
28.6,2024-05-05 19:08:07.156000+00:00,57.0,1234,1017.0,0.0,9507,46.4,166.0,3.3
28.8,2024-05-05 19:09:07.158000+00:00,57.0,1234,1017.0,0.0,9507,47.2,163.0,3.4
28.6,2024-05-05 19:10:07.157000+00:00,57.0,1234,1017.0,0.0,9507,47.6,169.0,3.4
28.5,2024-05-05 19:11:07.157000+00:00,57.0,1234,1016.9,0.0,9507,47.5,145.0,3.6
28.5,2024-05-05 19:12:07.157000+00:00,57.0,1234,1016.9,0.0,9507,46.4,147.0,4.0
28.6,2024-05-05 19:13:07.158000+00:00,58.0,1234,1016.8,0.0,9507,47.1,161.0,3.2
28.5,2024-05-05 19:14:07.158000+00:00,58.0,1234,1016.9,0.0,9507,47.6,155.0,3.1
28.5,2024-05-05 19:15:07.160000+00:00,57.0,1234,1016.9,0.0,9507,48.3,154.0,3.2
28.6,2024-05-05 19:16:07.163000+00:00,58.0,1234,1016.8,0.0,9507,48.4,147.0,3.0
28.6,2024-05-05 19:17:07.160000+00:00,58.0,1234,1016.8,0.0,9507,48.0,164.0,2.4
28.6,2024-05-05 19:18:07.161000+00:00,58.0,1234,1016.7,0.0,9507,45.9,149.0,2.0
28.6,2024-05-05 19:19:07.163000+00:00,58.0,1234,1016.8,0.0,9507,45.9,131.0,3.8
28.7,2024-05-05 19:20:07.162000+00:00,58.0,1234,1016.7,0.0,9507,45.9,142.0,2.6
28.9,2024-05-05 19:21:07.165000+00:00,56.0,1234,1016.7,0.0,9507,47.1,164.0,2.4
29.0,2024-05-05 19:22:07.168000+00:00,56.0,1234,1016.7,0.0,9507,47.9,163.0,3.3
29.0,2024-05-05 19:23:07.165000+00:00,56.0,1234,1016.7,0.0,9507,48.4,144.0,3.5
28.9,2024-05-05 19:24:07.166000+00:00,56.0,1234,1016.8,0.0,9507,48.1,153.0,3.7
28.9,2024-05-05 19:25:07.166000+00:00,57.0,1234,1016.8,0.0,9507,48.1,146.0,3.6
28.9,2024-05-05 19:26:07.166000+00:00,57.0,1234,1016.8,0.0,9507,48.4,141.0,3.2
29.0,2024-05-05 19:27:07.156000+00:00,58.0,1234,1016.6,0.0,9507,48.8,135.0,2.8
29.0,2024-05-05 19:28:07.169000+00:00,57.0,1234,1016.7,0.0,9507,49.1,136.0,3.0
29.0,2024-05-05 19:29:07.176000+00:00,57.0,1234,1016.6,0.0,9507,48.6,151.0,4.1
28.8,2024-05-05 19:30:07.169000+00:00,57.0,1234,1016.7,0.0,9507,49.1,156.0,3.4
28.6,2024-05-05 19:31:07.181000+00:00,56.0,1234,1016.7,0.0,9507,49.1,134.0,3.1
28.6,2024-05-05 19:32:07.170000+00:00,56.0,1234,1016.7,0.0,9507,46.8,173.0,3.0
28.7,2024-05-05 19:33:07.174000+00:00,56.0,1234,1016.6,0.0,9507,48.0,136.0,3.1
28.7,2024-05-05 19:34:07.174000+00:00,56.0,1234,1016.5,0.0,9507,49.0,153.0,3.1
28.8,2024-05-05 19:35:07.173000+00:00,56.0,1234,1016.6,0.0,9507,48.3,136.0,3.2
28.8,2024-05-05 19:36:07.173000+00:00,57.0,1234,1016.6,0.0,9507,46.7,144.0,3.5
28.7,2024-05-05 19:37:07.174000+00:00,58.0,1234,1016.6,0.0,9507,46.4,144.0,3.2
28.6,2024-05-05 19:38:07.167000+00:00,58.0,1234,1016.6,0.0,9507,46.3,143.0,2.7
28.5,2024-05-05 19:39:07.180000+00:00,57.0,1234,1016.5,0.0,9507,45.2,144.0,3.1
28.5,2024-05-05 19:40:07.180000+00:00,57.0,1234,1016.5,0.0,9507,44.2,142.0,3.0
28.5,2024-05-05 19:41:07.177000+00:00,57.0,1234,1016.5,0.0,9507,44.2,164.0,2.8
28.5,2024-05-05 19:42:07.177000+00:00,58.0,1234,1016.4,0.0,9507,44.9,139.0,2.4
28.5,2024-05-05 19:43:07.178000+00:00,58.0,1234,1016.4,0.0,9507,45.1,149.0,2.1
28.6,2024-05-05 19:44:07.182000+00:00,57.0,1234,1016.4,0.0,9507,45.1,173.0,2.4
28.6,2024-05-05 19:45:07.181000+00:00,56.0,1234,1016.4,0.0,9507,45.1,155.0,3.5
28.6,2024-05-05 19:46:07.186000+00:00,56.0,1234,1016.4,0.0,9507,44.1,163.0,2.7
28.6,2024-05-05 19:47:07.184000+00:00,56.0,1234,1016.4,0.0,9507,44.3,137.0,3.0
28.6,2024-05-05 19:48:07.183000+00:00,57.0,1234,1016.4,0.0,9507,45.8,141.0,2.6
28.7,2024-05-05 19:49:07.182000+00:00,57.0,1234,1016.4,0.0,9507,46.8,169.0,2.4
28.6,2024-05-05 19:50:07.184000+00:00,56.0,1234,1016.4,0.0,9507,47.3,155.0,2.7
28.6,2024-05-05 19:51:07.187000+00:00,56.0,1234,1016.4,0.0,9507,47.9,142.0,3.3
28.5,2024-05-05 19:52:07.186000+00:00,57.0,1234,1016.4,0.0,9507,48.0,144.0,2.7
28.5,2024-05-05 19:53:07.185000+00:00,57.0,1234,1016.5,0.0,9507,46.6,157.0,3.2
28.4,2024-05-05 19:54:07.186000+00:00,57.0,1234,1016.4,0.0,9507,46.4,165.0,3.0
28.5,2024-05-05 19:55:07.184000+00:00,57.0,1234,1016.4,0.0,9507,46.4,134.0,2.8
28.6,2024-05-05 19:56:07.178000+00:00,58.0,1234,1016.3,0.0,9507,45.6,163.0,3.7
28.4,2024-05-05 19:57:07.190000+00:00,57.0,1234,1016.3,0.0,9507,45.2,153.0,3.9
28.4,2024-05-05 19:58:07.190000+00:00,57.0,1234,1016.3,0.0,9507,43.0,144.0,3.6
28.3,2024-05-05 19:59:07.192000+00:00,58.0,1234,1016.3,0.0,9507,42.9,150.0,2.7
28.3,2024-05-05 20:00:07.211000+00:00,58.0,1234,1016.2,0.0,9507,43.5,163.0,2.8
28.4,2024-05-05 20:01:07.206000+00:00,58.0,1234,1016.3,0.0,9507,45.6,150.0,2.7
28.4,2024-05-05 20:02:07.227000+00:00,57.0,1234,1016.3,0.0,9507,45.9,174.0,2.7
28.5,2024-05-05 20:03:07.244000+00:00,57.0,1234,1016.4,0.0,9507,46.2,144.0,2.8
28.5,2024-05-05 20:04:07.240000+00:00,57.0,1234,1016.4,0.0,9507,45.9,148.0,2.9
28.6,2024-05-05 20:05:07.250000+00:00,58.0,1234,1016.3,0.0,9507,44.7,150.0,3.4
28.6,2024-05-05 20:06:07.273000+00:00,57.0,1234,1016.3,0.0,9507,43.5,153.0,3.5
28.6,2024-05-05 20:07:07.289000+00:00,58.0,1234,1016.3,0.0,9507,42.3,150.0,2.5
28.7,2024-05-05 20:08:07.288000+00:00,59.0,1234,1016.3,0.0,9507,44.2,167.0,2.4
28.7,2024-05-05 20:09:07.291000+00:00,58.0,1234,1016.3,0.0,9507,45.4,140.0,3.0
28.8,2024-05-05 20:10:07.291000+00:00,57.0,1234,1016.3,0.0,9507,45.6,152.0,3.5
28.9,2024-05-05 20:11:07.297000+00:00,57.0,1234,1016.3,0.0,9507,45.5,148.0,3.0
28.9,2024-05-05 20:12:07.324000+00:00,57.0,1234,1016.3,0.0,9507,45.5,173.0,3.4
29.0,2024-05-05 20:13:07.325000+00:00,58.0,1234,1016.3,0.0,9507,45.5,135.0,2.7
29.0,2024-05-05 20:14:07.326000+00:00,58.0,1234,1016.3,0.0,9507,46.4,148.0,3.5
28.9,2024-05-05 20:15:07.325000+00:00,58.0,1234,1016.4,0.0,9507,46.8,174.0,2.4
28.8,2024-05-05 20:16:07.324000+00:00,57.0,1234,1016.5,0.0,9507,46.8,152.0,3.5
29.0,2024-05-05 20:17:07.328000+00:00,58.0,1234,1016.3,0.0,9507,46.5,180.0,3.9
28.8,2024-05-05 20:18:07.328000+00:00,59.0,1234,1016.2,0.0,9507,44.7,155.0,3.6
28.8,2024-05-05 20:19:07.328000+00:00,59.0,1234,1016.4,0.0,9507,44.7,177.0,3.7
28.9,2024-05-05 20:20:07.326000+00:00,60.0,1234,1016.3,0.0,9507,44.7,160.0,4.4
28.7,2024-05-05 20:21:07.329000+00:00,61.0,1234,1016.3,0.0,9507,45.1,142.0,3.4
28.7,2024-05-05 20:22:07.330000+00:00,60.0,1234,1016.2,0.0,9507,45.5,152.0,3.7
28.8,2024-05-05 20:23:07.335000+00:00,59.0,1234,1016.4,0.0,9507,45.2,146.0,3.7
28.8,2024-05-05 20:24:07.332000+00:00,59.0,1234,1016.2,0.0,9507,45.4,160.0,3.9
28.8,2024-05-05 20:25:07.336000+00:00,60.0,1234,1016.3,0.0,9507,45.5,170.0,3.4
28.8,2024-05-05 20:26:07.333000+00:00,60.0,1234,1016.4,0.0,9507,46.1,165.0,3.6
28.7,2024-05-05 20:27:07.334000+00:00,60.0,1234,1016.3,0.0,9507,45.5,153.0,2.9
28.5,2024-05-05 20:28:07.335000+00:00,60.0,1234,1016.3,0.0,9507,46.5,172.0,2.1
28.4,2024-05-05 20:29:07.339000+00:00,60.0,1234,1016.2,0.0,9507,47.4,142.0,3.0
28.4,2024-05-05 20:30:07.341000+00:00,60.0,1234,1016.3,0.0,9507,47.5,182.0,1.9
28.6,2024-05-05 20:31:07.337000+00:00,58.0,1234,1016.3,0.0,9507,47.5,144.0,3.9
28.6,2024-05-05 20:32:07.337000+00:00,59.0,1234,1016.4,0.0,9507,46.1,140.0,3.6
28.5,2024-05-05 20:33:07.337000+00:00,60.0,1234,1016.3,0.0,9507,44.7,164.0,3.4
28.4,2024-05-05 20:34:07.339000+00:00,60.0,1234,1016.4,0.0,9507,44.5,158.0,2.0
28.3,2024-05-05 20:35:07.342000+00:00,59.0,1234,1016.4,0.0,9507,44.5,81.0,2.8
28.4,2024-05-05 20:36:07.343000+00:00,61.0,1234,1016.4,0.0,9507,45.7,147.0,2.3
28.4,2024-05-05 20:37:07.342000+00:00,60.0,1234,1016.4,0.0,9507,45.7,149.0,3.5
28.4,2024-05-05 20:38:07.355000+00:00,59.0,1234,1016.4,0.0,9507,45.7,171.0,3.4
28.4,2024-05-05 20:39:07.332000+00:00,59.0,1234,1016.4,0.0,9507,45.4,150.0,2.7
28.5,2024-05-05 20:40:07.346000+00:00,59.0,1234,1016.3,0.0,9507,45.4,176.0,2.4
28.5,2024-05-05 20:41:07.344000+00:00,60.0,1234,1016.3,0.0,9507,45.5,174.0,2.8
28.5,2024-05-05 20:42:07.344000+00:00,60.0,1234,1016.3,0.0,9507,45.6,173.0,3.4
28.5,2024-05-05 20:43:07.346000+00:00,60.0,1234,1016.3,0.0,9507,45.6,133.0,2.5
28.5,2024-05-05 20:44:07.347000+00:00,61.0,1234,1016.3,0.0,9507,45.4,136.0,2.3
28.6,2024-05-05 20:45:07.346000+00:00,60.0,1234,1016.2,0.0,9507,44.4,154.0,3.1
28.7,2024-05-05 20:46:07.348000+00:00,59.0,1234,1016.2,0.0,9507,44.2,126.0,4.4
28.8,2024-05-05 20:47:07.345000+00:00,60.0,1234,1016.2,0.0,9507,44.6,152.0,2.8
28.7,2024-05-05 20:48:07.348000+00:00,60.0,1234,1016.3,0.0,9507,45.1,136.0,3.3
28.7,2024-05-05 20:49:07.347000+00:00,60.0,1234,1016.2,0.0,9507,44.9,176.0,3.6
28.6,2024-05-05 20:50:07.338000+00:00,60.0,1234,1016.2,0.0,9507,44.6,173.0,3.2
28.3,2024-05-05 20:51:07.354000+00:00,60.0,1234,1016.3,0.0,9507,43.2,158.0,4.0
28.2,2024-05-05 20:52:07.351000+00:00,62.0,1234,1016.3,0.0,9507,42.1,166.0,3.0
28.1,2024-05-05 20:53:07.350000+00:00,62.0,1234,1016.3,0.0,9507,42.1,148.0,3.2
28.3,2024-05-05 20:54:07.370000+00:00,61.0,1234,1016.3,0.0,9507,43.6,168.0,3.8
28.4,2024-05-05 20:55:07.350000+00:00,61.0,1234,1016.4,0.0,9507,44.0,158.0,3.1
28.4,2024-05-05 20:56:07.351000+00:00,61.0,1234,1016.4,0.0,9507,44.5,200.0,2.6
28.3,2024-05-05 20:57:07.355000+00:00,61.0,1234,1016.4,0.0,9507,44.5,174.0,1.8
28.5,2024-05-05 20:58:07.357000+00:00,59.0,1234,1016.4,0.0,9507,42.6,141.0,2.6
28.5,2024-05-05 20:59:07.364000+00:00,61.0,1234,1016.3,0.0,9507,42.6,171.0,3.4
28.4,2024-05-05 21:00:07.355000+00:00,61.0,1234,1016.4,0.0,9507,42.7,130.0,2.9
28.4,2024-05-05 21:01:07.363000+00:00,61.0,1234,1016.5,0.0,9507,42.8,172.0,2.4
28.3,2024-05-05 21:02:07.358000+00:00,61.0,1234,1016.5,0.0,9507,42.3,144.0,3.4
28.3,2024-05-05 21:03:07.356000+00:00,61.0,1234,1016.4,0.0,9507,41.2,155.0,2.2
28.0,2024-05-05 21:04:07.358000+00:00,62.0,1234,1016.5,0.0,9507,40.6,169.0,2.6
27.9,2024-05-05 21:05:07.358000+00:00,61.0,1234,1016.6,0.0,9507,40.2,137.0,2.9
27.9,2024-05-05 21:06:07.361000+00:00,62.0,1234,1016.4,0.0,9507,40.9,147.0,2.5
28.0,2024-05-05 21:07:07.361000+00:00,62.0,1234,1016.5,0.0,9507,41.6,142.0,2.9
28.1,2024-05-05 21:08:07.361000+00:00,62.0,1234,1016.4,0.0,9507,42.4,164.0,3.3
28.3,2024-05-05 21:09:07.361000+00:00,62.0,1234,1016.4,0.0,9507,42.6,155.0,3.7
28.4,2024-05-05 21:10:07.362000+00:00,63.0,1234,1016.5,0.0,9507,42.6,161.0,3.1
28.4,2024-05-05 21:11:07.356000+00:00,62.0,1234,1016.5,0.0,9507,43.2,140.0,3.5
28.4,2024-05-05 21:12:07.355000+00:00,62.0,1234,1016.5,0.0,9507,42.3,139.0,3.7
28.3,2024-05-05 21:13:07.364000+00:00,62.0,1234,1016.5,0.0,9507,41.6,159.0,3.3
28.2,2024-05-05 21:14:07.363000+00:00,62.0,1234,1016.5,0.0,9507,41.2,176.0,3.2
28.1,2024-05-05 21:15:07.365000+00:00,62.0,1234,1016.4,0.0,9507,41.2,127.0,2.8
28.1,2024-05-05 21:16:07.366000+00:00,62.0,1234,1016.5,0.0,9507,41.6,157.0,2.7
28.1,2024-05-05 21:17:07.366000+00:00,61.0,1234,1016.5,0.0,9507,41.9,156.0,3.0
28.2,2024-05-05 21:18:07.369000+00:00,61.0,1234,1016.5,0.0,9507,41.8,146.0,4.2
28.2,2024-05-05 21:19:07.373000+00:00,61.0,1234,1016.6,0.0,9507,41.0,148.0,3.9
28.1,2024-05-05 21:20:07.370000+00:00,62.0,1234,1016.6,0.0,9507,40.6,144.0,2.8
28.2,2024-05-05 21:21:07.369000+00:00,61.0,1234,1016.6,0.0,9507,40.7,117.0,2.6
28.2,2024-05-05 21:22:07.370000+00:00,62.0,1234,1016.6,0.0,9507,39.8,149.0,3.0
28.2,2024-05-05 21:23:07.372000+00:00,63.0,1234,1016.6,0.0,9507,39.3,166.0,3.1
28.3,2024-05-05 21:24:07.371000+00:00,63.0,1234,1016.7,0.0,9507,39.3,147.0,2.3
28.3,2024-05-05 21:25:07.373000+00:00,61.0,1234,1016.6,0.0,9507,40.3,170.0,2.2
28.3,2024-05-05 21:26:07.372000+00:00,61.0,1234,1016.5,0.0,9507,40.4,144.0,3.5
28.3,2024-05-05 21:27:07.379000+00:00,60.0,1234,1016.5,0.0,9507,41.0,155.0,2.5
28.4,2024-05-05 21:28:07.374000+00:00,60.0,1234,1016.5,0.0,9507,41.0,147.0,3.5
28.4,2024-05-05 21:29:07.378000+00:00,60.0,1234,1016.5,0.0,9507,41.0,147.0,3.5
28.5,2024-05-05 21:30:07.376000+00:00,61.0,1234,1016.4,0.0,9507,41.2,135.0,2.2
28.6,2024-05-05 21:31:07.438000+00:00,60.0,1234,1016.5,0.0,9507,41.3,140.0,3.7
28.5,2024-05-05 21:32:07.382000+00:00,60.0,1234,1016.5,0.0,9507,41.1,144.0,2.3
28.4,2024-05-05 21:33:07.409000+00:00,60.0,1234,1016.4,0.0,9507,40.6,157.0,2.4
28.3,2024-05-05 21:34:07.409000+00:00,60.0,1234,1016.4,0.0,9507,40.6,170.0,2.1
28.2,2024-05-05 21:35:07.410000+00:00,60.0,1234,1016.3,0.0,9507,40.3,147.0,5.2
28.2,2024-05-05 21:36:07.426000+00:00,62.0,1234,1016.5,0.0,9507,40.5,143.0,2.6
28.0,2024-05-05 21:37:07.433000+00:00,62.0,1234,1016.6,0.0,9507,40.5,148.0,3.1
24.2,2024-05-19 12:08:39.188000+00:00,51.0,1235,1007.2,0.0,9515,43.4,138.0,1.8
24.0,2024-05-19 12:09:39.181000+00:00,52.0,1235,1007.2,0.0,9515,43.1,112.0,1.2
24.0,2024-05-19 12:10:39.215000+00:00,53.0,1235,1007.2,0.0,9515,43.3,117.0,1.7
24.0,2024-05-19 12:11:39.213000+00:00,53.0,1235,1007.2,0.0,9515,43.3,134.0,2.3
24.2,2024-05-19 12:12:39.218000+00:00,53.0,1235,1007.3,0.0,9515,42.9,122.0,1.6
24.4,2024-05-19 12:13:39.190000+00:00,53.0,1235,1007.2,0.0,9515,42.6,133.0,1.4
24.4,2024-05-19 12:14:39.219000+00:00,54.0,1235,1007.2,0.0,9515,42.4,125.0,2.0
24.3,2024-05-19 12:15:39.226000+00:00,55.0,1235,1007.1,0.0,9515,41.8,116.0,2.1
24.2,2024-05-19 12:16:39.230000+00:00,55.0,1235,1007.2,0.0,9515,41.4,109.0,1.6
24.1,2024-05-19 12:17:39.237000+00:00,55.0,1235,1007.2,0.0,9515,41.4,102.0,1.7
24.2,2024-05-19 12:18:39.236000+00:00,55.0,1235,1007.2,0.0,9515,41.1,144.0,1.1
24.3,2024-05-19 12:19:39.242000+00:00,54.0,1235,1007.2,0.0,9515,41.1,122.0,2.0
24.2,2024-05-19 12:20:39.239000+00:00,54.0,1235,1007.1,0.0,9515,41.3,138.0,2.8
24.2,2024-05-19 12:21:39.256000+00:00,54.0,1235,1007.2,0.0,9515,40.8,161.0,2.8
24.3,2024-05-19 12:22:39.275000+00:00,55.0,1235,1007.2,0.0,9515,40.8,130.0,1.2
24.3,2024-05-19 12:23:39.277000+00:00,54.0,1235,1007.1,0.0,9515,40.9,134.0,2.2
24.3,2024-05-19 12:24:39.289000+00:00,54.0,1235,1007.1,0.0,9515,40.9,175.0,1.2
24.4,2024-05-19 12:25:39.298000+00:00,55.0,1235,1007.2,0.0,9515,41.2,179.0,1.0
24.3,2024-05-19 12:26:39.285000+00:00,54.0,1235,1007.1,0.0,9515,42.0,134.0,1.1
24.4,2024-05-19 12:27:39.293000+00:00,53.0,1235,1007.1,0.0,9515,42.6,140.0,1.4
24.3,2024-05-19 12:28:39.306000+00:00,52.0,1235,1007.1,0.0,9515,42.8,126.0,1.8
24.3,2024-05-19 12:29:39.307000+00:00,51.0,1235,1007.0,0.0,9515,43.1,146.0,1.5
24.4,2024-05-19 12:30:39.313000+00:00,51.0,1235,1007.1,0.0,9515,43.7,128.0,1.9
24.4,2024-05-19 12:31:39.316000+00:00,50.0,1235,1007.0,0.0,9515,44.0,148.0,1.4
24.5,2024-05-19 12:32:39.314000+00:00,50.0,1235,1007.0,0.0,9515,43.6,133.0,1.6
24.5,2024-05-19 12:33:39.338000+00:00,50.0,1235,1007.0,0.0,9515,43.6,132.0,1.9
24.5,2024-05-19 12:34:39.342000+00:00,50.0,1235,1006.9,0.0,9515,43.7,142.0,1.6
24.4,2024-05-19 12:35:39.359000+00:00,51.0,1235,1007.0,0.0,9515,43.8,149.0,1.9
24.5,2024-05-19 12:36:39.362000+00:00,51.0,1235,1007.0,0.0,9515,43.8,125.0,1.3
24.5,2024-05-19 12:37:39.360000+00:00,51.0,1235,1007.0,0.0,9515,43.7,73.0,1.7
24.6,2024-05-19 12:38:39.356000+00:00,50.0,1235,1007.0,0.0,9515,43.2,134.0,1.4
24.8,2024-05-19 12:39:39.393000+00:00,51.0,1235,1007.1,0.0,9515,42.5,137.0,1.7
24.7,2024-05-19 12:40:39.389000+00:00,51.0,1235,1007.0,0.0,9515,41.4,172.0,1.3
24.6,2024-05-19 12:41:39.394000+00:00,52.0,1235,1006.9,0.0,9515,40.3,177.0,1.6
24.6,2024-05-19 12:42:39.411000+00:00,53.0,1235,1007.0,0.0,9515,40.8,161.0,1.8
24.6,2024-05-19 12:43:39.397000+00:00,52.0,1235,1007.0,0.0,9515,41.3,268.0,0.7
24.6,2024-05-19 12:44:39.409000+00:00,50.0,1235,1007.0,0.0,9515,42.7,335.0,1.2
24.5,2024-05-19 12:45:39.407000+00:00,50.0,1235,1006.9,0.0,9515,42.7,238.0,1.3
24.6,2024-05-19 12:46:39.399000+00:00,51.0,1235,1006.9,0.0,9515,42.7,228.0,0.9
24.7,2024-05-19 12:47:39.394000+00:00,50.0,1235,1007.0,0.0,9515,43.3,168.0,0.3
24.9,2024-05-19 12:48:39.463000+00:00,49.0,1235,1006.8,0.0,9515,43.9,75.0,0.5
25.0,2024-05-19 12:49:39.433000+00:00,49.0,1235,1006.9,0.0,9515,44.8,165.0,1.0
25.0,2024-05-19 12:50:39.434000+00:00,49.0,1235,1006.8,0.0,9515,44.4,158.0,1.8
25.1,2024-05-19 12:51:39.434000+00:00,48.0,1235,1006.8,0.0,9515,44.0,147.0,2.2
25.0,2024-05-19 12:52:39.436000+00:00,50.0,1235,1006.8,0.0,9515,44.0,137.0,2.1
24.9,2024-05-19 12:53:39.439000+00:00,50.0,1235,1006.8,0.0,9515,44.1,161.0,1.6
24.8,2024-05-19 12:54:39.440000+00:00,51.0,1235,1006.8,0.0,9515,44.4,143.0,1.3
25.0,2024-05-19 12:55:39.451000+00:00,51.0,1235,1006.8,0.0,9515,44.4,0.0,0.7
25.2,2024-05-19 12:56:39.444000+00:00,50.0,1235,1006.8,0.0,9515,44.7,314.0,0.5
25.3,2024-05-19 12:57:39.452000+00:00,49.0,1235,1006.8,0.0,9515,45.3,121.0,0.9
25.5,2024-05-19 12:58:39.454000+00:00,48.0,1235,1006.8,0.0,9515,45.3,144.0,0.7
25.4,2024-05-19 12:59:39.451000+00:00,50.0,1235,1006.8,0.0,9515,45.3,141.0,2.2
25.5,2024-05-19 13:00:39.455000+00:00,51.0,1235,1006.8,0.0,9515,45.3,108.0,2.8
25.4,2024-05-19 13:01:39.451000+00:00,50.0,1235,1006.8,0.0,9515,46.0,137.0,1.3
25.2,2024-05-19 13:02:39.433000+00:00,50.0,1235,1006.9,0.0,9515,44.5,157.0,1.4
25.1,2024-05-19 13:03:39.460000+00:00,50.0,1235,1006.9,0.0,9515,44.5,139.0,1.5
25.0,2024-05-19 13:04:39.452000+00:00,51.0,1235,1006.8,0.0,9515,45.3,136.0,3.0
25.0,2024-05-19 13:05:39.457000+00:00,50.0,1235,1006.8,0.0,9515,45.5,138.0,2.5
25.1,2024-05-19 13:06:39.469000+00:00,50.0,1235,1006.9,0.0,9515,45.3,121.0,3.4
25.1,2024-05-19 13:07:39.485000+00:00,50.0,1235,1006.9,0.0,9515,45.2,138.0,3.4
25.1,2024-05-19 13:08:39.489000+00:00,50.0,1235,1006.9,0.0,9515,44.9,137.0,3.1
25.3,2024-05-19 13:09:39.502000+00:00,51.0,1235,1006.8,0.0,9515,43.6,141.0,4.2
25.4,2024-05-19 13:10:39.508000+00:00,50.0,1235,1006.8,0.0,9515,42.7,129.0,3.3
25.3,2024-05-19 13:11:39.509000+00:00,51.0,1235,1006.8,0.0,9515,41.7,135.0,3.4
25.1,2024-05-19 13:12:39.503000+00:00,52.0,1235,1006.9,0.0,9515,40.7,116.0,2.9
25.0,2024-05-19 13:13:39.508000+00:00,51.0,1235,1006.8,0.0,9515,40.5,137.0,1.9
25.1,2024-05-19 13:14:39.500000+00:00,51.0,1235,1006.8,0.0,9515,40.4,145.0,2.4
24.9,2024-05-19 13:15:39.507000+00:00,51.0,1235,1006.8,0.0,9515,40.1,117.0,2.5
24.9,2024-05-19 13:16:39.518000+00:00,51.0,1235,1006.8,0.0,9515,40.1,131.0,1.5
24.8,2024-05-19 13:17:39.498000+00:00,50.0,1235,1006.8,0.0,9515,39.6,123.0,3.4
24.7,2024-05-19 13:18:39.514000+00:00,50.0,1235,1006.8,0.0,9515,39.4,133.0,1.3
24.8,2024-05-19 13:19:39.527000+00:00,49.0,1235,1006.8,0.0,9515,39.4,144.0,3.4
25.0,2024-05-19 13:20:39.522000+00:00,49.0,1235,1006.8,0.0,9515,39.8,99.0,2.3
25.0,2024-05-19 13:21:39.542000+00:00,50.0,1235,1006.6,0.0,9515,40.1,143.0,1.3
25.1,2024-05-19 13:22:39.583000+00:00,49.0,1235,1006.7,0.0,9515,41.0,164.0,2.4
25.2,2024-05-19 13:23:39.580000+00:00,49.0,1235,1006.6,0.0,9515,41.3,119.0,2.6
25.1,2024-05-19 13:24:39.564000+00:00,49.0,1235,1006.7,0.0,9515,41.3,138.0,1.8
25.1,2024-05-19 13:25:39.562000+00:00,49.0,1235,1006.6,0.0,9515,42.0,101.0,2.8
25.1,2024-05-19 13:26:39.561000+00:00,47.0,1235,1006.7,0.0,9515,42.0,134.0,2.6
25.3,2024-05-19 13:27:39.598000+00:00,48.0,1235,1006.5,0.0,9515,41.9,133.0,4.1
25.3,2024-05-19 13:28:39.632000+00:00,48.0,1235,1006.6,0.0,9515,42.2,137.0,3.7
25.4,2024-05-19 13:29:39.616000+00:00,48.0,1235,1006.7,0.0,9515,42.3,118.0,4.2
25.5,2024-05-19 13:30:39.648000+00:00,47.0,1235,1006.7,0.0,9515,42.2,136.0,2.4
25.5,2024-05-19 13:31:39.650000+00:00,47.0,1235,1006.5,0.0,9515,42.0,123.0,1.7
25.5,2024-05-19 13:32:39.648000+00:00,48.0,1235,1006.5,0.0,9515,41.8,151.0,2.5
25.5,2024-05-19 13:33:39.677000+00:00,48.0,1235,1006.4,0.0,9515,42.2,111.0,3.0
25.5,2024-05-19 13:34:39.698000+00:00,47.0,1235,1006.5,0.0,9515,42.4,124.0,2.6
25.5,2024-05-19 13:35:39.708000+00:00,46.0,1235,1006.6,0.0,9515,42.3,101.0,2.7
25.5,2024-05-19 13:36:39.706000+00:00,46.0,1235,1006.5,0.0,9515,42.1,123.0,2.8
25.4,2024-05-19 13:37:39.724000+00:00,47.0,1235,1006.5,0.0,9515,42.2,110.0,2.0
25.3,2024-05-19 13:38:39.749000+00:00,45.0,1235,1006.4,0.0,9515,42.6,136.0,2.7
25.3,2024-05-19 13:39:39.764000+00:00,45.0,1235,1006.5,0.0,9515,43.0,140.0,3.0
25.3,2024-05-19 13:40:39.766000+00:00,46.0,1235,1006.4,0.0,9515,42.0,138.0,5.0
25.4,2024-05-19 13:41:39.767000+00:00,46.0,1235,1006.4,0.0,9515,41.9,128.0,2.5
25.4,2024-05-19 13:42:39.788000+00:00,46.0,1235,1006.4,0.0,9515,42.6,124.0,2.4
25.5,2024-05-19 13:43:39.795000+00:00,46.0,1235,1006.5,0.0,9515,42.5,104.0,2.0
25.5,2024-05-19 13:44:39.815000+00:00,46.0,1235,1006.3,0.0,9515,42.4,137.0,2.1
25.6,2024-05-19 13:45:39.804000+00:00,47.0,1235,1006.5,0.0,9515,42.4,136.0,2.1
25.6,2024-05-19 13:46:39.833000+00:00,46.0,1235,1006.4,0.0,9515,42.3,143.0,2.5
25.7,2024-05-19 13:47:39.818000+00:00,46.0,1235,1006.3,0.0,9515,42.5,183.0,2.4
25.7,2024-05-19 13:48:39.839000+00:00,45.0,1235,1006.3,0.0,9515,42.6,141.0,1.0
25.6,2024-05-19 13:49:39.822000+00:00,45.0,1235,1006.2,0.0,9515,42.9,138.0,1.8
25.6,2024-05-19 13:50:39.851000+00:00,44.0,1235,1006.2,0.0,9515,42.6,139.0,4.2
25.7,2024-05-19 13:51:39.838000+00:00,45.0,1235,1006.2,0.0,9515,42.6,119.0,3.9
25.7,2024-05-19 13:52:39.847000+00:00,45.0,1235,1006.2,0.0,9515,42.1,135.0,2.5
25.8,2024-05-19 13:53:39.846000+00:00,45.0,1235,1006.2,0.0,9515,42.3,121.0,2.1
25.7,2024-05-19 13:54:39.852000+00:00,46.0,1235,1006.2,0.0,9515,42.4,131.0,2.9
25.6,2024-05-19 13:55:39.861000+00:00,45.0,1235,1006.1,0.0,9515,42.6,131.0,4.3
25.7,2024-05-19 13:56:39.874000+00:00,44.0,1235,1006.1,0.0,9515,42.5,148.0,2.5
25.8,2024-05-19 13:57:39.904000+00:00,44.0,1235,1006.3,0.0,9515,42.0,136.0,2.1
25.8,2024-05-19 13:58:39.916000+00:00,45.0,1235,1006.1,0.0,9515,42.0,123.0,2.2
25.6,2024-05-19 13:59:39.904000+00:00,45.0,1235,1006.2,0.0,9515,42.0,134.0,3.3
25.7,2024-05-19 14:00:39.928000+00:00,44.0,1235,1006.2,0.0,9515,41.8,143.0,3.7
25.7,2024-05-19 14:01:39.907000+00:00,44.0,1235,1006.1,0.0,9515,41.6,111.0,3.0
25.7,2024-05-19 14:02:39.911000+00:00,44.0,1235,1006.1,0.0,9515,41.6,104.0,2.4
25.8,2024-05-19 14:03:39.905000+00:00,44.0,1235,1006.2,0.0,9515,42.1,138.0,2.7
25.8,2024-05-19 14:04:39.931000+00:00,44.0,1235,1006.2,0.0,9515,42.1,115.0,2.2
25.8,2024-05-19 14:05:39.912000+00:00,44.0,1235,1006.2,0.0,9515,42.0,119.0,1.5
25.8,2024-05-19 14:06:39.933000+00:00,44.0,1235,1006.2,0.0,9515,41.5,124.0,2.6
25.9,2024-05-19 14:07:39.953000+00:00,45.0,1235,1006.2,0.0,9515,40.5,139.0,1.9
25.8,2024-05-19 14:08:39.956000+00:00,45.0,1235,1006.1,0.0,9515,40.1,110.0,3.3
25.6,2024-05-19 14:09:39.973000+00:00,45.0,1235,1006.1,0.0,9515,39.7,110.0,2.4
25.6,2024-05-19 14:10:39.967000+00:00,45.0,1235,1006.1,0.0,9515,39.5,125.0,1.6
25.6,2024-05-19 14:11:40.001000+00:00,45.0,1235,1006.1,0.0,9515,39.3,120.0,3.1
25.6,2024-05-19 14:12:39.995000+00:00,44.0,1235,1006.1,0.0,9515,39.1,137.0,3.2
25.6,2024-05-19 14:13:40.025000+00:00,44.0,1235,1006.1,0.0,9515,39.1,137.0,3.2
25.5,2024-05-19 14:14:40.043000+00:00,44.0,1235,1006.2,0.0,9515,39.1,131.0,1.9
25.5,2024-05-19 14:15:40.045000+00:00,45.0,1235,1006.1,0.0,9515,39.0,142.0,2.4
25.5,2024-05-19 14:16:40.039000+00:00,45.0,1235,1006.2,0.0,9515,39.4,122.0,3.1
25.5,2024-05-19 14:17:40.050000+00:00,45.0,1235,1006.1,0.0,9515,39.1,112.0,1.9
25.4,2024-05-19 14:18:40.042000+00:00,45.0,1235,1006.2,0.0,9515,38.6,120.0,1.6
25.3,2024-05-19 14:19:40.063000+00:00,45.0,1235,1006.1,0.0,9515,38.9,143.0,1.9
25.4,2024-05-19 14:20:40.064000+00:00,45.0,1235,1006.1,0.0,9515,38.9,123.0,1.7
25.4,2024-05-19 14:21:40.097000+00:00,44.0,1235,1006.1,0.0,9515,38.9,116.0,2.2
25.5,2024-05-19 14:22:40.106000+00:00,44.0,1235,1006.1,0.0,9515,38.9,119.0,2.0
25.4,2024-05-19 14:23:40.111000+00:00,44.0,1235,1006.1,0.0,9515,38.8,119.0,2.3
25.4,2024-05-19 14:24:40.140000+00:00,44.0,1235,1006.1,0.0,9515,38.7,150.0,1.5
25.5,2024-05-19 14:25:40.110000+00:00,45.0,1235,1006.1,0.0,9515,39.1,135.0,1.2
25.6,2024-05-19 14:26:40.149000+00:00,44.0,1235,1006.0,0.0,9515,40.2,124.0,2.2
25.8,2024-05-19 14:27:40.126000+00:00,43.0,1235,1006.1,0.0,9515,40.6,129.0,1.8
25.9,2024-05-19 14:28:40.132000+00:00,43.0,1235,1006.1,0.0,9515,40.6,141.0,1.3
26.0,2024-05-19 14:29:40.132000+00:00,42.0,1235,1006.1,0.0,9515,41.1,85.0,1.5
26.1,2024-05-19 14:30:40.148000+00:00,42.0,1235,1006.1,0.0,9515,41.3,119.0,0.8
21.1,2024-05-26 12:08:59.482000+00:00,69.0,1236,1019.1,0.0,9523,49.4,27.0,1.1
21.1,2024-05-26 12:09:59.476000+00:00,68.0,1236,1019.1,0.0,9523,49.5,2.0,0.8
21.0,2024-05-26 12:10:59.483000+00:00,68.0,1236,1019.2,0.0,9523,50.0,3.0,0.9
21.0,2024-05-26 12:11:59.471000+00:00,68.0,1236,1019.1,0.0,9523,48.3,8.0,0.7
20.9,2024-05-26 12:12:59.483000+00:00,66.0,1236,1019.1,0.0,9523,48.4,107.0,1.2
21.0,2024-05-26 12:13:59.480000+00:00,66.0,1236,1019.1,0.0,9523,48.4,1.0,0.4
21.1,2024-05-26 12:14:59.486000+00:00,67.0,1236,1019.1,0.0,9523,48.0,329.0,1.3
21.0,2024-05-26 12:15:59.478000+00:00,67.0,1236,1019.1,0.0,9523,47.8,38.0,1.4
21.0,2024-05-26 12:16:59.505000+00:00,66.0,1236,1019.0,0.0,9523,48.0,9.0,1.0
21.2,2024-05-26 12:17:59.498000+00:00,66.0,1236,1019.1,0.0,9523,48.0,22.0,1.1
21.1,2024-05-26 12:18:59.517000+00:00,66.0,1236,1019.0,0.0,9523,48.0,353.0,1.3
21.1,2024-05-26 12:19:59.512000+00:00,68.0,1236,1018.9,0.0,9523,48.4,352.0,1.1
21.1,2024-05-26 12:20:59.511000+00:00,67.0,1236,1019.0,0.0,9523,48.0,348.0,1.0
21.1,2024-05-26 12:21:59.563000+00:00,67.0,1236,1019.1,0.0,9523,48.3,6.0,0.8
21.1,2024-05-26 12:22:59.551000+00:00,68.0,1236,1019.0,0.0,9523,48.1,27.0,1.1
21.1,2024-05-26 12:23:59.569000+00:00,68.0,1236,1019.1,0.0,9523,48.3,329.0,1.1
21.1,2024-05-26 12:24:59.579000+00:00,67.0,1236,1019.0,0.0,9523,48.3,22.0,1.0
21.2,2024-05-26 12:25:59.591000+00:00,67.0,1236,1019.0,0.0,9523,48.1,357.0,1.4
21.1,2024-05-26 12:26:59.587000+00:00,67.0,1236,1019.0,0.0,9523,48.1,210.0,1.1
21.2,2024-05-26 12:27:59.588000+00:00,66.0,1236,1018.9,0.0,9523,48.7,215.0,2.2
21.3,2024-05-26 12:28:59.612000+00:00,66.0,1236,1019.0,0.0,9523,48.7,0.0,1.4
21.3,2024-05-26 12:29:59.619000+00:00,66.0,1236,1019.0,0.0,9523,48.5,333.0,0.7
21.3,2024-05-26 12:30:59.617000+00:00,67.0,1236,1019.0,0.0,9523,48.5,210.0,0.6
21.2,2024-05-26 12:31:59.609000+00:00,67.0,1236,1019.0,0.0,9523,45.8,228.0,1.1
21.2,2024-05-26 12:32:59.612000+00:00,68.0,1236,1019.1,0.0,9523,45.8,19.0,0.7
21.3,2024-05-26 12:33:59.619000+00:00,68.0,1236,1019.0,0.0,9523,45.8,233.0,0.7
21.3,2024-05-26 12:34:59.617000+00:00,69.0,1236,1019.0,0.0,9523,46.4,237.0,0.8
21.3,2024-05-26 12:35:59.626000+00:00,69.0,1236,1019.1,0.0,9523,46.6,213.0,1.5
21.2,2024-05-26 12:36:59.618000+00:00,69.0,1236,1019.0,0.0,9523,46.6,0.0,2.3
21.2,2024-05-26 12:37:59.618000+00:00,69.0,1236,1019.0,0.0,9523,47.3,0.0,0.6
21.2,2024-05-26 12:38:59.620000+00:00,68.0,1236,1019.0,0.0,9523,47.9,225.0,0.0
21.2,2024-05-26 12:39:59.619000+00:00,68.0,1236,1018.9,0.0,9523,47.3,9.0,0.4
21.4,2024-05-26 12:40:59.616000+00:00,67.0,1236,1018.9,0.0,9523,47.4,7.0,1.9
21.3,2024-05-26 12:41:59.625000+00:00,67.0,1236,1019.0,0.0,9523,47.4,358.0,1.1
21.3,2024-05-26 12:42:59.627000+00:00,67.0,1236,1019.0,0.0,9523,47.7,355.0,0.7
21.3,2024-05-26 12:43:59.623000+00:00,67.0,1236,1019.0,0.0,9523,48.6,213.0,0.9
21.2,2024-05-26 12:44:59.628000+00:00,67.0,1236,1018.9,0.0,9523,49.2,337.0,0.9
21.3,2024-05-26 12:45:59.622000+00:00,67.0,1236,1019.0,0.0,9523,48.9,204.0,0.7
21.3,2024-05-26 12:46:59.630000+00:00,68.0,1236,1019.0,0.0,9523,48.5,229.0,0.9
21.4,2024-05-26 12:47:59.629000+00:00,68.0,1236,1018.9,0.0,9523,48.7,211.0,0.8
21.5,2024-05-26 12:48:59.619000+00:00,67.0,1236,1018.9,0.0,9523,48.7,343.0,0.6
21.6,2024-05-26 12:49:59.634000+00:00,67.0,1236,1018.9,0.0,9523,48.8,0.0,0.5
21.4,2024-05-26 12:50:59.633000+00:00,66.0,1236,1018.9,0.0,9523,48.4,21.0,0.4
21.5,2024-05-26 12:51:59.633000+00:00,66.0,1236,1018.8,0.0,9523,48.3,56.0,1.1
21.5,2024-05-26 12:52:59.636000+00:00,66.0,1236,1018.8,0.0,9523,48.0,56.0,1.0
21.4,2024-05-26 12:53:59.629000+00:00,66.0,1236,1018.8,0.0,9523,48.0,20.0,1.2
21.4,2024-05-26 12:54:59.642000+00:00,67.0,1236,1018.9,0.0,9523,47.4,209.0,1.1
21.4,2024-05-26 12:55:59.659000+00:00,66.0,1236,1018.9,0.0,9523,47.0,324.0,0.8
21.4,2024-05-26 12:56:59.649000+00:00,67.0,1236,1019.0,0.0,9523,47.6,333.0,0.7
21.3,2024-05-26 12:57:59.645000+00:00,67.0,1236,1019.1,0.0,9523,47.0,202.0,0.4
21.2,2024-05-26 12:58:59.674000+00:00,68.0,1236,1018.9,0.0,9523,46.9,238.0,0.9
21.2,2024-05-26 12:59:59.688000+00:00,68.0,1236,1019.0,0.0,9523,47.0,0.0,0.8
21.3,2024-05-26 13:00:59.687000+00:00,67.0,1236,1018.9,0.0,9523,47.3,11.0,0.5
21.5,2024-05-26 13:01:59.688000+00:00,67.0,1236,1018.8,0.0,9523,48.1,9.0,1.5
21.6,2024-05-26 13:02:59.689000+00:00,66.0,1236,1018.9,0.0,9523,48.4,0.0,0.9
21.6,2024-05-26 13:03:59.687000+00:00,66.0,1236,1018.9,0.0,9523,48.4,255.0,0.6
21.6,2024-05-26 13:04:59.729000+00:00,64.0,1236,1018.9,0.0,9523,48.0,328.0,0.4
21.7,2024-05-26 13:05:59.717000+00:00,65.0,1236,1018.9,0.0,9523,48.3,7.0,1.3
21.6,2024-05-26 13:06:59.741000+00:00,65.0,1236,1018.8,0.0,9523,48.3,222.0,1.2
21.6,2024-05-26 13:07:59.734000+00:00,65.0,1236,1018.9,0.0,9523,48.1,207.0,2.0
21.6,2024-05-26 13:08:59.746000+00:00,68.0,1236,1018.9,0.0,9523,47.7,214.0,2.5
21.3,2024-05-26 13:09:59.760000+00:00,69.0,1236,1018.9,0.0,9523,47.7,212.0,1.2
21.3,2024-05-26 13:10:59.765000+00:00,68.0,1236,1018.9,0.0,9523,48.1,216.0,1.4
21.4,2024-05-26 13:11:59.761000+00:00,67.0,1236,1018.9,0.0,9523,47.9,0.0,0.5
21.4,2024-05-26 13:12:59.812000+00:00,69.0,1236,1018.9,0.0,9523,47.2,49.0,0.5
21.5,2024-05-26 13:13:59.769000+00:00,69.0,1236,1018.8,0.0,9523,47.1,125.0,0.9
21.4,2024-05-26 13:14:59.771000+00:00,68.0,1236,1018.8,0.0,9523,47.3,15.0,0.4
21.3,2024-05-26 13:15:59.763000+00:00,68.0,1236,1018.8,0.0,9523,47.5,6.0,1.2
21.3,2024-05-26 13:16:59.770000+00:00,68.0,1236,1018.9,0.0,9523,47.7,203.0,1.3
21.2,2024-05-26 13:17:59.770000+00:00,69.0,1236,1018.8,0.0,9523,48.2,5.0,1.7
21.3,2024-05-26 13:18:59.774000+00:00,69.0,1236,1018.9,0.0,9523,49.3,48.0,1.0
21.3,2024-05-26 13:19:59.769000+00:00,69.0,1236,1018.8,0.0,9523,49.5,329.0,0.8
21.3,2024-05-26 13:20:59.774000+00:00,67.0,1236,1018.9,0.0,9523,49.5,0.0,0.7
21.4,2024-05-26 13:21:59.772000+00:00,67.0,1236,1018.9,0.0,9523,49.4,34.0,0.3
21.3,2024-05-26 13:22:59.770000+00:00,68.0,1236,1018.8,0.0,9523,49.2,327.0,1.2
21.3,2024-05-26 13:23:59.783000+00:00,67.0,1236,1018.9,0.0,9523,49.4,20.0,0.8
21.3,2024-05-26 13:24:59.783000+00:00,67.0,1236,1018.8,0.0,9523,49.9,314.0,0.8
21.3,2024-05-26 13:25:59.770000+00:00,68.0,1236,1018.8,0.0,9523,49.5,189.0,0.8
21.4,2024-05-26 13:26:59.821000+00:00,67.0,1236,1018.9,0.0,9523,49.8,223.0,0.4
21.5,2024-05-26 13:27:59.799000+00:00,67.0,1236,1018.9,0.0,9523,49.6,16.0,1.2
21.5,2024-05-26 13:28:59.792000+00:00,68.0,1236,1018.8,0.0,9523,49.6,323.0,0.7
21.5,2024-05-26 13:29:59.809000+00:00,67.0,1236,1018.8,0.0,9523,49.9,350.0,1.5
21.6,2024-05-26 13:30:59.819000+00:00,65.0,1236,1018.8,0.0,9523,49.7,10.0,0.9
21.6,2024-05-26 13:31:59.841000+00:00,65.0,1236,1018.8,0.0,9523,49.1,13.0,1.7
21.7,2024-05-26 13:32:59.824000+00:00,66.0,1236,1018.8,0.0,9523,48.4,10.0,1.3
21.7,2024-05-26 13:33:59.875000+00:00,65.0,1236,1018.8,0.0,9523,48.8,16.0,1.4
21.6,2024-05-26 13:34:59.854000+00:00,64.0,1236,1018.7,0.0,9523,49.5,17.0,1.1
21.6,2024-05-26 13:35:59.843000+00:00,64.0,1236,1018.8,0.0,9523,49.0,26.0,1.2
21.6,2024-05-26 13:36:59.867000+00:00,65.0,1236,1018.8,0.0,9523,48.6,25.0,1.6
21.5,2024-05-26 13:37:59.868000+00:00,64.0,1236,1018.9,0.0,9523,48.5,357.0,1.7
21.5,2024-05-26 13:38:59.884000+00:00,64.0,1236,1018.9,0.0,9523,48.5,19.0,0.5
21.5,2024-05-26 13:39:59.879000+00:00,62.0,1236,1018.8,0.0,9523,49.4,330.0,0.8
21.5,2024-05-26 13:40:59.889000+00:00,63.0,1236,1018.9,0.0,9523,49.4,347.0,1.2
21.5,2024-05-26 13:41:59.904000+00:00,64.0,1236,1018.9,0.0,9523,49.4,0.0,1.5
21.5,2024-05-26 13:42:59.913000+00:00,64.0,1236,1018.9,0.0,9523,49.3,342.0,1.5
21.5,2024-05-26 13:43:59.912000+00:00,64.0,1236,1018.9,0.0,9523,49.3,348.0,1.5
21.5,2024-05-26 13:44:59.921000+00:00,65.0,1236,1018.9,0.0,9523,48.1,9.0,0.8
21.5,2024-05-26 13:45:59.921000+00:00,66.0,1236,1018.9,0.0,9523,48.1,231.0,0.7
21.6,2024-05-26 13:46:59.922000+00:00,66.0,1236,1018.7,0.0,9523,48.6,356.0,1.4
21.6,2024-05-26 13:47:59.928000+00:00,65.0,1236,1018.8,0.0,9523,49.2,0.0,0.6
21.7,2024-05-26 13:48:59.928000+00:00,63.0,1236,1018.9,0.0,9523,49.2,0.0,0.6
21.7,2024-05-26 13:49:59.920000+00:00,63.0,1236,1018.8,0.0,9523,48.8,57.0,0.6
21.6,2024-05-26 13:50:59.927000+00:00,64.0,1236,1018.9,0.0,9523,48.2,353.0,2.0
21.6,2024-05-26 13:51:59.926000+00:00,63.0,1236,1018.8,0.0,9523,48.2,0.0,1.0
21.8,2024-05-26 13:52:59.922000+00:00,64.0,1236,1018.9,0.0,9523,48.7,6.0,0.4
21.8,2024-05-26 13:53:59.924000+00:00,64.0,1236,1018.9,0.0,9523,48.0,104.0,1.4
21.9,2024-05-26 13:54:59.926000+00:00,63.0,1236,1018.9,0.0,9523,47.9,253.0,0.9
22.0,2024-05-26 13:55:59.911000+00:00,64.0,1236,1018.8,0.0,9523,47.9,340.0,1.1
22.1,2024-05-26 13:56:59.929000+00:00,65.0,1236,1018.8,0.0,9523,47.4,289.0,0.7
22.1,2024-05-26 13:57:59.917000+00:00,63.0,1236,1018.8,0.0,9523,47.9,187.0,0.9
22.2,2024-05-26 13:58:59.919000+00:00,61.0,1236,1018.9,0.0,9523,47.9,9.0,1.3
22.3,2024-05-26 13:59:59.932000+00:00,63.0,1236,1018.8,0.0,9523,47.3,2.0,0.6
22.1,2024-05-26 14:00:59.923000+00:00,64.0,1236,1018.8,0.0,9523,47.2,208.0,1.2
22.0,2024-05-26 14:01:59.938000+00:00,62.0,1236,1018.8,0.0,9523,47.1,0.0,1.2
22.0,2024-05-26 14:02:59.929000+00:00,63.0,1236,1018.7,0.0,9523,47.1,22.0,0.5
22.0,2024-05-26 14:03:59.925000+00:00,62.0,1236,1018.8,0.0,9523,47.1,351.0,1.1
22.0,2024-05-26 14:04:59.929000+00:00,64.0,1236,1018.7,0.0,9523,46.0,154.0,0.5
21.8,2024-05-26 14:05:59.937000+00:00,64.0,1236,1018.8,0.0,9523,46.1,8.0,1.3
21.6,2024-05-26 14:06:59.931000+00:00,64.0,1236,1018.7,0.0,9523,46.7,38.0,1.1
21.7,2024-05-26 14:07:59.939000+00:00,63.0,1236,1018.7,0.0,9523,47.2,101.0,0.8
21.8,2024-05-26 14:08:59.936000+00:00,61.0,1236,1018.6,0.0,9523,46.7,221.0,0.7
21.9,2024-05-26 14:09:59.935000+00:00,61.0,1236,1018.8,0.0,9523,46.6,36.0,1.3
21.9,2024-05-26 14:10:59.930000+00:00,62.0,1236,1018.8,0.0,9523,45.8,337.0,0.9
21.9,2024-05-26 14:11:59.931000+00:00,64.0,1236,1018.7,0.0,9523,45.8,0.0,1.3
21.8,2024-05-26 14:12:59.932000+00:00,65.0,1236,1018.8,0.0,9523,45.9,273.0,1.6
21.8,2024-05-26 14:13:59.942000+00:00,65.0,1236,1018.8,0.0,9523,45.9,198.0,0.5
21.7,2024-05-26 14:14:59.931000+00:00,63.0,1236,1018.7,0.0,9523,46.1,356.0,1.1
21.8,2024-05-26 14:15:59.933000+00:00,64.0,1236,1018.7,0.0,9523,46.3,272.0,1.4
21.7,2024-05-26 14:16:59.941000+00:00,63.0,1236,1018.7,0.0,9523,45.7,183.0,0.9
21.7,2024-05-26 14:17:59.950000+00:00,62.0,1236,1018.6,0.0,9523,45.7,325.0,1.3
21.8,2024-05-26 14:18:59.947000+00:00,64.0,1236,1018.5,0.0,9523,46.0,23.0,0.7
21.9,2024-05-26 14:19:59.946000+00:00,63.0,1236,1018.6,0.0,9523,46.0,296.0,0.6
21.9,2024-05-26 14:20:59.936000+00:00,62.0,1236,1018.6,0.0,9523,46.0,213.0,1.0
22.0,2024-05-26 14:21:59.948000+00:00,63.0,1236,1018.5,0.0,9523,45.6,215.0,1.7
22.0,2024-05-26 14:22:59.939000+00:00,62.0,1236,1018.5,0.0,9523,45.9,220.0,0.9
22.0,2024-05-26 14:23:59.937000+00:00,61.0,1236,1018.6,0.0,9523,46.4,265.0,0.6
22.1,2024-05-26 14:24:59.939000+00:00,61.0,1236,1018.6,0.0,9523,45.5,217.0,0.4
22.0,2024-05-26 14:25:59.945000+00:00,61.0,1236,1018.6,0.0,9523,45.5,237.0,0.9
21.9,2024-05-26 14:26:59.961000+00:00,62.0,1236,1018.5,0.0,9523,45.6,245.0,1.0
21.9,2024-05-26 14:27:59.963000+00:00,62.0,1236,1018.6,0.0,9523,45.9,269.0,0.9
22.0,2024-05-26 14:28:59.982000+00:00,61.0,1236,1018.5,0.0,9523,45.9,268.0,1.0
22.0,2024-05-26 14:29:59.998000+00:00,62.0,1236,1018.6,0.0,9523,45.1,0.0,0.9
21.9,2024-05-26 14:30:59.990000+00:00,65.0,1236,1018.6,0.0,9523,44.5,358.0,0.6
21.7,2024-05-26 14:33:00.001000+00:00,63.0,1236,1018.5,0.0,9523,44.4,305.0,1.5
21.8,2024-05-26 14:34:00.005000+00:00,63.0,1236,1018.5,0.0,9523,44.5,271.0,1.0
21.8,2024-05-26 14:35:00.023000+00:00,62.0,1236,1018.6,0.0,9523,44.8,169.0,0.7
21.8,2024-05-26 14:36:00.036000+00:00,62.0,1236,1018.6,0.0,9523,44.7,0.0,0.5
21.9,2024-05-26 14:37:00.034000+00:00,61.0,1236,1018.6,0.0,9523,44.4,269.0,0.8
22.0,2024-05-26 14:38:00.063000+00:00,60.0,1236,1018.5,0.0,9523,44.4,111.0,0.8
22.0,2024-05-26 14:39:00.064000+00:00,62.0,1236,1018.4,0.0,9523,44.4,30.0,0.5
21.9,2024-05-26 14:40:00.065000+00:00,61.0,1236,1018.5,0.0,9523,44.7,0.0,0.5
21.9,2024-05-26 14:41:00.071000+00:00,59.0,1236,1018.5,0.0,9523,44.8,0.0,0.9
21.9,2024-05-26 14:42:00.072000+00:00,59.0,1236,1018.6,0.0,9523,44.8,227.0,1.0
22.0,2024-05-26 14:43:00.096000+00:00,58.0,1236,1018.5,0.0,9523,44.5,192.0,0.5
22.0,2024-05-26 14:44:00.080000+00:00,58.0,1236,1018.5,0.0,9523,44.2,206.0,0.8
21.9,2024-05-26 14:45:00.084000+00:00,57.0,1236,1018.3,0.0,9523,44.5,203.0,1.8
22.0,2024-05-26 14:46:00.088000+00:00,58.0,1236,1018.4,0.0,9523,44.5,276.0,1.8
22.0,2024-05-26 14:47:00.124000+00:00,57.0,1236,1018.5,0.0,9523,43.8,205.0,0.7
22.0,2024-05-26 14:48:00.101000+00:00,58.0,1236,1018.4,0.0,9523,43.8,218.0,1.1
22.0,2024-05-26 14:49:00.103000+00:00,57.0,1236,1018.4,0.0,9523,43.7,0.0,1.7
21.9,2024-05-26 14:50:00.099000+00:00,58.0,1236,1018.5,0.0,9523,43.7,354.0,1.0
21.9,2024-05-26 14:51:00.103000+00:00,58.0,1236,1018.5,0.0,9523,43.7,89.0,1.1
21.8,2024-05-26 14:52:00.124000+00:00,58.0,1236,1018.6,0.0,9523,43.0,200.0,0.7
21.8,2024-05-26 14:53:00.132000+00:00,57.0,1236,1018.5,0.0,9523,43.2,52.0,1.0
21.9,2024-05-26 14:54:00.144000+00:00,58.0,1236,1018.5,0.0,9523,43.2,321.0,0.8
21.9,2024-05-26 14:55:00.133000+00:00,59.0,1236,1018.6,0.0,9523,43.0,228.0,1.1
21.9,2024-05-26 14:56:00.150000+00:00,59.0,1236,1018.4,0.0,9523,42.8,236.0,1.4
21.7,2024-05-26 14:57:00.138000+00:00,59.0,1236,1018.4,0.0,9523,42.5,0.0,1.1
21.7,2024-05-26 14:58:00.137000+00:00,60.0,1236,1018.4,0.0,9523,42.4,59.0,0.9
21.6,2024-05-26 14:59:00.152000+00:00,60.0,1236,1018.4,0.0,9523,42.2,140.0,0.8
21.7,2024-05-26 15:00:00.162000+00:00,59.0,1236,1018.5,0.0,9523,42.4,0.0,0.6
21.8,2024-05-26 15:01:00.181000+00:00,60.0,1236,1018.5,0.0,9523,42.2,30.0,1.2
21.6,2024-05-26 15:02:00.195000+00:00,61.0,1236,1018.4,0.0,9523,41.9,9.0,1.1
21.5,2024-05-26 15:03:00.191000+00:00,61.0,1236,1018.5,0.0,9523,42.3,284.0,0.5
21.6,2024-05-26 15:04:00.186000+00:00,60.0,1236,1018.4,0.0,9523,42.3,222.0,0.6
21.6,2024-05-26 15:05:00.194000+00:00,60.0,1236,1018.4,0.0,9523,42.0,241.0,0.9
21.8,2024-05-26 15:06:00.203000+00:00,59.0,1236,1018.4,0.0,9523,42.0,264.0,1.2
22.0,2024-05-26 15:07:00.223000+00:00,60.0,1236,1018.5,0.0,9523,42.0,284.0,0.8
21.9,2024-05-26 15:08:00.233000+00:00,60.0,1236,1018.3,0.0,9523,41.2,47.0,0.8
21.9,2024-05-26 15:09:00.230000+00:00,60.0,1236,1018.4,0.0,9523,42.0,215.0,0.9
21.9,2024-05-26 15:10:00.236000+00:00,59.0,1236,1018.4,0.0,9523,41.7,283.0,1.2
22.0,2024-05-26 15:11:00.228000+00:00,59.0,1236,1018.3,0.0,9523,41.7,325.0,1.7
22.0,2024-05-26 15:12:00.218000+00:00,60.0,1236,1018.3,0.0,9523,41.6,58.0,1.0
21.8,2024-05-26 15:13:00.220000+00:00,60.0,1236,1018.4,0.0,9523,40.9,14.0,0.7
21.7,2024-05-26 15:14:00.230000+00:00,61.0,1236,1018.4,0.0,9523,41.1,229.0,0.8
21.8,2024-05-26 15:15:00.235000+00:00,60.0,1236,1018.5,0.0,9523,41.6,224.0,0.8
21.8,2024-05-26 15:16:00.228000+00:00,60.0,1236,1018.4,0.0,9523,41.6,209.0,1.0
21.7,2024-05-26 15:17:00.226000+00:00,60.0,1236,1018.4,0.0,9523,41.1,0.0,0.4
21.6,2024-05-26 15:18:00.231000+00:00,61.0,1236,1018.4,0.0,9523,41.0,58.0,0.7
21.6,2024-05-26 15:19:00.234000+00:00,62.0,1236,1018.4,0.0,9523,40.5,214.0,0.9
21.6,2024-05-26 15:20:00.240000+00:00,61.0,1236,1018.4,0.0,9523,40.5,209.0,0.5
21.7,2024-05-26 15:21:00.234000+00:00,61.0,1236,1018.4,0.0,9523,40.8,293.0,1.1
21.7,2024-05-26 15:22:00.241000+00:00,61.0,1236,1018.4,0.0,9523,40.8,214.0,0.7
21.7,2024-05-26 15:23:00.259000+00:00,61.0,1236,1018.4,0.0,9523,40.6,353.0,0.6
21.7,2024-05-26 15:24:00.273000+00:00,61.0,1236,1018.4,0.0,9523,40.6,224.0,0.9
21.8,2024-05-26 15:25:00.287000+00:00,61.0,1236,1018.4,0.0,9523,40.9,219.0,1.2
21.8,2024-05-26 15:26:00.289000+00:00,61.0,1236,1018.4,0.0,9523,40.9,284.0,0.8
21.8,2024-05-26 15:27:00.284000+00:00,62.0,1236,1018.4,0.0,9523,40.2,0.0,0.8
21.7,2024-05-26 15:28:00.288000+00:00,62.0,1236,1018.5,0.0,9523,40.3,168.0,0.6
16.3,2024-06-09 17:59:12.613000+00:00,78.0,1237,996.4,1.0,9531,21.1,179.0,0.6
16.3,2024-06-09 18:00:12.631000+00:00,78.0,1237,996.5,1.0,9531,21.2,182.0,1.0
16.3,2024-06-09 18:01:12.621000+00:00,76.0,1237,996.4,1.0,9531,21.0,161.0,1.3
16.3,2024-06-09 18:02:12.622000+00:00,77.0,1237,996.4,1.0,9531,20.8,98.0,0.9
16.3,2024-06-09 18:03:12.617000+00:00,77.0,1237,996.3,1.0,9531,20.7,58.0,1.4
16.3,2024-06-09 18:04:12.637000+00:00,74.0,1237,996.4,1.0,9531,20.7,179.0,1.8
16.3,2024-06-09 18:05:12.629000+00:00,76.0,1237,996.3,1.0,9531,20.7,220.0,1.5
16.3,2024-06-09 18:06:12.634000+00:00,75.0,1237,996.3,1.0,9531,20.6,96.0,1.1
16.2,2024-06-09 18:07:12.654000+00:00,74.0,1237,996.4,1.0,9531,20.4,115.0,1.4
16.2,2024-06-09 18:08:12.671000+00:00,75.0,1237,996.2,1.0,9531,20.0,146.0,0.7
16.0,2024-06-09 18:09:12.675000+00:00,76.0,1237,996.2,1.0,9531,19.9,104.0,1.3
16.0,2024-06-09 18:10:12.684000+00:00,78.0,1237,996.3,1.0,9531,19.9,343.0,0.9
15.9,2024-06-09 18:11:12.702000+00:00,78.0,1237,996.2,1.0,9531,19.9,142.0,0.8
16.0,2024-06-09 18:12:12.702000+00:00,78.0,1237,996.2,1.0,9531,20.0,4.0,1.7
16.0,2024-06-09 18:13:12.692000+00:00,79.0,1237,996.3,1.0,9531,20.1,115.0,0.5
15.9,2024-06-09 18:14:12.697000+00:00,77.0,1237,996.3,1.0,9531,20.3,143.0,1.4
16.0,2024-06-09 18:15:12.690000+00:00,80.0,1237,996.3,1.0,9531,20.5,313.0,1.3
16.1,2024-06-09 18:16:12.705000+00:00,78.0,1237,996.2,1.0,9531,23.0,119.0,0.7
16.5,2024-06-09 18:17:12.708000+00:00,78.0,1237,996.3,1.0,9531,23.8,209.0,1.1
16.5,2024-06-09 18:18:12.703000+00:00,78.0,1237,996.3,0.0,9531,24.5,1.0,1.2
16.8,2024-06-09 18:19:12.708000+00:00,76.0,1237,996.3,0.0,9531,24.8,148.0,1.2
17.0,2024-06-09 18:20:12.708000+00:00,79.0,1237,996.3,0.0,9531,25.3,132.0,0.7
17.3,2024-06-09 18:21:12.705000+00:00,78.0,1237,996.4,0.0,9531,25.7,0.0,0.5
17.4,2024-06-09 18:22:12.704000+00:00,74.0,1237,996.3,0.0,9531,25.8,137.0,0.6
17.5,2024-06-09 18:23:12.711000+00:00,72.0,1237,996.3,0.0,9531,25.8,185.0,1.1
17.5,2024-06-09 18:24:12.719000+00:00,74.0,1237,996.2,0.0,9531,25.9,79.0,1.4
17.5,2024-06-09 18:25:12.709000+00:00,72.0,1237,996.3,0.0,9531,26.1,348.0,1.5
17.6,2024-06-09 18:26:12.709000+00:00,73.0,1237,996.3,0.0,9531,26.3,25.0,1.5
17.7,2024-06-09 18:27:12.709000+00:00,72.0,1237,996.2,0.0,9531,26.3,34.0,1.9
17.9,2024-06-09 18:28:12.710000+00:00,73.0,1237,996.2,0.0,9531,26.3,98.0,1.2
17.9,2024-06-09 18:29:12.714000+00:00,72.0,1237,996.2,0.0,9531,26.5,0.0,1.0
17.9,2024-06-09 18:30:12.721000+00:00,70.0,1237,996.2,0.0,9531,26.7,104.0,0.8
18.0,2024-06-09 18:31:12.719000+00:00,71.0,1237,996.2,0.0,9531,26.7,94.0,1.1
18.0,2024-06-09 18:32:12.747000+00:00,72.0,1237,996.2,0.0,9531,26.6,84.0,1.6
18.1,2024-06-09 18:33:12.711000+00:00,71.0,1237,996.3,0.0,9531,26.7,358.0,0.9
18.2,2024-06-09 18:34:12.709000+00:00,72.0,1237,996.3,0.0,9531,27.0,284.0,0.7
18.2,2024-06-09 18:35:12.718000+00:00,71.0,1237,996.2,0.0,9531,27.0,169.0,0.9
18.2,2024-06-09 18:36:12.720000+00:00,72.0,1237,996.2,0.0,9531,26.9,187.0,0.6
18.3,2024-06-09 18:37:12.720000+00:00,71.0,1237,996.3,0.0,9531,27.3,212.0,1.2
18.3,2024-06-09 18:38:12.730000+00:00,71.0,1237,996.2,0.0,9531,27.3,358.0,1.2
18.4,2024-06-09 18:39:12.762000+00:00,71.0,1237,996.2,0.0,9531,27.2,34.0,0.8
18.4,2024-06-09 18:40:12.760000+00:00,71.0,1237,996.2,0.0,9531,26.1,35.0,1.1
18.5,2024-06-09 18:41:12.761000+00:00,70.0,1237,996.3,0.0,9531,25.2,47.0,1.0
18.3,2024-06-09 18:42:12.775000+00:00,71.0,1237,996.3,0.0,9531,24.5,337.0,1.1
18.2,2024-06-09 18:43:12.760000+00:00,71.0,1237,996.3,0.0,9531,24.4,0.0,0.7
18.2,2024-06-09 18:44:12.765000+00:00,71.0,1237,996.2,0.0,9531,24.3,42.0,0.7
18.2,2024-06-09 18:45:12.773000+00:00,72.0,1237,996.3,0.0,9531,23.8,101.0,0.0
18.1,2024-06-09 18:46:12.763000+00:00,72.0,1237,996.2,0.0,9531,23.7,94.0,0.6
18.0,2024-06-09 18:47:12.783000+00:00,71.0,1237,996.3,1.0,9531,23.4,147.0,0.8
18.0,2024-06-09 18:48:12.794000+00:00,70.0,1237,996.2,1.0,9531,22.8,195.0,1.8
18.0,2024-06-09 18:49:12.790000+00:00,74.0,1237,996.2,1.0,9531,22.8,69.0,0.9
18.0,2024-06-09 18:50:12.806000+00:00,72.0,1237,996.2,0.0,9531,22.8,134.0,1.1
17.9,2024-06-09 18:51:12.790000+00:00,72.0,1237,996.3,1.0,9531,22.5,54.0,0.7
17.7,2024-06-09 18:52:12.788000+00:00,73.0,1237,996.2,1.0,9531,22.4,93.0,0.5
17.7,2024-06-09 18:53:12.794000+00:00,73.0,1237,996.3,1.0,9531,22.3,276.0,0.8
17.6,2024-06-09 18:54:12.795000+00:00,74.0,1237,996.2,1.0,9531,22.0,166.0,1.1
17.5,2024-06-09 18:55:12.813000+00:00,75.0,1237,996.2,1.0,9531,21.7,278.0,0.5
17.4,2024-06-09 18:56:12.818000+00:00,76.0,1237,996.1,1.0,9531,21.5,148.0,0.7
17.4,2024-06-09 18:57:12.819000+00:00,76.0,1237,996.2,1.0,9531,21.5,12.0,0.8
17.3,2024-06-09 18:58:12.820000+00:00,77.0,1237,996.2,1.0,9531,21.5,144.0,1.0
17.2,2024-06-09 18:59:12.817000+00:00,76.0,1237,996.2,1.0,9531,21.3,39.0,0.8
17.1,2024-06-09 19:00:12.841000+00:00,76.0,1237,996.1,0.0,9531,21.2,185.0,0.4
17.0,2024-06-09 19:01:12.845000+00:00,75.0,1237,996.2,0.0,9531,21.3,200.0,1.5
17.0,2024-06-09 19:02:12.849000+00:00,76.0,1237,996.1,0.0,9531,21.3,0.0,0.8
17.1,2024-06-09 19:03:12.864000+00:00,76.0,1237,996.2,0.0,9531,21.2,0.0,0.7
17.1,2024-06-09 19:04:12.866000+00:00,76.0,1237,996.1,0.0,9531,21.2,207.0,1.5
17.1,2024-06-09 19:05:12.857000+00:00,76.0,1237,996.1,0.0,9531,21.2,119.0,1.2
17.2,2024-06-09 19:06:12.859000+00:00,76.0,1237,996.0,0.0,9531,21.3,51.0,0.8
17.2,2024-06-09 19:07:12.867000+00:00,77.0,1237,996.1,0.0,9531,22.3,16.0,0.6
17.3,2024-06-09 19:08:12.869000+00:00,75.0,1237,996.1,0.0,9531,22.9,43.0,1.2
17.5,2024-06-09 19:09:12.853000+00:00,77.0,1237,996.1,0.0,9531,23.9,342.0,0.5
17.7,2024-06-09 19:10:12.859000+00:00,77.0,1237,996.1,0.0,9531,24.9,187.0,0.8
17.9,2024-06-09 19:11:12.868000+00:00,75.0,1237,996.1,0.0,9531,25.7,237.0,0.5
18.2,2024-06-09 19:12:12.860000+00:00,76.0,1237,996.1,0.0,9531,25.9,52.0,0.6
18.4,2024-06-09 19:13:12.864000+00:00,74.0,1237,996.2,0.0,9531,26.1,4.0,0.8
18.5,2024-06-09 19:14:12.874000+00:00,77.0,1237,996.2,0.0,9531,26.3,201.0,0.7
18.5,2024-06-09 19:15:12.881000+00:00,75.0,1237,996.1,0.0,9531,26.9,338.0,1.2
18.7,2024-06-09 19:16:12.903000+00:00,73.0,1237,996.1,0.0,9531,27.0,274.0,0.9
18.7,2024-06-09 19:17:12.914000+00:00,73.0,1237,996.1,0.0,9531,26.7,222.0,0.7
18.9,2024-06-09 19:18:12.914000+00:00,74.0,1237,996.2,0.0,9531,26.4,0.0,1.8
18.9,2024-06-09 19:19:12.923000+00:00,74.0,1237,996.1,0.0,9531,26.4,169.0,0.8
18.8,2024-06-09 19:20:12.926000+00:00,76.0,1237,996.1,0.0,9531,27.0,170.0,0.5
18.9,2024-06-09 19:21:12.956000+00:00,74.0,1237,996.1,0.0,9531,27.0,235.0,0.9
18.9,2024-06-09 19:22:12.961000+00:00,74.0,1237,996.2,0.0,9531,27.0,170.0,1.6
19.0,2024-06-09 19:23:12.970000+00:00,72.0,1237,996.1,0.0,9531,26.9,172.0,1.1
19.0,2024-06-09 19:24:12.960000+00:00,72.0,1237,996.1,0.0,9531,27.1,327.0,1.6
18.9,2024-06-09 19:25:12.957000+00:00,72.0,1237,996.1,0.0,9531,27.0,225.0,1.1
18.9,2024-06-09 19:26:12.966000+00:00,70.0,1237,996.1,0.0,9531,27.0,190.0,1.0
19.0,2024-06-09 19:27:12.974000+00:00,69.0,1237,996.0,0.0,9531,26.8,237.0,2.0
18.8,2024-06-09 19:28:12.961000+00:00,71.0,1237,996.1,0.0,9531,26.9,97.0,1.3
18.7,2024-06-09 19:29:12.987000+00:00,73.0,1237,996.1,0.0,9531,26.9,190.0,0.4
18.7,2024-06-09 19:30:13.016000+00:00,71.0,1237,996.1,0.0,9531,26.9,184.0,0.6
18.7,2024-06-09 19:31:12.997000+00:00,69.0,1237,996.1,0.0,9531,26.9,326.0,1.6
18.8,2024-06-09 19:32:13.007000+00:00,70.0,1237,996.1,0.0,9531,26.1,223.0,1.4
18.8,2024-06-09 19:33:13.005000+00:00,71.0,1237,996.1,0.0,9531,26.0,223.0,2.1
18.8,2024-06-09 19:34:13.009000+00:00,72.0,1237,996.2,0.0,9531,25.8,277.0,1.5
18.8,2024-06-09 19:35:13.011000+00:00,71.0,1237,996.1,0.0,9531,25.7,198.0,1.9
18.8,2024-06-09 19:36:13.008000+00:00,72.0,1237,996.2,0.0,9531,26.1,207.0,1.9
18.9,2024-06-09 19:37:12.997000+00:00,72.0,1237,996.3,0.0,9531,26.9,232.0,1.1
19.0,2024-06-09 19:38:13.006000+00:00,72.0,1237,996.2,0.0,9531,26.9,204.0,1.3
19.1,2024-06-09 19:39:13.018000+00:00,70.0,1237,996.2,0.0,9531,26.8,201.0,2.4
19.1,2024-06-09 19:40:13.008000+00:00,70.0,1237,996.2,0.0,9531,26.7,224.0,2.8
19.0,2024-06-09 19:41:13.018000+00:00,70.0,1237,996.1,0.0,9531,27.7,193.0,2.5
18.9,2024-06-09 19:42:13.009000+00:00,70.0,1237,996.2,0.0,9531,27.8,192.0,1.7
18.7,2024-06-09 19:43:13.014000+00:00,68.0,1237,996.1,0.0,9531,28.0,214.0,3.1
18.6,2024-06-09 19:44:13.014000+00:00,68.0,1237,996.2,0.0,9531,28.0,175.0,2.6
18.6,2024-06-09 19:45:13.019000+00:00,68.0,1237,996.1,0.0,9531,28.2,160.0,2.2
18.5,2024-06-09 19:46:13.001000+00:00,69.0,1237,996.1,0.0,9531,28.5,120.0,1.8
18.5,2024-06-09 19:47:13.039000+00:00,69.0,1237,996.1,0.0,9531,27.8,241.0,1.1
18.4,2024-06-09 19:48:13.031000+00:00,69.0,1237,996.0,0.0,9531,27.0,168.0,2.1
18.3,2024-06-09 19:49:13.006000+00:00,68.0,1237,996.1,0.0,9531,26.5,222.0,1.3
18.2,2024-06-09 19:50:12.999000+00:00,69.0,1237,996.0,0.0,9531,26.3,196.0,1.6
18.0,2024-06-09 19:51:13.019000+00:00,69.0,1237,996.0,0.0,9531,26.3,223.0,2.4
23.9,2024-06-23 12:06:37.971000+00:00,63.0,1238,1001.8,0.0,9539,39.1,244.0,2.7
23.9,2024-06-23 12:07:37.970000+00:00,62.0,1238,1001.7,0.0,9539,39.1,246.0,2.4
23.9,2024-06-23 12:08:37.974000+00:00,63.0,1238,1001.8,0.0,9539,39.9,237.0,2.7
24.3,2024-06-23 12:09:37.992000+00:00,63.0,1238,1001.7,0.0,9539,40.1,238.0,3.6
24.3,2024-06-23 12:10:37.980000+00:00,63.0,1238,1001.8,0.0,9539,40.1,240.0,3.1
24.2,2024-06-23 12:11:37.975000+00:00,62.0,1238,1001.7,0.0,9539,40.1,235.0,4.3
24.4,2024-06-23 12:12:37.985000+00:00,63.0,1238,1001.7,0.0,9539,40.1,230.0,3.3
24.4,2024-06-23 12:13:37.996000+00:00,64.0,1238,1001.7,0.0,9539,40.1,263.0,2.8
24.3,2024-06-23 12:14:37.995000+00:00,63.0,1238,1001.7,0.0,9539,40.2,271.0,2.9
24.1,2024-06-23 12:15:38.013000+00:00,63.0,1238,1001.7,0.0,9539,40.2,234.0,2.7
24.1,2024-06-23 12:16:38.004000+00:00,64.0,1238,1001.7,0.0,9539,40.4,244.0,3.0
24.2,2024-06-23 12:17:38.021000+00:00,63.0,1238,1001.7,0.0,9539,40.8,257.0,2.4
24.3,2024-06-23 12:18:38.004000+00:00,64.0,1238,1001.7,0.0,9539,40.8,250.0,2.7
24.2,2024-06-23 12:19:38.027000+00:00,64.0,1238,1001.7,0.0,9539,40.8,234.0,3.4
24.2,2024-06-23 12:20:38.049000+00:00,64.0,1238,1001.7,0.0,9539,41.7,242.0,3.7
24.1,2024-06-23 12:21:38.046000+00:00,64.0,1238,1001.6,0.0,9539,41.2,249.0,2.8
24.2,2024-06-23 12:22:38.061000+00:00,65.0,1238,1001.5,0.0,9539,40.9,234.0,3.5
24.2,2024-06-23 12:23:38.066000+00:00,65.0,1238,1001.5,0.0,9539,40.7,235.0,3.6
24.2,2024-06-23 12:24:38.063000+00:00,65.0,1238,1001.5,0.0,9539,40.7,233.0,3.6
24.3,2024-06-23 12:25:38.065000+00:00,66.0,1238,1001.6,0.0,9539,41.0,251.0,3.0
24.3,2024-06-23 12:26:38.084000+00:00,64.0,1238,1001.6,0.0,9539,41.0,256.0,3.6
24.2,2024-06-23 12:27:38.080000+00:00,66.0,1238,1001.6,0.0,9539,40.6,255.0,2.9
24.3,2024-06-23 12:28:38.066000+00:00,65.0,1238,1001.6,0.0,9539,40.6,244.0,3.7
24.2,2024-06-23 12:29:38.083000+00:00,65.0,1238,1001.6,0.0,9539,40.4,238.0,3.7
24.1,2024-06-23 12:30:38.086000+00:00,64.0,1238,1001.6,0.0,9539,40.4,257.0,3.1
24.0,2024-06-23 12:31:38.106000+00:00,63.0,1238,1001.7,0.0,9539,40.3,250.0,3.1
24.0,2024-06-23 12:32:38.126000+00:00,64.0,1238,1001.6,0.0,9539,40.5,219.0,3.1
24.2,2024-06-23 12:33:38.118000+00:00,66.0,1238,1001.6,0.0,9539,40.9,217.0,2.2
24.3,2024-06-23 12:34:38.117000+00:00,65.0,1238,1001.6,0.0,9539,40.9,248.0,3.8
24.2,2024-06-23 12:35:38.114000+00:00,64.0,1238,1001.6,0.0,9539,40.4,245.0,3.6
24.0,2024-06-23 12:36:38.125000+00:00,66.0,1238,1001.6,0.0,9539,40.3,236.0,3.7
24.0,2024-06-23 12:37:38.141000+00:00,66.0,1238,1001.6,0.0,9539,41.3,243.0,2.2
24.0,2024-06-23 12:38:38.142000+00:00,65.0,1238,1001.6,0.0,9539,41.3,259.0,4.5
24.0,2024-06-23 12:39:38.155000+00:00,65.0,1238,1001.6,0.0,9539,40.5,232.0,3.9
24.0,2024-06-23 12:40:38.161000+00:00,65.0,1238,1001.5,0.0,9539,40.5,234.0,3.5
23.9,2024-06-23 12:41:38.151000+00:00,65.0,1238,1001.5,0.0,9539,41.5,247.0,3.0
24.0,2024-06-23 12:42:38.160000+00:00,64.0,1238,1001.5,0.0,9539,41.6,233.0,3.5
24.0,2024-06-23 12:43:38.154000+00:00,64.0,1238,1001.5,0.0,9539,41.3,242.0,3.7
24.0,2024-06-23 12:44:38.161000+00:00,65.0,1238,1001.5,0.0,9539,41.3,244.0,2.7
24.1,2024-06-23 12:45:38.155000+00:00,65.0,1238,1001.5,0.0,9539,41.4,231.0,2.6
24.0,2024-06-23 12:46:38.167000+00:00,65.0,1238,1001.5,0.0,9539,41.5,230.0,2.2
24.0,2024-06-23 12:47:38.161000+00:00,65.0,1238,1001.5,0.0,9539,41.8,218.0,2.4
24.0,2024-06-23 12:48:38.155000+00:00,64.0,1238,1001.4,0.0,9539,41.8,227.0,2.2
23.9,2024-06-23 12:49:38.162000+00:00,65.0,1238,1001.4,0.0,9539,41.8,245.0,2.8
23.8,2024-06-23 12:50:38.165000+00:00,64.0,1238,1001.4,0.0,9539,42.0,213.0,3.3
24.1,2024-06-23 12:51:38.159000+00:00,64.0,1238,1001.4,0.0,9539,41.8,232.0,3.0
24.1,2024-06-23 12:52:38.157000+00:00,65.0,1238,1001.4,0.0,9539,42.1,237.0,3.3
24.1,2024-06-23 12:53:38.169000+00:00,66.0,1238,1001.3,0.0,9539,42.0,247.0,2.2
24.2,2024-06-23 12:54:38.168000+00:00,65.0,1238,1001.3,0.0,9539,41.8,232.0,2.6
24.3,2024-06-23 12:55:38.169000+00:00,66.0,1238,1001.5,0.0,9539,41.8,239.0,2.4
24.4,2024-06-23 12:56:38.167000+00:00,63.0,1238,1001.4,0.0,9539,41.8,206.0,2.2
24.4,2024-06-23 12:57:38.159000+00:00,64.0,1238,1001.4,0.0,9539,42.2,268.0,1.6
24.4,2024-06-23 12:58:38.166000+00:00,64.0,1238,1001.4,0.0,9539,42.4,253.0,3.0
24.4,2024-06-23 12:59:38.161000+00:00,64.0,1238,1001.3,0.0,9539,42.4,241.0,3.1
24.4,2024-06-23 13:00:38.171000+00:00,65.0,1238,1001.3,0.0,9539,42.1,239.0,3.0
24.3,2024-06-23 13:01:38.160000+00:00,66.0,1238,1001.3,0.0,9539,40.6,247.0,3.3
24.3,2024-06-23 13:02:38.162000+00:00,66.0,1238,1001.4,0.0,9539,40.6,244.0,3.2
24.3,2024-06-23 13:03:38.163000+00:00,66.0,1238,1001.3,0.0,9539,40.9,238.0,3.8
24.2,2024-06-23 13:04:38.191000+00:00,67.0,1238,1001.3,0.0,9539,40.2,242.0,2.9
24.2,2024-06-23 13:05:38.185000+00:00,67.0,1238,1001.3,0.0,9539,39.8,222.0,2.6
24.1,2024-06-23 13:06:38.206000+00:00,67.0,1238,1001.4,1.0,9539,38.7,150.0,3.2
24.1,2024-06-23 13:07:38.223000+00:00,67.0,1238,1001.3,0.0,9539,38.3,246.0,2.3
24.1,2024-06-23 13:08:38.229000+00:00,68.0,1238,1001.4,0.0,9539,39.5,215.0,1.7
23.9,2024-06-23 13:09:38.228000+00:00,67.0,1238,1001.3,0.0,9539,40.6,234.0,3.4
23.9,2024-06-23 13:10:38.253000+00:00,67.0,1238,1001.3,0.0,9539,41.4,218.0,2.2
24.0,2024-06-23 13:11:38.249000+00:00,67.0,1238,1001.3,0.0,9539,41.4,244.0,2.3
24.1,2024-06-23 13:12:38.259000+00:00,68.0,1238,1001.2,0.0,9539,41.4,224.0,1.5
24.3,2024-06-23 13:13:38.274000+00:00,66.0,1238,1001.4,0.0,9539,42.4,214.0,1.4
24.3,2024-06-23 13:14:38.278000+00:00,65.0,1238,1001.3,0.0,9539,42.5,230.0,2.0
24.2,2024-06-23 13:15:38.269000+00:00,65.0,1238,1001.3,0.0,9539,42.5,247.0,1.7
24.1,2024-06-23 13:16:38.275000+00:00,64.0,1238,1001.3,0.0,9539,42.4,99.0,2.3
24.1,2024-06-23 13:17:38.279000+00:00,64.0,1238,1001.2,0.0,9539,42.3,254.0,1.8
24.2,2024-06-23 13:18:38.295000+00:00,64.0,1238,1001.3,0.0,9539,41.8,233.0,1.9
24.3,2024-06-23 13:19:38.289000+00:00,65.0,1238,1001.3,0.0,9539,41.6,256.0,1.9
24.4,2024-06-23 13:20:38.309000+00:00,64.0,1238,1001.3,0.0,9539,41.6,70.0,1.8
24.4,2024-06-23 13:21:38.299000+00:00,64.0,1238,1001.3,0.0,9539,42.3,211.0,1.3
24.3,2024-06-23 13:22:38.310000+00:00,64.0,1238,1001.2,0.0,9539,42.4,232.0,1.3
24.3,2024-06-23 13:23:38.301000+00:00,63.0,1238,1001.2,0.0,9539,42.3,264.0,1.7
24.4,2024-06-23 13:24:38.326000+00:00,63.0,1238,1001.3,0.0,9539,41.7,256.0,1.3
24.6,2024-06-23 13:25:38.328000+00:00,62.0,1238,1001.3,0.0,9539,41.0,284.0,1.9
24.7,2024-06-23 13:26:38.322000+00:00,62.0,1238,1001.3,0.0,9539,40.6,233.0,1.4
24.7,2024-06-23 13:27:38.336000+00:00,62.0,1238,1001.3,0.0,9539,39.9,277.0,2.2
24.3,2024-06-23 13:28:38.364000+00:00,62.0,1238,1001.2,0.0,9539,39.2,196.0,1.9
24.1,2024-06-23 13:29:38.364000+00:00,65.0,1238,1001.2,0.0,9539,39.2,99.0,1.2
24.0,2024-06-23 13:30:38.379000+00:00,64.0,1238,1001.3,0.0,9539,39.3,217.0,1.6
23.9,2024-06-23 13:31:38.398000+00:00,63.0,1238,1001.4,0.0,9539,39.7,232.0,1.2
23.9,2024-06-23 13:32:38.400000+00:00,63.0,1238,1001.3,0.0,9539,40.5,236.0,1.2
23.7,2024-06-23 13:33:38.430000+00:00,64.0,1238,1001.2,0.0,9539,41.3,40.0,1.5
23.8,2024-06-23 13:34:38.441000+00:00,62.0,1238,1001.3,0.0,9539,42.7,107.0,0.7
24.0,2024-06-23 13:35:38.447000+00:00,62.0,1238,1001.3,0.0,9539,42.3,137.0,2.5
24.0,2024-06-23 13:36:38.446000+00:00,62.0,1238,1001.2,0.0,9539,41.5,106.0,1.1
24.0,2024-06-23 13:37:38.447000+00:00,62.0,1238,1001.3,0.0,9539,41.5,0.0,1.5
24.0,2024-06-23 13:38:38.450000+00:00,62.0,1238,1001.3,0.0,9539,42.0,114.0,1.4
24.1,2024-06-23 13:39:38.447000+00:00,61.0,1238,1001.3,0.0,9539,41.5,246.0,1.4
24.2,2024-06-23 13:40:38.464000+00:00,62.0,1238,1001.3,0.0,9539,42.0,197.0,0.7
24.2,2024-06-23 13:41:38.461000+00:00,62.0,1238,1001.3,0.0,9539,42.6,123.0,0.7
24.2,2024-06-23 13:42:38.487000+00:00,61.0,1238,1001.3,0.0,9539,43.0,255.0,2.5
24.3,2024-06-23 13:43:38.497000+00:00,62.0,1238,1001.4,0.0,9539,42.7,182.0,1.6
24.3,2024-06-23 13:44:38.499000+00:00,61.0,1238,1001.1,0.0,9539,42.7,226.0,1.5
24.1,2024-06-23 13:45:38.501000+00:00,61.0,1238,1001.2,0.0,9539,41.8,70.0,1.4
24.3,2024-06-23 13:46:38.512000+00:00,61.0,1238,1001.3,0.0,9539,41.4,123.0,1.4
24.4,2024-06-23 13:47:38.513000+00:00,61.0,1238,1001.3,0.0,9539,40.6,0.0,1.1
24.4,2024-06-23 13:48:38.517000+00:00,62.0,1238,1001.4,0.0,9539,40.6,198.0,0.7
24.3,2024-06-23 13:49:38.518000+00:00,62.0,1238,1001.4,0.0,9539,40.1,0.0,0.5
24.3,2024-06-23 13:50:38.521000+00:00,62.0,1238,1001.4,0.0,9539,40.1,0.0,0.5
24.1,2024-06-23 13:51:38.536000+00:00,62.0,1238,1001.4,0.0,9539,40.2,0.0,1.3
24.0,2024-06-23 13:52:38.540000+00:00,63.0,1238,1001.5,0.0,9539,40.9,264.0,1.4
24.1,2024-06-23 13:53:38.540000+00:00,62.0,1238,1001.3,0.0,9539,41.5,177.0,1.6
24.1,2024-06-23 13:54:38.552000+00:00,62.0,1238,1001.4,0.0,9539,41.5,43.0,1.1
24.1,2024-06-23 13:55:38.562000+00:00,61.0,1238,1001.2,0.0,9539,41.2,134.0,0.8
24.1,2024-06-23 13:56:38.560000+00:00,62.0,1238,1001.3,0.0,9539,39.8,90.0,1.2
24.0,2024-06-23 13:57:38.567000+00:00,62.0,1238,1001.3,0.0,9539,39.5,173.0,1.4
24.0,2024-06-23 13:58:38.717000+00:00,64.0,1238,1001.2,0.0,9539,39.7,265.0,1.5
23.9,2024-06-23 13:59:38.709000+00:00,64.0,1238,1001.2,0.0,9539,39.7,259.0,1.5
23.9,2024-06-23 14:00:38.714000+00:00,63.0,1238,1001.2,0.0,9539,39.5,238.0,0.7
23.9,2024-06-23 14:01:38.713000+00:00,63.0,1238,1001.3,0.0,9539,39.5,250.0,1.0
23.9,2024-06-23 14:02:38.717000+00:00,64.0,1238,1001.2,0.0,9539,40.0,165.0,1.6
23.8,2024-06-23 14:03:38.716000+00:00,64.0,1238,1001.2,0.0,9539,41.0,224.0,1.1
23.9,2024-06-23 14:04:38.716000+00:00,64.0,1238,1001.2,0.0,9539,41.1,291.0,1.3
24.1,2024-06-23 14:05:38.718000+00:00,62.0,1238,1001.2,0.0,9539,42.5,238.0,0.8
24.1,2024-06-23 14:06:38.716000+00:00,61.0,1238,1001.1,0.0,9539,42.7,169.0,2.1
24.1,2024-06-23 14:07:38.720000+00:00,61.0,1238,1001.2,0.0,9539,42.7,279.0,1.2
24.3,2024-06-23 14:08:38.715000+00:00,61.0,1238,1001.2,0.0,9539,41.9,241.0,2.4
24.2,2024-06-23 14:09:38.715000+00:00,61.0,1238,1001.2,0.0,9539,41.9,225.0,2.5
24.1,2024-06-23 14:10:38.713000+00:00,62.0,1238,1001.2,0.0,9539,41.9,251.0,2.6
24.1,2024-06-23 14:11:38.721000+00:00,62.0,1238,1001.3,0.0,9539,42.2,195.0,1.9
24.1,2024-06-23 14:12:38.719000+00:00,63.0,1238,1001.3,0.0,9539,42.6,228.0,2.0
24.2,2024-06-23 14:13:38.724000+00:00,62.0,1238,1001.2,0.0,9539,42.5,280.0,1.7
24.2,2024-06-23 14:14:38.710000+00:00,61.0,1238,1001.3,0.0,9539,42.5,203.0,0.9
24.3,2024-06-23 14:15:38.723000+00:00,62.0,1238,1001.2,0.0,9539,42.4,233.0,1.5
24.5,2024-06-23 14:16:38.715000+00:00,62.0,1238,1001.3,0.0,9539,42.4,223.0,1.3
24.5,2024-06-23 14:17:38.726000+00:00,61.0,1238,1001.2,0.0,9539,43.6,250.0,1.2
24.4,2024-06-23 14:18:38.723000+00:00,61.0,1238,1001.2,0.0,9539,41.3,96.0,1.4
24.3,2024-06-23 14:19:38.717000+00:00,62.0,1238,1001.2,0.0,9539,41.1,192.0,1.4
24.3,2024-06-23 14:20:38.719000+00:00,63.0,1238,1001.2,0.0,9539,41.1,239.0,1.4
24.3,2024-06-23 14:21:38.730000+00:00,62.0,1238,1001.2,0.0,9539,40.7,245.0,1.5
24.1,2024-06-23 14:22:38.725000+00:00,62.0,1238,1001.2,0.0,9539,40.3,280.0,1.8
24.1,2024-06-23 14:23:38.724000+00:00,63.0,1238,1001.1,0.0,9539,40.3,200.0,1.1
24.0,2024-06-23 14:24:38.725000+00:00,62.0,1238,1001.1,0.0,9539,39.9,97.0,1.0
24.0,2024-06-23 14:25:38.728000+00:00,62.0,1238,1001.1,0.0,9539,39.5,120.0,1.3
23.8,2024-06-23 14:26:38.724000+00:00,63.0,1238,1001.1,0.0,9539,39.6,115.0,1.2
23.9,2024-06-23 14:27:38.732000+00:00,63.0,1238,1001.1,0.0,9539,39.8,101.0,1.2
23.9,2024-06-23 14:28:38.735000+00:00,62.0,1238,1001.1,0.0,9539,39.1,95.0,1.0
23.6,2024-06-23 14:29:38.721000+00:00,63.0,1238,1001.1,0.0,9539,40.4,337.0,1.3
23.7,2024-06-23 14:30:38.724000+00:00,63.0,1238,1001.0,0.0,9539,41.6,49.0,0.9
23.8,2024-06-23 14:31:38.719000+00:00,62.0,1238,1001.2,0.0,9539,42.2,104.0,0.9
24.0,2024-06-23 14:32:38.726000+00:00,61.0,1238,1001.0,0.0,9539,41.9,81.0,1.3
24.2,2024-06-23 14:33:38.735000+00:00,61.0,1238,1001.0,0.0,9539,42.4,67.0,1.5
24.3,2024-06-23 14:34:38.740000+00:00,60.0,1238,1001.1,0.0,9539,42.8,282.0,1.2
24.1,2024-06-23 14:35:38.723000+00:00,60.0,1238,1001.1,0.0,9539,42.8,240.0,2.6
24.0,2024-06-23 14:36:38.734000+00:00,61.0,1238,1001.0,0.0,9539,41.4,244.0,1.4
24.0,2024-06-23 14:37:38.730000+00:00,61.0,1238,1001.0,0.0,9539,40.2,245.0,2.3
23.7,2024-06-23 14:38:38.735000+00:00,62.0,1238,1001.1,0.0,9539,40.3,259.0,2.1
23.7,2024-06-23 14:39:38.735000+00:00,63.0,1238,1001.2,0.0,9539,39.9,247.0,1.9
26.1,2024-06-29 09:18:23.479000+00:00,54.0,1239,941.7,0.0,9549,39.0,114.0,0.7
26.1,2024-06-29 09:19:23.449000+00:00,54.0,1239,941.8,0.0,9549,38.9,0.0,0.0
26.3,2024-06-29 09:20:23.442000+00:00,54.0,1239,941.7,0.0,9549,38.8,260.0,0.3
26.4,2024-06-29 09:21:23.456000+00:00,54.0,1239,941.7,0.0,9549,39.0,330.0,0.5
26.5,2024-06-29 09:22:23.446000+00:00,54.0,1239,941.7,0.0,9549,40.3,305.0,1.1
26.6,2024-06-29 09:23:23.459000+00:00,54.0,1239,941.7,0.0,9549,40.3,8.0,0.5
26.6,2024-06-29 09:24:23.455000+00:00,53.0,1239,941.8,0.0,9549,40.4,280.0,0.4
26.7,2024-06-29 09:25:23.454000+00:00,54.0,1239,941.7,0.0,9549,40.7,305.0,0.7
26.8,2024-06-29 09:26:23.481000+00:00,53.0,1239,941.7,0.0,9549,40.3,301.0,1.0
26.8,2024-06-29 09:27:23.494000+00:00,54.0,1239,941.6,0.0,9549,40.3,31.0,0.9
26.8,2024-06-29 09:28:23.536000+00:00,54.0,1239,941.6,0.0,9549,40.7,262.0,0.8
26.9,2024-06-29 09:29:23.509000+00:00,54.0,1239,941.6,0.0,9549,40.7,276.0,1.1
27.0,2024-06-29 09:30:23.495000+00:00,54.0,1239,941.6,0.0,9549,39.7,13.0,0.6
27.0,2024-06-29 09:31:23.512000+00:00,55.0,1239,941.6,0.0,9549,40.2,293.0,0.4
26.9,2024-06-29 09:32:23.512000+00:00,55.0,1239,941.6,0.0,9549,40.5,0.0,0.9
27.0,2024-06-29 09:33:23.519000+00:00,54.0,1239,941.7,0.0,9549,40.6,19.0,0.5
27.1,2024-06-29 09:34:23.538000+00:00,53.0,1239,941.5,0.0,9549,41.1,0.0,1.2
27.3,2024-06-29 09:35:23.550000+00:00,53.0,1239,941.5,0.0,9549,41.4,306.0,0.4
27.3,2024-06-29 09:36:23.538000+00:00,53.0,1239,941.6,0.0,9549,41.4,291.0,1.1
27.3,2024-06-29 09:37:23.566000+00:00,52.0,1239,941.6,0.0,9549,40.9,303.0,1.0
27.4,2024-06-29 09:38:23.569000+00:00,54.0,1239,941.5,0.0,9549,40.9,327.0,1.3
27.5,2024-06-29 09:39:23.583000+00:00,54.0,1239,941.5,0.0,9549,41.4,210.0,0.9
27.5,2024-06-29 09:40:23.593000+00:00,54.0,1239,941.6,0.0,9549,41.4,322.0,0.3
27.5,2024-06-29 09:41:23.592000+00:00,52.0,1239,941.5,0.0,9549,41.7,193.0,0.8
27.5,2024-06-29 09:42:23.595000+00:00,50.0,1239,941.6,0.0,9549,42.1,266.0,1.1
27.6,2024-06-29 09:43:23.582000+00:00,48.0,1239,941.6,0.0,9549,42.4,286.0,0.7
27.8,2024-06-29 09:44:23.588000+00:00,48.0,1239,941.6,0.0,9549,42.4,275.0,1.2
27.8,2024-06-29 09:45:23.604000+00:00,46.0,1239,941.6,0.0,9549,42.4,279.0,1.7
27.8,2024-06-29 09:46:23.621000+00:00,46.0,1239,941.5,0.0,9549,42.5,272.0,1.3
27.8,2024-06-29 09:47:23.643000+00:00,45.0,1239,941.5,0.0,9549,42.7,266.0,0.6
27.9,2024-06-29 09:48:23.636000+00:00,45.0,1239,941.5,0.0,9549,42.7,281.0,1.0
27.9,2024-06-29 09:49:23.632000+00:00,46.0,1239,941.5,0.0,9549,42.4,294.0,1.4
28.0,2024-06-29 09:50:23.646000+00:00,46.0,1239,941.5,0.0,9549,42.4,271.0,1.1
28.0,2024-06-29 09:51:23.632000+00:00,46.0,1239,941.5,0.0,9549,42.3,289.0,1.3
28.0,2024-06-29 09:52:23.662000+00:00,47.0,1239,941.5,0.0,9549,42.3,278.0,1.3
28.0,2024-06-29 09:53:23.647000+00:00,47.0,1239,941.4,0.0,9549,43.0,276.0,1.1
28.1,2024-06-29 09:54:23.659000+00:00,47.0,1239,941.4,0.0,9549,42.6,285.0,1.4
28.2,2024-06-29 09:55:23.688000+00:00,49.0,1239,941.4,0.0,9549,42.6,282.0,1.8
28.3,2024-06-29 09:56:23.683000+00:00,47.0,1239,941.3,0.0,9549,42.9,0.0,0.8
28.4,2024-06-29 09:57:23.700000+00:00,48.0,1239,941.5,0.0,9549,42.8,282.0,1.1
28.4,2024-06-29 09:58:23.691000+00:00,47.0,1239,941.4,0.0,9549,43.1,276.0,1.2
28.4,2024-06-29 09:59:23.701000+00:00,47.0,1239,941.4,0.0,9549,42.8,205.0,1.0
28.4,2024-06-29 10:00:23.698000+00:00,46.0,1239,941.4,0.0,9549,42.5,0.0,0.6
28.3,2024-06-29 10:01:23.690000+00:00,48.0,1239,941.4,0.0,9549,42.5,345.0,0.0
28.4,2024-06-29 10:02:23.696000+00:00,48.0,1239,941.3,0.0,9549,43.2,19.0,0.5
28.5,2024-06-29 10:03:23.707000+00:00,47.0,1239,941.3,0.0,9549,43.1,300.0,1.0
28.5,2024-06-29 10:04:23.699000+00:00,47.0,1239,941.3,0.0,9549,43.1,2.0,1.2
28.6,2024-06-29 10:05:23.699000+00:00,47.0,1239,941.2,0.0,9549,43.1,261.0,0.9
28.5,2024-06-29 10:06:23.727000+00:00,46.0,1239,941.3,0.0,9549,43.7,288.0,0.7
28.7,2024-06-29 10:07:23.716000+00:00,45.0,1239,941.3,0.0,9549,43.5,255.0,2.0
28.7,2024-06-29 10:08:23.722000+00:00,46.0,1239,941.3,0.0,9549,43.0,237.0,1.3
28.9,2024-06-29 10:09:23.728000+00:00,45.0,1239,941.3,0.0,9549,43.4,10.0,0.7
29.0,2024-06-29 10:10:23.739000+00:00,46.0,1239,941.1,0.0,9549,44.4,151.0,1.4
29.0,2024-06-29 10:11:23.740000+00:00,45.0,1239,941.1,0.0,9549,44.4,191.0,1.7
29.0,2024-06-29 10:12:23.738000+00:00,45.0,1239,941.1,0.0,9549,44.1,241.0,1.0
29.0,2024-06-29 10:13:23.754000+00:00,45.0,1239,941.2,0.0,9549,44.5,87.0,0.9
29.0,2024-06-29 10:14:23.740000+00:00,44.0,1239,941.2,0.0,9549,44.5,0.0,0.5
29.0,2024-06-29 10:15:23.730000+00:00,43.0,1239,941.1,0.0,9549,44.7,125.0,1.3
29.0,2024-06-29 10:16:23.745000+00:00,42.0,1239,941.1,0.0,9549,44.3,35.0,0.8
29.0,2024-06-29 10:17:23.743000+00:00,42.0,1239,941.0,0.0,9549,44.4,109.0,1.2
29.2,2024-06-29 10:18:23.735000+00:00,43.0,1239,941.1,0.0,9549,44.7,126.0,1.9
29.3,2024-06-29 10:19:23.723000+00:00,42.0,1239,941.1,0.0,9549,44.8,92.0,1.3
29.5,2024-06-29 10:20:23.738000+00:00,41.0,1239,941.1,0.0,9549,44.8,114.0,1.5
29.4,2024-06-29 10:21:23.746000+00:00,41.0,1239,941.1,0.0,9549,44.8,100.0,1.7
29.4,2024-06-29 10:22:23.738000+00:00,41.0,1239,941.1,0.0,9549,45.1,95.0,2.5
29.4,2024-06-29 10:23:23.746000+00:00,41.0,1239,941.0,0.0,9549,44.6,81.0,1.4
29.3,2024-06-29 10:24:23.750000+00:00,41.0,1239,941.2,0.0,9549,44.5,124.0,0.9
29.4,2024-06-29 10:25:23.746000+00:00,42.0,1239,941.2,0.0,9549,44.3,311.0,1.2
29.4,2024-06-29 10:26:23.741000+00:00,41.0,1239,941.1,0.0,9549,43.9,196.0,1.1
29.4,2024-06-29 10:27:23.744000+00:00,42.0,1239,941.1,0.0,9549,43.9,190.0,1.0
29.5,2024-06-29 10:28:23.830000+00:00,41.0,1239,941.1,0.0,9549,44.7,341.0,1.2
29.6,2024-06-29 10:29:23.816000+00:00,41.0,1239,941.1,0.0,9549,44.7,42.0,1.0
29.6,2024-06-29 10:30:23.846000+00:00,41.0,1239,941.0,0.0,9549,44.5,36.0,1.2
29.5,2024-06-29 10:31:23.851000+00:00,42.0,1239,940.9,0.0,9549,45.2,119.0,1.5
29.5,2024-06-29 10:32:23.855000+00:00,42.0,1239,941.1,0.0,9549,45.4,273.0,2.0
29.5,2024-06-29 10:33:23.878000+00:00,41.0,1239,941.0,0.0,9549,45.5,148.0,1.7
29.5,2024-06-29 10:34:23.880000+00:00,40.0,1239,941.0,0.0,9549,45.4,40.0,1.5
29.6,2024-06-29 10:35:23.881000+00:00,41.0,1239,940.9,0.0,9549,45.5,178.0,0.6
29.1,2024-06-30 12:08:30.947000+00:00,36.0,1239,932.9,0.0,9550,46.2,272.0,1.8
29.0,2024-06-30 12:09:30.951000+00:00,35.0,1239,932.8,0.0,9550,45.9,346.0,2.3
29.0,2024-06-30 12:10:30.954000+00:00,36.0,1239,932.9,0.0,9550,45.5,235.0,1.7
28.9,2024-06-30 12:11:30.956000+00:00,36.0,1239,932.9,0.0,9550,45.3,6.0,1.4
28.9,2024-06-30 12:12:30.957000+00:00,36.0,1239,933.0,0.0,9550,45.2,318.0,2.2
28.8,2024-06-30 12:13:30.953000+00:00,36.0,1239,933.0,0.0,9550,45.5,302.0,2.5
28.8,2024-06-30 12:14:30.952000+00:00,36.0,1239,932.9,0.0,9550,45.8,313.0,1.8
28.9,2024-06-30 12:15:30.957000+00:00,36.0,1239,933.0,0.0,9550,46.1,330.0,1.9
28.8,2024-06-30 12:16:30.953000+00:00,35.0,1239,932.9,0.0,9550,46.1,295.0,2.0
28.9,2024-06-30 12:17:30.954000+00:00,36.0,1239,932.8,0.0,9550,46.1,335.0,2.5
28.9,2024-06-30 12:18:30.962000+00:00,36.0,1239,932.9,0.0,9550,46.5,38.0,2.4
28.9,2024-06-30 12:19:30.955000+00:00,36.0,1239,932.9,0.0,9550,46.6,296.0,1.3
29.0,2024-06-30 12:20:30.957000+00:00,36.0,1239,932.8,0.0,9550,46.5,329.0,1.9
29.0,2024-06-30 12:21:30.959000+00:00,36.0,1239,932.8,0.0,9550,46.8,335.0,2.0
29.1,2024-06-30 12:22:30.966000+00:00,36.0,1239,932.9,0.0,9550,46.8,350.0,2.4
29.1,2024-06-30 12:23:30.974000+00:00,36.0,1239,932.8,0.0,9550,46.8,297.0,1.9
29.1,2024-06-30 12:24:30.977000+00:00,36.0,1239,932.7,0.0,9550,47.0,272.0,2.3
29.2,2024-06-30 12:26:31.015000+00:00,35.0,1239,932.8,0.0,9550,46.5,321.0,2.0
29.1,2024-06-30 12:27:31.013000+00:00,36.0,1239,932.9,0.0,9550,46.7,335.0,2.0
29.2,2024-06-30 12:28:31.011000+00:00,36.0,1239,932.8,0.0,9550,46.5,320.0,1.8
29.2,2024-06-30 12:29:31.009000+00:00,36.0,1239,932.8,0.0,9550,46.5,323.0,1.4
29.1,2024-06-30 12:30:31.014000+00:00,36.0,1239,932.9,0.0,9550,46.5,317.0,1.8
29.0,2024-06-30 12:31:31.017000+00:00,36.0,1239,932.9,0.0,9550,46.7,12.0,2.0
29.0,2024-06-30 12:32:31.018000+00:00,36.0,1239,932.9,0.0,9550,46.7,5.0,1.7
29.0,2024-06-30 12:33:31.020000+00:00,36.0,1239,932.9,0.0,9550,46.9,269.0,1.8
29.0,2024-06-30 12:34:31.029000+00:00,35.0,1239,932.8,0.0,9550,46.9,312.0,1.8
29.0,2024-06-30 12:35:31.050000+00:00,36.0,1239,932.9,0.0,9550,46.7,351.0,2.0
29.0,2024-06-30 12:36:31.064000+00:00,36.0,1239,932.8,0.0,9550,46.5,335.0,2.6
29.0,2024-06-30 12:37:31.100000+00:00,36.0,1239,932.8,0.0,9550,46.2,317.0,1.9
29.1,2024-06-30 12:38:31.061000+00:00,37.0,1239,932.8,0.0,9550,46.2,322.0,2.3
29.1,2024-06-30 12:39:31.066000+00:00,36.0,1239,932.6,0.0,9550,47.3,281.0,1.7
29.1,2024-06-30 12:40:31.085000+00:00,36.0,1239,932.7,0.0,9550,47.3,10.0,2.1
29.1,2024-06-30 12:41:31.094000+00:00,36.0,1239,932.8,0.0,9550,46.9,268.0,2.3
29.0,2024-06-30 12:42:31.104000+00:00,36.0,1239,932.8,0.0,9550,46.8,331.0,1.3
29.0,2024-06-30 12:43:31.104000+00:00,36.0,1239,932.9,0.0,9550,46.8,315.0,1.0
28.9,2024-06-30 12:44:31.107000+00:00,36.0,1239,932.9,0.0,9550,46.6,329.0,2.6
28.9,2024-06-30 12:45:31.100000+00:00,37.0,1239,932.8,0.0,9550,45.9,322.0,2.6
28.7,2024-06-30 12:46:31.100000+00:00,37.0,1239,933.0,0.0,9550,46.2,334.0,1.9
28.7,2024-06-30 12:47:31.107000+00:00,37.0,1239,932.8,0.0,9550,46.2,348.0,2.1
28.6,2024-06-30 12:48:31.104000+00:00,37.0,1239,932.8,1.0,9550,46.2,6.0,2.2
28.7,2024-06-30 12:49:31.104000+00:00,37.0,1239,932.9,0.0,9550,46.0,290.0,2.2
28.7,2024-06-30 12:50:31.100000+00:00,37.0,1239,932.8,0.0,9550,46.0,346.0,1.8
28.7,2024-06-30 12:51:31.101000+00:00,37.0,1239,933.0,0.0,9550,46.6,295.0,1.6
28.8,2024-06-30 12:52:31.110000+00:00,36.0,1239,932.9,0.0,9550,47.2,317.0,2.3
28.9,2024-06-30 12:53:31.100000+00:00,36.0,1239,932.8,0.0,9550,47.4,40.0,2.4
28.8,2024-06-30 12:54:31.098000+00:00,36.0,1239,932.9,0.0,9550,47.7,59.0,2.1
28.8,2024-06-30 12:55:31.108000+00:00,36.0,1239,932.8,0.0,9550,47.6,318.0,2.3
28.8,2024-06-30 12:56:31.105000+00:00,37.0,1239,932.9,0.0,9550,47.6,336.0,2.4
28.9,2024-06-30 12:57:31.108000+00:00,37.0,1239,932.9,0.0,9550,47.7,307.0,2.3
28.9,2024-06-30 12:58:31.125000+00:00,36.0,1239,933.0,0.0,9550,47.7,307.0,1.4
29.0,2024-06-30 12:59:31.114000+00:00,36.0,1239,933.0,0.0,9550,47.5,350.0,1.4
29.1,2024-06-30 13:00:31.116000+00:00,36.0,1239,933.0,0.0,9550,47.0,285.0,2.6
29.0,2024-06-30 13:01:31.113000+00:00,36.0,1239,932.9,0.0,9550,46.5,313.0,1.9
28.9,2024-06-30 13:02:31.114000+00:00,36.0,1239,933.0,0.0,9550,46.5,14.0,1.9
28.9,2024-06-30 13:03:31.107000+00:00,36.0,1239,933.0,0.0,9550,47.2,3.0,2.1
28.9,2024-06-30 13:04:31.111000+00:00,36.0,1239,933.0,0.0,9550,47.3,268.0,1.7
29.0,2024-06-30 13:05:31.116000+00:00,36.0,1239,932.8,0.0,9550,47.4,29.0,1.8
29.2,2024-06-30 13:06:31.129000+00:00,35.0,1239,933.0,0.0,9550,48.1,359.0,1.6
29.3,2024-06-30 13:07:31.153000+00:00,35.0,1239,932.9,0.0,9550,48.1,120.0,0.7
29.4,2024-06-30 13:08:31.156000+00:00,35.0,1239,933.0,0.0,9550,48.2,110.0,1.3
29.5,2024-06-30 13:09:31.167000+00:00,35.0,1239,932.9,0.0,9550,48.2,31.0,2.0
29.5,2024-06-30 13:10:31.184000+00:00,34.0,1239,932.9,0.0,9550,48.4,283.0,1.2
29.4,2024-06-30 13:11:31.178000+00:00,35.0,1239,933.0,0.0,9550,48.6,286.0,1.3
29.5,2024-06-30 13:12:31.189000+00:00,35.0,1239,932.9,0.0,9550,48.7,292.0,1.5
29.5,2024-06-30 13:13:31.182000+00:00,35.0,1239,932.9,0.0,9550,48.7,115.0,1.7
29.6,2024-06-30 13:14:31.176000+00:00,35.0,1239,932.9,0.0,9550,48.7,113.0,1.1
29.6,2024-06-30 13:15:31.211000+00:00,34.0,1239,932.8,0.0,9550,49.0,288.0,0.9
29.7,2024-06-30 13:16:31.207000+00:00,34.0,1239,932.8,0.0,9550,48.7,43.0,2.4
29.6,2024-06-30 13:17:31.235000+00:00,34.0,1239,932.9,0.0,9550,48.2,308.0,1.1
29.5,2024-06-30 13:18:31.245000+00:00,34.0,1239,932.9,0.0,9550,48.0,10.0,1.1
29.6,2024-06-30 13:19:31.255000+00:00,34.0,1239,932.9,0.0,9550,48.1,119.0,1.6
29.6,2024-06-30 13:20:31.250000+00:00,34.0,1239,932.9,0.0,9550,48.6,100.0,1.5
29.6,2024-06-30 13:21:31.253000+00:00,33.0,1239,932.8,0.0,9550,48.2,1.0,1.5
29.7,2024-06-30 13:22:31.251000+00:00,34.0,1239,932.8,0.0,9550,48.1,14.0,1.6
29.8,2024-06-30 13:23:31.252000+00:00,33.0,1239,932.7,0.0,9550,48.0,321.0,1.3
29.8,2024-06-30 13:24:31.246000+00:00,34.0,1239,932.9,0.0,9550,47.8,353.0,1.8
29.8,2024-06-30 13:25:31.277000+00:00,34.0,1239,932.9,0.0,9550,47.6,194.0,1.4
29.7,2024-06-30 13:26:31.257000+00:00,35.0,1239,932.9,0.0,9550,47.8,41.0,1.2
29.7,2024-06-30 13:27:31.261000+00:00,35.0,1239,933.0,0.0,9550,48.3,0.0,0.9
29.6,2024-06-30 13:28:31.263000+00:00,35.0,1239,933.0,0.0,9550,48.3,318.0,0.9
29.6,2024-06-30 13:29:31.255000+00:00,35.0,1239,932.9,0.0,9550,48.2,271.0,2.0
29.7,2024-06-30 13:30:31.263000+00:00,34.0,1239,932.9,0.0,9550,47.3,208.0,1.4
29.8,2024-06-30 13:31:31.278000+00:00,35.0,1239,932.9,0.0,9550,47.3,58.0,0.9
29.9,2024-06-30 13:32:31.261000+00:00,35.0,1239,932.8,0.0,9550,47.3,73.0,0.9
30.0,2024-06-30 13:33:31.258000+00:00,35.0,1239,932.8,0.0,9550,46.9,326.0,1.1
30.0,2024-06-30 13:34:31.255000+00:00,35.0,1239,932.9,0.0,9550,47.1,323.0,1.3
30.0,2024-06-30 13:35:31.257000+00:00,35.0,1239,932.9,0.0,9550,46.5,324.0,1.8
30.0,2024-06-30 13:36:31.270000+00:00,35.0,1239,933.0,0.0,9550,46.5,280.0,1.8
29.9,2024-06-30 13:37:31.264000+00:00,35.0,1239,932.9,0.0,9550,45.7,354.0,0.7
29.8,2024-06-30 13:38:31.268000+00:00,35.0,1239,932.9,0.0,9550,45.0,283.0,1.3
29.7,2024-06-30 13:39:31.271000+00:00,34.0,1239,933.0,0.0,9550,44.8,355.0,2.4
29.6,2024-06-30 13:40:31.272000+00:00,36.0,1239,933.0,0.0,9550,44.8,319.0,1.5
29.5,2024-06-30 13:41:31.259000+00:00,36.0,1239,932.8,0.0,9550,44.3,343.0,1.5
29.6,2024-06-30 13:42:31.270000+00:00,37.0,1239,932.8,0.0,9550,44.2,81.0,1.1
29.6,2024-06-30 13:43:31.272000+00:00,36.0,1239,932.9,0.0,9550,44.3,91.0,1.0
29.6,2024-06-30 13:44:31.277000+00:00,35.0,1239,932.9,0.0,9550,44.7,119.0,0.9
29.6,2024-06-30 13:45:31.310000+00:00,35.0,1239,932.9,0.0,9550,45.0,274.0,1.4
29.8,2024-06-30 13:46:31.304000+00:00,34.0,1239,932.8,0.0,9550,46.0,331.0,1.2
29.9,2024-06-30 13:47:31.292000+00:00,35.0,1239,932.8,0.0,9550,46.3,339.0,1.7
30.0,2024-06-30 13:48:31.302000+00:00,35.0,1239,932.8,0.0,9550,47.3,284.0,1.6
30.1,2024-06-30 13:49:31.325000+00:00,35.0,1239,932.9,0.0,9550,48.0,319.0,1.1
30.2,2024-06-30 13:50:31.376000+00:00,35.0,1239,933.0,0.0,9550,48.0,46.0,0.8
30.3,2024-06-30 13:51:31.344000+00:00,33.0,1239,932.9,0.0,9550,47.7,303.0,0.8
30.4,2024-06-30 13:52:31.340000+00:00,33.0,1239,932.8,0.0,9550,47.8,321.0,2.2
30.5,2024-06-30 13:53:31.332000+00:00,32.0,1239,932.8,0.0,9550,48.0,306.0,1.4
30.6,2024-06-30 13:54:31.335000+00:00,33.0,1239,932.9,0.0,9550,47.6,307.0,2.8
30.4,2024-06-30 13:55:31.341000+00:00,33.0,1239,932.8,0.0,9550,46.2,244.0,1.9
30.4,2024-06-30 13:56:31.331000+00:00,32.0,1239,932.9,0.0,9550,45.8,8.0,0.9
30.1,2024-06-30 13:57:31.341000+00:00,33.0,1239,932.9,0.0,9550,44.9,281.0,0.9
30.0,2024-06-30 13:58:31.352000+00:00,33.0,1239,932.9,0.0,9550,44.6,199.0,2.3
29.8,2024-06-30 13:59:31.345000+00:00,33.0,1239,932.9,0.0,9550,44.1,155.0,2.5
29.5,2024-06-30 14:00:31.360000+00:00,33.0,1239,932.9,0.0,9550,44.9,60.0,1.2
29.5,2024-06-30 14:01:31.374000+00:00,33.0,1239,932.9,0.0,9550,45.2,316.0,1.2
29.5,2024-06-30 14:02:31.378000+00:00,33.0,1239,932.8,0.0,9550,45.5,82.0,0.9
29.6,2024-06-30 14:03:31.381000+00:00,33.0,1239,932.9,0.0,9550,45.5,227.0,1.0
29.6,2024-06-30 14:04:31.379000+00:00,33.0,1239,932.8,0.0,9550,44.7,336.0,1.0
29.6,2024-06-30 14:05:31.379000+00:00,33.0,1239,932.9,0.0,9550,44.5,177.0,1.4
29.6,2024-06-30 14:06:31.397000+00:00,33.0,1239,932.9,0.0,9550,44.0,310.0,1.1
29.5,2024-06-30 14:07:31.411000+00:00,33.0,1239,932.9,0.0,9550,43.9,282.0,0.9
29.5,2024-06-30 14:08:31.407000+00:00,34.0,1239,932.8,0.0,9550,43.8,284.0,1.7
29.4,2024-06-30 14:09:31.408000+00:00,34.0,1239,932.9,0.0,9550,43.7,252.0,1.2
29.4,2024-06-30 14:10:31.417000+00:00,35.0,1239,932.8,0.0,9550,43.7,168.0,0.5
29.4,2024-06-30 14:11:31.413000+00:00,35.0,1239,932.7,0.0,9550,43.8,159.0,0.9
29.6,2024-06-30 14:12:31.419000+00:00,35.0,1239,932.7,0.0,9550,45.0,139.0,1.1
29.8,2024-06-30 14:13:31.413000+00:00,34.0,1239,932.6,0.0,9550,45.9,128.0,1.1
29.8,2024-06-30 14:14:31.420000+00:00,35.0,1239,932.8,0.0,9550,45.9,312.0,1.2
30.0,2024-06-30 14:15:31.421000+00:00,34.0,1239,932.8,0.0,9550,45.5,306.0,2.0
30.0,2024-06-30 14:16:31.415000+00:00,35.0,1239,932.8,0.0,9550,45.6,146.0,1.3
30.0,2024-06-30 14:17:31.417000+00:00,33.0,1239,932.9,0.0,9550,46.2,99.0,0.9
30.1,2024-06-30 14:18:31.415000+00:00,34.0,1239,932.8,0.0,9550,46.2,336.0,1.4
30.0,2024-06-30 14:19:31.426000+00:00,35.0,1239,932.9,0.0,9550,46.5,321.0,1.2
30.0,2024-06-30 14:20:31.416000+00:00,34.0,1239,932.8,0.0,9550,46.2,214.0,1.7
29.9,2024-06-30 14:21:31.415000+00:00,34.0,1239,932.8,0.0,9550,46.5,274.0,2.9
29.9,2024-06-30 14:22:31.421000+00:00,34.0,1239,932.8,0.0,9550,46.0,257.0,3.3
29.9,2024-06-30 14:23:31.424000+00:00,34.0,1239,932.8,0.0,9550,45.7,292.0,2.7
29.8,2024-06-30 14:24:31.418000+00:00,34.0,1239,932.9,0.0,9550,45.1,274.0,3.6
29.8,2024-06-30 14:25:31.427000+00:00,35.0,1239,932.7,0.0,9550,44.3,149.0,2.1
29.6,2024-06-30 14:26:31.427000+00:00,35.0,1239,932.7,0.0,9550,43.8,284.0,1.1
29.6,2024-06-30 14:27:31.424000+00:00,34.0,1239,932.8,0.0,9550,43.8,248.0,1.2
29.6,2024-06-30 14:28:31.422000+00:00,34.0,1239,932.8,0.0,9550,43.5,329.0,1.0
29.4,2024-06-30 14:29:31.430000+00:00,34.0,1239,932.7,0.0,9550,43.5,322.0,2.3
29.2,2024-06-30 14:30:31.430000+00:00,35.0,1239,932.8,0.0,9550,43.4,295.0,1.5
15.9,2024-07-07 13:05:02.119000+00:00,67.0,1240,991.8,0.0,9558,28.1,226.0,2.2
15.9,2024-07-07 13:06:02.098000+00:00,66.0,1240,991.7,0.0,9558,27.6,268.0,1.5
15.9,2024-07-07 13:07:02.122000+00:00,65.0,1240,991.7,0.0,9558,27.0,291.0,1.4
15.9,2024-07-07 13:08:02.127000+00:00,66.0,1240,991.8,0.0,9558,27.0,195.0,1.1
15.9,2024-07-07 13:09:02.125000+00:00,64.0,1240,991.8,0.0,9558,31.0,225.0,1.9
15.9,2024-07-07 13:10:02.120000+00:00,64.0,1240,991.9,1.0,9558,31.3,206.0,2.0
15.8,2024-07-07 13:11:02.102000+00:00,64.0,1240,991.9,1.0,9558,31.3,206.0,2.0
15.8,2024-07-07 13:12:02.096000+00:00,67.0,1240,991.8,1.0,9558,31.0,242.0,1.1
15.8,2024-07-07 13:13:02.111000+00:00,68.0,1240,991.8,1.0,9558,26.5,254.0,1.0
15.8,2024-07-07 13:14:02.125000+00:00,70.0,1240,991.8,1.0,9558,26.5,0.0,0.6
15.7,2024-07-07 13:15:02.145000+00:00,70.0,1240,991.9,1.0,9558,26.6,0.0,0.7
15.6,2024-07-07 13:16:02.153000+00:00,70.0,1240,991.9,1.0,9558,26.5,327.0,0.7
15.5,2024-07-07 13:17:02.146000+00:00,71.0,1240,991.9,1.0,9558,26.5,224.0,0.7
15.4,2024-07-07 13:18:02.160000+00:00,75.0,1240,991.9,1.0,9558,27.6,157.0,1.0
15.4,2024-07-07 13:19:02.145000+00:00,73.0,1240,992.0,1.0,9558,29.4,238.0,0.6
15.4,2024-07-07 13:20:02.163000+00:00,73.0,1240,992.0,1.0,9558,29.8,243.0,1.0
15.3,2024-07-07 13:21:02.176000+00:00,73.0,1240,991.9,1.0,9558,32.2,97.0,0.9
15.3,2024-07-07 13:22:02.173000+00:00,72.0,1240,991.9,0.0,9558,32.9,236.0,1.0
15.3,2024-07-07 13:23:02.171000+00:00,74.0,1240,991.8,0.0,9558,34.7,101.0,0.5
15.4,2024-07-07 13:24:02.168000+00:00,72.0,1240,991.9,0.0,9558,35.2,5.0,0.7
15.6,2024-07-07 13:25:02.188000+00:00,72.0,1240,991.9,0.0,9558,35.2,255.0,0.7
15.8,2024-07-07 13:26:02.189000+00:00,71.0,1240,991.9,1.0,9558,34.5,286.0,0.8
15.9,2024-07-07 13:27:02.229000+00:00,73.0,1240,991.9,1.0,9558,36.4,261.0,0.7
16.0,2024-07-07 13:28:02.230000+00:00,71.0,1240,991.8,0.0,9558,36.9,225.0,1.0
16.1,2024-07-07 13:29:02.220000+00:00,66.0,1240,991.8,0.0,9558,36.4,218.0,1.4
16.2,2024-07-07 13:30:02.202000+00:00,67.0,1240,991.8,0.0,9558,37.1,301.0,2.0
16.3,2024-07-07 13:31:02.218000+00:00,65.0,1240,991.8,0.0,9558,33.1,132.0,1.2
16.2,2024-07-07 13:32:02.256000+00:00,67.0,1240,991.8,0.0,9558,31.5,229.0,1.2
16.3,2024-07-07 13:33:02.252000+00:00,65.0,1240,991.9,0.0,9558,31.5,7.0,0.9
16.3,2024-07-07 13:34:02.286000+00:00,67.0,1240,991.8,0.0,9558,36.9,219.0,0.6
16.4,2024-07-07 13:35:02.291000+00:00,65.0,1240,991.9,0.0,9558,36.9,263.0,2.2
16.3,2024-07-07 13:36:02.311000+00:00,62.0,1240,992.0,0.0,9558,36.9,221.0,1.1
16.4,2024-07-07 13:37:02.311000+00:00,61.0,1240,992.0,0.0,9558,35.4,222.0,1.8
16.1,2024-07-07 13:38:02.307000+00:00,64.0,1240,991.9,0.0,9558,35.2,319.0,1.4
16.1,2024-07-07 13:39:02.328000+00:00,63.0,1240,991.9,0.0,9558,35.2,222.0,1.0
16.2,2024-07-07 13:40:02.318000+00:00,62.0,1240,992.0,0.0,9558,35.2,213.0,1.2
16.2,2024-07-07 13:41:02.331000+00:00,65.0,1240,992.0,0.0,9558,35.2,3.0,0.8
16.3,2024-07-07 13:42:02.328000+00:00,64.0,1240,991.9,0.0,9558,36.4,270.0,0.7
16.3,2024-07-07 13:43:02.347000+00:00,65.0,1240,992.0,0.0,9558,37.2,194.0,1.2
16.2,2024-07-07 13:44:02.388000+00:00,64.0,1240,991.9,0.0,9558,36.8,234.0,1.2
16.1,2024-07-07 13:45:02.368000+00:00,66.0,1240,991.9,0.0,9558,36.5,245.0,1.0
16.0,2024-07-07 13:46:02.345000+00:00,67.0,1240,992.0,0.0,9558,36.5,258.0,0.9
16.1,2024-07-07 13:47:02.351000+00:00,64.0,1240,992.0,0.0,9558,36.8,260.0,1.1
16.0,2024-07-07 13:48:02.352000+00:00,65.0,1240,991.9,0.0,9558,36.8,42.0,1.0
16.0,2024-07-07 13:49:02.358000+00:00,64.0,1240,991.9,0.0,9558,37.3,0.0,1.6
16.1,2024-07-07 13:50:02.358000+00:00,63.0,1240,992.0,0.0,9558,37.6,227.0,0.9
16.2,2024-07-07 13:51:02.376000+00:00,64.0,1240,992.0,0.0,9558,37.9,238.0,0.8
16.3,2024-07-07 13:52:02.371000+00:00,64.0,1240,991.9,0.0,9558,37.0,189.0,0.6
16.3,2024-07-07 13:53:02.400000+00:00,64.0,1240,991.9,0.0,9558,33.2,270.0,0.4
16.3,2024-07-07 13:54:02.420000+00:00,63.0,1240,992.0,0.0,9558,33.0,278.0,0.7
16.3,2024-07-07 13:55:02.420000+00:00,63.0,1240,991.9,0.0,9558,33.0,209.0,0.8
16.3,2024-07-07 13:56:02.427000+00:00,62.0,1240,992.1,0.0,9558,33.2,285.0,1.4
16.2,2024-07-07 13:57:02.424000+00:00,64.0,1240,992.0,0.0,9558,33.0,215.0,0.9
16.2,2024-07-07 13:58:02.448000+00:00,63.0,1240,992.0,0.0,9558,33.0,259.0,1.2
16.1,2024-07-07 13:59:02.452000+00:00,64.0,1240,992.0,0.0,9558,33.0,243.0,1.7
16.1,2024-07-07 14:00:02.446000+00:00,63.0,1240,992.0,0.0,9558,33.0,238.0,1.8
16.1,2024-07-07 14:01:02.472000+00:00,64.0,1240,992.0,0.0,9558,33.0,233.0,2.0
16.1,2024-07-07 14:02:02.478000+00:00,63.0,1240,992.0,0.0,9558,33.0,254.0,1.9
16.1,2024-07-07 14:03:02.496000+00:00,64.0,1240,992.0,0.0,9558,33.0,275.0,1.6
16.2,2024-07-07 14:04:02.504000+00:00,63.0,1240,992.0,0.0,9558,33.0,215.0,1.6
16.2,2024-07-07 14:05:02.495000+00:00,61.0,1240,991.9,0.0,9558,33.0,249.0,1.8
16.3,2024-07-07 14:06:02.504000+00:00,62.0,1240,991.9,0.0,9558,33.0,235.0,2.0
16.3,2024-07-07 14:07:02.521000+00:00,61.0,1240,992.0,0.0,9558,24.3,237.0,1.9
16.3,2024-07-07 14:08:02.584000+00:00,61.0,1240,991.9,0.0,9558,24.1,216.0,2.5
16.2,2024-07-07 14:09:02.537000+00:00,60.0,1240,992.0,0.0,9558,24.0,243.0,2.2
16.3,2024-07-07 14:10:02.539000+00:00,60.0,1240,991.9,0.0,9558,24.2,209.0,2.4
16.2,2024-07-07 14:11:02.553000+00:00,61.0,1240,992.0,0.0,9558,24.3,248.0,2.1
16.3,2024-07-07 14:12:02.559000+00:00,61.0,1240,992.0,0.0,9558,25.4,251.0,2.1
16.4,2024-07-07 14:13:02.567000+00:00,60.0,1240,992.0,0.0,9558,25.8,241.0,2.4
16.4,2024-07-07 14:14:02.569000+00:00,60.0,1240,992.0,0.0,9558,26.0,256.0,1.6
16.5,2024-07-07 14:15:02.580000+00:00,61.0,1240,992.0,0.0,9558,26.1,320.0,2.0
16.6,2024-07-07 14:16:02.567000+00:00,62.0,1240,992.0,0.0,9558,26.0,240.0,0.9
16.8,2024-07-07 14:17:02.563000+00:00,61.0,1240,992.0,0.0,9558,25.7,208.0,1.5
16.8,2024-07-07 14:18:02.573000+00:00,62.0,1240,991.9,0.0,9558,25.6,231.0,1.7
16.8,2024-07-07 14:19:02.593000+00:00,60.0,1240,991.9,0.0,9558,25.4,243.0,2.0
16.7,2024-07-07 14:20:02.575000+00:00,59.0,1240,991.9,0.0,9558,25.3,234.0,2.1
16.7,2024-07-07 14:21:02.585000+00:00,61.0,1240,991.8,0.0,9558,25.2,205.0,2.1
16.7,2024-07-07 14:22:02.612000+00:00,60.0,1240,992.0,0.0,9558,24.9,240.0,1.8
16.6,2024-07-07 14:23:02.622000+00:00,59.0,1240,991.9,0.0,9558,24.8,211.0,2.1
16.5,2024-07-07 14:24:02.627000+00:00,60.0,1240,991.9,0.0,9558,24.6,243.0,1.2
16.5,2024-07-07 14:25:02.674000+00:00,59.0,1240,992.0,0.0,9558,24.6,187.0,1.9
16.5,2024-07-07 14:26:02.655000+00:00,59.0,1240,991.9,0.0,9558,24.4,242.0,1.4
16.5,2024-07-07 14:27:02.655000+00:00,60.0,1240,991.9,0.0,9558,24.3,266.0,1.4
16.4,2024-07-07 14:28:02.674000+00:00,62.0,1240,992.1,0.0,9558,24.3,242.0,1.6
16.5,2024-07-07 14:29:02.669000+00:00,61.0,1240,992.1,0.0,9558,24.3,276.0,1.5
16.6,2024-07-07 14:30:02.680000+00:00,60.0,1240,992.1,1.0,9558,23.9,59.0,1.6
16.4,2024-07-07 14:31:02.667000+00:00,63.0,1240,992.0,1.0,9558,23.2,103.0,1.5
16.2,2024-07-07 14:32:02.688000+00:00,64.0,1240,992.1,1.0,9558,22.9,335.0,1.5
16.1,2024-07-07 14:33:02.676000+00:00,67.0,1240,992.2,1.0,9558,22.5,230.0,0.7
15.9,2024-07-07 14:34:02.675000+00:00,67.0,1240,992.1,1.0,9558,22.3,299.0,1.6
15.6,2024-07-07 14:35:02.692000+00:00,69.0,1240,992.2,1.0,9558,22.1,229.0,1.6
15.4,2024-07-07 14:36:02.704000+00:00,68.0,1240,992.2,1.0,9558,22.1,210.0,0.9
15.2,2024-07-07 14:37:02.742000+00:00,68.0,1240,992.1,1.0,9558,22.0,266.0,0.7
15.2,2024-07-07 14:38:02.707000+00:00,69.0,1240,992.2,1.0,9558,22.0,222.0,1.2
15.1,2024-07-07 14:39:02.719000+00:00,68.0,1240,992.2,1.0,9558,21.9,169.0,0.8
15.1,2024-07-07 14:40:02.753000+00:00,68.0,1240,992.2,1.0,9558,22.0,251.0,0.8
15.1,2024-07-07 14:41:02.728000+00:00,69.0,1240,992.2,1.0,9558,22.0,267.0,0.8
15.1,2024-07-07 14:42:02.763000+00:00,67.0,1240,992.3,1.0,9558,22.0,225.0,1.0
15.1,2024-07-07 14:43:02.777000+00:00,68.0,1240,992.2,1.0,9558,21.5,116.0,0.9
15.1,2024-07-07 14:44:02.784000+00:00,68.0,1240,992.2,1.0,9558,21.4,272.0,0.7
15.1,2024-07-07 14:45:02.781000+00:00,68.0,1240,992.3,1.0,9558,21.2,267.0,0.6
15.0,2024-07-07 14:46:02.797000+00:00,70.0,1240,992.3,1.0,9558,21.1,141.0,1.0
15.0,2024-07-07 14:47:02.797000+00:00,69.0,1240,992.4,1.0,9558,21.0,236.0,0.9
14.9,2024-07-07 14:48:02.822000+00:00,71.0,1240,992.5,1.0,9558,20.9,176.0,1.1
14.9,2024-07-07 14:49:02.825000+00:00,70.0,1240,992.5,1.0,9558,20.7,240.0,0.9
14.9,2024-07-07 14:50:02.817000+00:00,72.0,1240,992.4,1.0,9558,20.7,224.0,1.0
14.8,2024-07-07 14:51:02.829000+00:00,73.0,1240,992.4,1.0,9558,20.7,207.0,1.7
14.7,2024-07-07 14:52:02.822000+00:00,73.0,1240,992.5,1.0,9558,20.7,240.0,1.4
14.6,2024-07-07 14:53:02.824000+00:00,73.0,1240,992.5,1.0,9558,20.7,230.0,1.7
14.5,2024-07-07 14:54:02.841000+00:00,73.0,1240,992.5,1.0,9558,20.7,235.0,1.6
14.5,2024-07-07 14:55:02.871000+00:00,74.0,1240,992.5,1.0,9558,20.7,224.0,1.4
14.6,2024-07-07 14:56:02.880000+00:00,75.0,1240,992.6,1.0,9558,21.0,247.0,0.5
14.6,2024-07-07 14:57:02.893000+00:00,76.0,1240,992.6,1.0,9558,21.2,221.0,1.6
14.6,2024-07-07 14:58:02.907000+00:00,76.0,1240,992.5,1.0,9558,21.3,218.0,1.5
14.5,2024-07-07 14:59:02.914000+00:00,75.0,1240,992.6,1.0,9558,21.2,253.0,1.4
14.6,2024-07-07 15:00:02.913000+00:00,75.0,1240,992.5,1.0,9558,21.2,240.0,1.7
14.5,2024-07-07 15:01:02.923000+00:00,76.0,1240,992.5,1.0,9558,21.4,232.0,1.2
14.6,2024-07-07 15:02:02.923000+00:00,78.0,1240,992.5,1.0,9558,22.5,201.0,1.3
14.6,2024-07-07 15:03:02.935000+00:00,77.0,1240,992.5,1.0,9558,23.8,242.0,1.8
14.6,2024-07-07 15:04:02.949000+00:00,76.0,1240,992.6,1.0,9558,24.2,237.0,1.9
14.6,2024-07-07 15:05:02.943000+00:00,78.0,1240,992.5,0.0,9558,24.6,245.0,1.4
14.8,2024-07-07 15:06:02.948000+00:00,75.0,1240,992.4,0.0,9558,24.6,265.0,1.2
15.1,2024-07-07 15:07:02.959000+00:00,74.0,1240,992.6,0.0,9558,24.4,196.0,0.8
15.2,2024-07-07 15:08:02.987000+00:00,73.0,1240,992.5,0.0,9558,24.2,260.0,2.2
15.3,2024-07-07 15:09:02.978000+00:00,76.0,1240,992.5,0.0,9558,24.2,216.0,1.1
15.3,2024-07-07 15:10:02.983000+00:00,75.0,1240,992.4,0.0,9558,24.7,233.0,0.8
15.2,2024-07-07 15:11:02.996000+00:00,75.0,1240,992.5,0.0,9558,25.0,289.0,1.4
15.3,2024-07-07 15:12:03.040000+00:00,75.0,1240,992.5,0.0,9558,24.9,240.0,1.6
15.4,2024-07-07 15:13:03.028000+00:00,72.0,1240,992.5,1.0,9558,24.5,215.0,2.0
15.4,2024-07-07 15:14:03.040000+00:00,73.0,1240,992.5,1.0,9558,24.5,241.0,2.0
15.5,2024-07-07 15:15:03.048000+00:00,73.0,1240,992.5,0.0,9558,25.0,243.0,2.0
15.5,2024-07-07 15:16:03.049000+00:00,71.0,1240,992.6,0.0,9558,25.0,246.0,2.0
15.6,2024-07-07 15:17:03.029000+00:00,69.0,1240,992.5,0.0,9558,24.9,103.0,0.9
15.6,2024-07-07 15:18:03.054000+00:00,71.0,1240,992.5,0.0,9558,24.9,238.0,1.1
15.7,2024-07-07 15:19:03.080000+00:00,71.0,1240,992.5,0.0,9558,25.2,232.0,1.2
15.7,2024-07-07 15:20:03.083000+00:00,72.0,1240,992.6,0.0,9558,25.2,225.0,1.5
15.8,2024-07-07 15:21:03.104000+00:00,69.0,1240,992.4,0.0,9558,25.2,222.0,1.8
15.8,2024-07-07 15:22:03.113000+00:00,69.0,1240,992.5,0.0,9558,25.4,219.0,1.7
15.9,2024-07-07 15:23:03.118000+00:00,69.0,1240,992.5,0.0,9558,25.5,230.0,1.4
15.9,2024-07-07 15:24:03.133000+00:00,68.0,1240,992.4,0.0,9558,25.3,258.0,1.2
15.8,2024-07-07 15:25:03.120000+00:00,69.0,1240,992.5,0.0,9558,25.2,241.0,0.7
15.8,2024-07-07 15:26:03.163000+00:00,68.0,1240,992.5,0.0,9558,24.9,230.0,1.9
15.8,2024-07-07 15:27:03.155000+00:00,69.0,1240,992.4,0.0,9558,24.8,224.0,2.1
15.9,2024-07-07 15:28:03.175000+00:00,70.0,1240,992.4,0.0,9558,25.0,261.0,1.7
15.9,2024-07-07 15:29:03.195000+00:00,71.0,1240,992.4,0.0,9558,26.1,222.0,1.0
16.0,2024-07-07 15:30:03.198000+00:00,69.0,1240,992.5,0.0,9558,26.4,230.0,1.6
16.0,2024-07-07 15:31:03.204000+00:00,68.0,1240,992.4,0.0,9558,26.2,291.0,1.6
27.4,2024-07-21 12:08:51.323000+00:00,51.0,1241,982.0,0.0,9566,43.7,333.0,1.0
27.4,2024-07-21 12:09:51.334000+00:00,52.0,1241,982.0,0.0,9566,45.1,318.0,1.4
27.5,2024-07-21 12:10:51.355000+00:00,51.0,1241,982.0,0.0,9566,46.0,306.0,1.6
27.5,2024-07-21 12:11:51.354000+00:00,51.0,1241,982.1,0.0,9566,46.0,308.0,1.3
27.4,2024-07-21 12:12:51.377000+00:00,51.0,1241,982.0,0.0,9566,45.4,325.0,1.9
27.5,2024-07-21 12:13:51.356000+00:00,51.0,1241,982.0,0.0,9566,45.8,32.0,1.5
27.5,2024-07-21 12:14:51.356000+00:00,52.0,1241,982.0,0.0,9566,45.8,313.0,1.3
27.5,2024-07-21 12:15:51.357000+00:00,51.0,1241,982.0,0.0,9566,46.1,316.0,1.0
27.6,2024-07-21 12:16:51.374000+00:00,52.0,1241,982.0,0.0,9566,46.0,268.0,1.6
27.6,2024-07-21 12:17:51.407000+00:00,52.0,1241,982.0,0.0,9566,47.7,331.0,1.2
27.7,2024-07-21 12:18:51.413000+00:00,51.0,1241,982.0,0.0,9566,46.9,336.0,0.8
27.6,2024-07-21 12:19:51.421000+00:00,51.0,1241,982.0,0.0,9566,47.6,358.0,1.3
27.7,2024-07-21 12:20:51.423000+00:00,50.0,1241,981.9,0.0,9566,47.4,330.0,1.6
27.6,2024-07-21 12:21:51.439000+00:00,50.0,1241,981.9,0.0,9566,45.3,10.0,1.9
27.6,2024-07-21 12:22:51.449000+00:00,50.0,1241,981.9,0.0,9566,44.0,357.0,2.4
27.6,2024-07-21 12:23:51.453000+00:00,51.0,1241,982.0,0.0,9566,44.3,191.0,1.5
27.7,2024-07-21 12:24:51.444000+00:00,51.0,1241,982.0,0.0,9566,45.6,250.0,1.1
27.6,2024-07-21 12:25:51.445000+00:00,51.0,1241,982.0,0.0,9566,45.6,205.0,0.9
27.8,2024-07-21 12:26:51.443000+00:00,51.0,1241,982.0,0.0,9566,47.3,236.0,0.5
28.0,2024-07-21 12:27:51.433000+00:00,49.0,1241,982.0,0.0,9566,47.3,235.0,0.8
28.1,2024-07-21 12:28:51.447000+00:00,50.0,1241,981.9,0.0,9566,47.2,268.0,1.4
28.2,2024-07-21 12:29:51.444000+00:00,49.0,1241,981.9,0.0,9566,47.2,297.0,1.4
28.3,2024-07-21 12:30:51.445000+00:00,49.0,1241,981.9,0.0,9566,47.7,268.0,0.7
28.4,2024-07-21 12:31:51.456000+00:00,51.0,1241,981.9,0.0,9566,49.0,340.0,1.6
28.3,2024-07-21 12:32:51.450000+00:00,51.0,1241,981.8,0.0,9566,49.7,355.0,1.3
28.2,2024-07-21 12:33:51.447000+00:00,50.0,1241,981.9,0.0,9566,49.0,308.0,1.1
28.2,2024-07-21 12:34:51.448000+00:00,49.0,1241,981.9,0.0,9566,47.0,328.0,1.6
28.1,2024-07-21 12:35:51.453000+00:00,48.0,1241,981.9,0.0,9566,43.3,319.0,1.3
28.1,2024-07-21 12:36:51.449000+00:00,48.0,1241,981.8,0.0,9566,40.7,5.0,1.3
28.1,2024-07-21 12:37:51.451000+00:00,49.0,1241,981.9,0.0,9566,42.7,310.0,1.3
28.0,2024-07-21 12:38:51.451000+00:00,49.0,1241,981.9,0.0,9566,42.7,311.0,1.5
28.0,2024-07-21 12:39:51.444000+00:00,49.0,1241,981.8,0.0,9566,41.4,315.0,1.5
28.0,2024-07-21 12:40:51.452000+00:00,48.0,1241,981.8,0.0,9566,40.8,304.0,1.4
28.0,2024-07-21 12:41:51.453000+00:00,48.0,1241,981.9,0.0,9566,40.9,323.0,1.0
28.0,2024-07-21 12:42:51.457000+00:00,48.0,1241,981.7,0.0,9566,43.7,298.0,1.3
28.0,2024-07-21 12:43:51.457000+00:00,48.0,1241,981.8,0.0,9566,43.7,300.0,1.4
28.1,2024-07-21 12:44:51.457000+00:00,48.0,1241,981.8,0.0,9566,43.5,355.0,1.0
28.3,2024-07-21 12:45:51.458000+00:00,47.0,1241,981.8,0.0,9566,44.1,349.0,1.4
28.4,2024-07-21 12:46:51.456000+00:00,47.0,1241,981.8,0.0,9566,44.5,9.0,1.0
28.3,2024-07-21 12:47:51.458000+00:00,47.0,1241,981.8,0.0,9566,44.5,5.0,0.6
28.3,2024-07-21 12:48:51.469000+00:00,46.0,1241,981.8,0.0,9566,44.8,198.0,1.8
28.2,2024-07-21 12:49:51.459000+00:00,50.0,1241,981.8,0.0,9566,45.0,357.0,1.9
28.1,2024-07-21 12:50:51.460000+00:00,47.0,1241,981.7,0.0,9566,40.7,3.0,1.9
28.1,2024-07-21 12:51:51.461000+00:00,47.0,1241,981.8,0.0,9566,40.7,278.0,1.7
28.1,2024-07-21 12:52:51.463000+00:00,48.0,1241,981.8,0.0,9566,42.1,347.0,1.4
28.1,2024-07-21 12:53:51.466000+00:00,48.0,1241,981.8,0.0,9566,43.3,316.0,1.9
28.2,2024-07-21 12:54:51.466000+00:00,48.0,1241,981.8,0.0,9566,43.6,309.0,1.2
28.4,2024-07-21 12:55:51.466000+00:00,46.0,1241,981.9,0.0,9566,43.5,309.0,1.8
28.5,2024-07-21 12:56:51.464000+00:00,46.0,1241,981.8,0.0,9566,43.6,316.0,1.5
28.5,2024-07-21 12:57:51.465000+00:00,47.0,1241,981.8,0.0,9566,43.6,309.0,1.3
28.5,2024-07-21 12:58:51.466000+00:00,46.0,1241,981.8,0.0,9566,42.9,265.0,1.0
28.5,2024-07-21 12:59:51.472000+00:00,47.0,1241,981.8,0.0,9566,43.2,213.0,0.9
28.5,2024-07-21 13:00:51.455000+00:00,48.0,1241,981.8,0.0,9566,43.3,251.0,0.7
28.6,2024-07-21 13:01:51.469000+00:00,45.0,1241,981.7,0.0,9566,45.2,102.0,0.6
28.9,2024-07-21 13:02:51.473000+00:00,45.0,1241,981.7,0.0,9566,45.5,5.0,0.4
28.9,2024-07-21 13:03:51.469000+00:00,45.0,1241,981.7,0.0,9566,45.5,7.0,1.0
29.0,2024-07-21 13:04:51.459000+00:00,45.0,1241,981.7,0.0,9566,44.6,191.0,1.9
28.9,2024-07-21 13:05:51.468000+00:00,45.0,1241,981.7,0.0,9566,44.6,174.0,0.8
29.0,2024-07-21 13:06:51.472000+00:00,46.0,1241,981.7,0.0,9566,45.2,316.0,1.1
28.8,2024-07-21 13:07:51.475000+00:00,48.0,1241,981.7,0.0,9566,46.8,321.0,1.7
28.8,2024-07-21 13:08:51.475000+00:00,45.0,1241,981.6,0.0,9566,46.8,36.0,1.5
29.0,2024-07-21 13:09:51.478000+00:00,46.0,1241,981.7,0.0,9566,46.6,182.0,0.7
28.9,2024-07-21 13:10:51.474000+00:00,46.0,1241,981.6,0.0,9566,46.7,313.0,1.3
28.9,2024-07-21 13:11:51.477000+00:00,46.0,1241,981.6,0.0,9566,47.4,240.0,1.4
28.9,2024-07-21 13:12:51.486000+00:00,46.0,1241,981.6,0.0,9566,47.5,195.0,1.6
28.9,2024-07-21 13:13:51.476000+00:00,47.0,1241,981.7,0.0,9566,47.3,164.0,1.6
28.8,2024-07-21 13:14:51.477000+00:00,46.0,1241,981.6,0.0,9566,46.8,187.0,1.9
28.8,2024-07-21 13:15:51.478000+00:00,47.0,1241,981.6,0.0,9566,46.5,161.0,2.3
28.9,2024-07-21 13:16:51.485000+00:00,48.0,1241,981.5,0.0,9566,46.2,232.0,1.5
28.9,2024-07-21 13:17:51.483000+00:00,47.0,1241,981.5,0.0,9566,45.0,21.0,1.3
29.0,2024-07-21 13:18:51.487000+00:00,47.0,1241,981.5,0.0,9566,43.9,192.0,0.6
29.0,2024-07-21 13:19:51.532000+00:00,47.0,1241,981.6,0.0,9566,43.4,48.0,1.4
28.9,2024-07-21 13:20:51.481000+00:00,48.0,1241,981.5,0.0,9566,42.9,291.0,0.7
28.9,2024-07-21 13:21:51.524000+00:00,47.0,1241,981.5,0.0,9566,44.1,189.0,1.3
28.8,2024-07-21 13:22:51.491000+00:00,48.0,1241,981.6,0.0,9566,44.1,303.0,1.8
28.9,2024-07-21 13:23:51.486000+00:00,48.0,1241,981.5,0.0,9566,43.0,330.0,1.4
28.9,2024-07-21 13:24:51.486000+00:00,48.0,1241,981.5,0.0,9566,42.7,0.0,1.2
28.9,2024-07-21 13:25:51.486000+00:00,48.0,1241,981.6,0.0,9566,44.4,185.0,0.7
28.9,2024-07-21 13:26:51.493000+00:00,48.0,1241,981.6,0.0,9566,44.4,185.0,0.7
28.9,2024-07-21 13:27:51.501000+00:00,47.0,1241,981.5,0.0,9566,45.2,171.0,0.3
29.0,2024-07-21 13:28:51.487000+00:00,47.0,1241,981.4,0.0,9566,45.1,180.0,1.1
29.3,2024-07-21 13:29:51.489000+00:00,47.0,1241,981.5,0.0,9566,44.5,222.0,1.2
29.3,2024-07-21 13:30:51.495000+00:00,47.0,1241,981.4,0.0,9566,44.5,318.0,1.4
29.3,2024-07-21 13:31:51.512000+00:00,46.0,1241,981.5,0.0,9566,44.1,352.0,1.1
29.2,2024-07-21 13:32:51.537000+00:00,46.0,1241,981.5,0.0,9566,43.6,43.0,1.1
29.2,2024-07-21 13:33:51.563000+00:00,46.0,1241,981.5,0.0,9566,43.4,206.0,0.6
29.2,2024-07-21 13:34:51.561000+00:00,46.0,1241,981.5,0.0,9566,42.3,247.0,0.6
29.1,2024-07-21 13:35:51.574000+00:00,46.0,1241,981.6,0.0,9566,42.1,173.0,0.7
29.1,2024-07-21 13:36:51.591000+00:00,47.0,1241,981.5,0.0,9566,41.0,226.0,0.9
29.0,2024-07-21 13:37:51.608000+00:00,47.0,1241,981.5,0.0,9566,40.9,198.0,0.8
28.9,2024-07-21 13:38:51.623000+00:00,47.0,1241,981.5,0.0,9566,40.8,231.0,0.6
28.8,2024-07-21 13:39:51.638000+00:00,48.0,1241,981.6,0.0,9566,40.9,183.0,1.3
28.7,2024-07-21 13:40:51.656000+00:00,48.0,1241,981.6,0.0,9566,40.5,225.0,1.6
28.7,2024-07-21 13:41:51.672000+00:00,48.0,1241,981.6,0.0,9566,40.9,9.0,1.4
28.6,2024-07-21 13:42:51.689000+00:00,48.0,1241,981.6,0.0,9566,41.0,28.0,1.5
28.7,2024-07-21 13:43:51.708000+00:00,48.0,1241,981.6,0.0,9566,41.0,182.0,0.9
28.7,2024-07-21 13:44:51.718000+00:00,47.0,1241,981.5,0.0,9566,40.8,340.0,0.8
28.6,2024-07-21 13:45:51.729000+00:00,47.0,1241,981.6,0.0,9566,40.7,239.0,0.4
28.6,2024-07-21 13:46:51.738000+00:00,47.0,1241,981.5,0.0,9566,40.4,354.0,0.6
28.7,2024-07-21 13:47:51.742000+00:00,47.0,1241,981.5,0.0,9566,40.7,347.0,1.0
28.7,2024-07-21 13:48:51.741000+00:00,46.0,1241,981.6,0.0,9566,40.9,169.0,0.4
28.8,2024-07-21 13:49:51.741000+00:00,47.0,1241,981.7,0.0,9566,40.9,202.0,1.2
28.9,2024-07-21 13:50:51.756000+00:00,47.0,1241,981.6,0.0,9566,41.6,268.0,1.1
29.1,2024-07-21 13:51:51.760000+00:00,47.0,1241,981.5,0.0,9566,42.5,351.0,1.4
29.3,2024-07-21 13:52:51.755000+00:00,47.0,1241,981.6,0.0,9566,43.8,302.0,1.2
29.3,2024-07-21 13:53:51.757000+00:00,46.0,1241,981.6,0.0,9566,44.5,343.0,1.1
29.4,2024-07-21 13:54:51.761000+00:00,44.0,1241,981.5,0.0,9566,44.5,345.0,1.2
29.4,2024-07-21 13:55:51.763000+00:00,45.0,1241,981.6,0.0,9566,44.8,317.0,0.6
29.4,2024-07-21 13:56:51.774000+00:00,45.0,1241,981.5,0.0,9566,45.6,184.0,1.0
29.5,2024-07-21 13:57:51.791000+00:00,45.0,1241,981.6,0.0,9566,46.3,207.0,1.3
29.5,2024-07-21 13:58:51.826000+00:00,45.0,1241,981.6,0.0,9566,46.3,185.0,1.2
29.6,2024-07-21 13:59:51.830000+00:00,45.0,1241,981.6,0.0,9566,46.1,297.0,0.9
29.7,2024-07-21 14:00:51.839000+00:00,44.0,1241,981.6,0.0,9566,46.2,342.0,1.1
29.7,2024-07-21 14:01:51.857000+00:00,45.0,1241,981.7,0.0,9566,46.4,193.0,2.3
29.8,2024-07-21 14:02:51.856000+00:00,47.0,1241,981.6,0.0,9566,46.6,199.0,1.3
29.8,2024-07-21 14:03:51.861000+00:00,46.0,1241,981.7,0.0,9566,46.7,324.0,0.9
29.6,2024-07-21 14:04:51.857000+00:00,45.0,1241,981.6,0.0,9566,46.6,0.0,0.8
29.7,2024-07-21 14:05:51.860000+00:00,45.0,1241,981.7,0.0,9566,46.6,355.0,1.3
29.6,2024-07-21 14:06:51.863000+00:00,45.0,1241,981.6,0.0,9566,47.0,273.0,1.7
29.6,2024-07-21 14:07:51.876000+00:00,45.0,1241,981.5,0.0,9566,47.1,166.0,1.0
29.7,2024-07-21 14:08:51.876000+00:00,45.0,1241,981.7,0.0,9566,46.6,183.0,1.7
29.7,2024-07-21 14:09:51.881000+00:00,45.0,1241,981.6,0.0,9566,46.1,119.0,1.7
29.5,2024-07-21 14:10:51.894000+00:00,46.0,1241,981.6,0.0,9566,45.1,195.0,2.1
29.4,2024-07-21 14:11:51.894000+00:00,46.0,1241,981.6,0.0,9566,45.1,178.0,2.2
29.3,2024-07-21 14:12:51.898000+00:00,46.0,1241,981.6,0.0,9566,46.1,157.0,1.2
29.2,2024-07-21 14:13:51.904000+00:00,46.0,1241,981.5,0.0,9566,46.4,153.0,1.8
29.2,2024-07-21 14:14:51.930000+00:00,45.0,1241,981.6,0.0,9566,46.4,151.0,1.4
29.2,2024-07-21 14:15:51.932000+00:00,45.0,1241,981.5,0.0,9566,44.9,169.0,0.9
29.1,2024-07-21 14:16:51.955000+00:00,45.0,1241,981.6,0.0,9566,44.9,172.0,1.5
29.1,2024-07-21 14:17:51.938000+00:00,45.0,1241,981.6,0.0,9566,45.2,186.0,1.4
29.1,2024-07-21 14:18:51.946000+00:00,44.0,1241,981.6,0.0,9566,45.1,175.0,1.5
29.0,2024-07-21 14:19:51.947000+00:00,45.0,1241,981.6,0.0,9566,44.2,185.0,0.9
29.0,2024-07-21 14:20:51.970000+00:00,45.0,1241,981.5,0.0,9566,43.9,168.0,1.4
29.1,2024-07-21 14:21:51.966000+00:00,45.0,1241,981.5,0.0,9566,44.9,191.0,2.2
29.3,2024-07-21 14:22:51.981000+00:00,45.0,1241,981.6,0.0,9566,45.4,356.0,1.2
29.4,2024-07-21 14:23:51.998000+00:00,44.0,1241,981.5,0.0,9566,45.8,0.0,2.2
29.4,2024-07-21 14:24:52.017000+00:00,45.0,1241,981.6,0.0,9566,46.3,226.0,1.4
29.6,2024-07-21 14:25:52.016000+00:00,45.0,1241,981.5,0.0,9566,46.4,216.0,1.2
29.7,2024-07-21 14:26:52.030000+00:00,45.0,1241,981.6,0.0,9566,46.4,178.0,0.8
29.8,2024-07-21 14:27:52.029000+00:00,46.0,1241,981.5,0.0,9566,46.5,162.0,1.9
29.8,2024-07-21 14:28:52.037000+00:00,46.0,1241,981.5,0.0,9566,46.9,305.0,1.6
30.0,2024-07-21 14:29:52.034000+00:00,43.0,1241,981.6,0.0,9566,46.8,13.0,0.7
30.1,2024-07-21 14:30:52.032000+00:00,44.0,1241,981.5,0.0,9566,46.7,179.0,0.6
30.1,2024-07-21 14:31:52.065000+00:00,44.0,1241,981.5,0.0,9566,47.3,339.0,1.7
30.1,2024-07-21 14:32:52.033000+00:00,44.0,1241,981.5,0.0,9566,47.6,23.0,1.9
30.0,2024-07-21 14:33:52.034000+00:00,44.0,1241,981.5,0.0,9566,47.8,74.0,1.2
30.0,2024-07-21 14:34:52.035000+00:00,44.0,1241,981.5,0.0,9566,48.2,204.0,0.6
30.0,2024-07-21 14:35:52.036000+00:00,44.0,1241,981.5,0.0,9566,48.2,4.0,0.8
30.0,2024-07-21 14:36:52.036000+00:00,43.0,1241,981.5,0.0,9566,48.2,120.0,0.4
30.1,2024-07-21 14:37:52.074000+00:00,43.0,1241,981.5,0.0,9566,48.3,21.0,0.6
30.3,2024-07-21 14:38:52.037000+00:00,42.0,1241,981.5,0.0,9566,48.1,350.0,1.2
30.3,2024-07-21 14:39:52.038000+00:00,42.0,1241,981.4,0.0,9566,48.1,202.0,1.2
30.1,2024-07-21 14:40:52.040000+00:00,44.0,1241,981.5,0.0,9566,47.6,200.0,1.5
30.0,2024-07-21 14:41:52.057000+00:00,43.0,1241,981.6,0.0,9566,47.6,179.0,1.7
30.0,2024-07-21 14:42:52.041000+00:00,44.0,1241,981.5,0.0,9566,47.9,289.0,1.4
21.0,2024-07-28 12:08:52.029000+00:00,52.0,1242,978.1,0.0,9574,42.1,217.0,0.5
20.6,2024-07-28 12:09:52.027000+00:00,53.0,1242,978.0,0.0,9574,42.1,0.0,1.1
20.6,2024-07-28 12:10:52.024000+00:00,52.0,1242,978.0,0.0,9574,42.2,284.0,0.7
20.7,2024-07-28 12:11:52.030000+00:00,51.0,1242,978.1,0.0,9574,42.0,244.0,1.4
20.7,2024-07-28 12:12:52.034000+00:00,51.0,1242,978.1,0.0,9574,41.1,13.0,1.2
20.6,2024-07-28 12:13:52.039000+00:00,51.0,1242,978.1,0.0,9574,41.1,328.0,1.5
20.8,2024-07-28 12:14:52.029000+00:00,50.0,1242,978.1,0.0,9574,40.5,21.0,1.8
20.9,2024-07-28 12:15:52.052000+00:00,50.0,1242,978.1,0.0,9574,39.9,328.0,1.3
20.9,2024-07-28 12:16:52.069000+00:00,51.0,1242,978.2,0.0,9574,40.1,314.0,1.3
20.9,2024-07-28 12:17:52.100000+00:00,51.0,1242,978.1,0.0,9574,40.5,285.0,0.9
21.0,2024-07-28 12:18:52.085000+00:00,51.0,1242,978.2,0.0,9574,40.9,203.0,1.2
20.9,2024-07-28 12:19:52.083000+00:00,50.0,1242,978.1,0.0,9574,41.5,204.0,0.9
20.8,2024-07-28 12:20:52.075000+00:00,51.0,1242,978.0,0.0,9574,41.5,177.0,0.9
20.8,2024-07-28 12:21:52.101000+00:00,51.0,1242,978.1,0.0,9574,41.5,127.0,0.9
20.9,2024-07-28 12:22:52.104000+00:00,51.0,1242,978.0,0.0,9574,41.8,152.0,1.4
21.0,2024-07-28 12:23:52.123000+00:00,50.0,1242,978.1,0.0,9574,41.9,219.0,1.4
21.0,2024-07-28 12:24:52.122000+00:00,53.0,1242,978.1,0.0,9574,41.9,349.0,1.2
21.0,2024-07-28 12:25:52.118000+00:00,50.0,1242,978.1,0.0,9574,42.3,4.0,2.6
21.1,2024-07-28 12:26:52.120000+00:00,49.0,1242,978.2,0.0,9574,42.4,345.0,2.4
21.2,2024-07-28 12:27:52.122000+00:00,50.0,1242,978.2,0.0,9574,42.3,12.0,1.7
21.3,2024-07-28 12:28:52.127000+00:00,51.0,1242,978.2,0.0,9574,42.4,15.0,1.0
21.5,2024-07-28 12:29:52.123000+00:00,51.0,1242,978.2,0.0,9574,42.4,355.0,1.2
21.4,2024-07-28 12:30:52.129000+00:00,50.0,1242,978.2,0.0,9574,42.3,345.0,0.8
21.4,2024-07-28 12:31:52.122000+00:00,51.0,1242,978.2,0.0,9574,42.3,4.0,1.5
21.4,2024-07-28 12:32:52.127000+00:00,52.0,1242,978.1,0.0,9574,42.4,258.0,0.8
21.3,2024-07-28 12:33:52.127000+00:00,51.0,1242,978.1,0.0,9574,42.6,267.0,0.7
21.2,2024-07-28 12:34:52.122000+00:00,52.0,1242,978.1,0.0,9574,42.6,6.0,1.8
21.2,2024-07-28 12:35:52.126000+00:00,50.0,1242,978.2,0.0,9574,42.6,30.0,2.3
21.0,2024-07-28 12:36:52.132000+00:00,51.0,1242,978.2,0.0,9574,42.6,358.0,1.3
20.9,2024-07-28 12:37:52.133000+00:00,50.0,1242,978.2,0.0,9574,42.2,319.0,2.0
20.7,2024-07-28 12:38:52.133000+00:00,51.0,1242,978.2,0.0,9574,40.1,19.0,1.7
20.6,2024-07-28 12:39:52.136000+00:00,51.0,1242,978.2,0.0,9574,39.4,279.0,2.5
20.6,2024-07-28 12:40:52.128000+00:00,52.0,1242,978.2,0.0,9574,39.7,223.0,0.8
20.8,2024-07-28 12:41:52.138000+00:00,53.0,1242,978.1,0.0,9574,40.9,1.0,0.9
21.0,2024-07-28 12:42:52.139000+00:00,51.0,1242,978.3,0.0,9574,41.6,348.0,0.9
21.0,2024-07-28 12:43:52.142000+00:00,50.0,1242,978.2,0.0,9574,41.2,19.0,2.2
21.0,2024-07-28 12:44:52.139000+00:00,51.0,1242,978.3,0.0,9574,40.2,22.0,1.6
20.8,2024-07-28 12:45:52.142000+00:00,52.0,1242,978.2,0.0,9574,39.8,20.0,2.1
20.7,2024-07-28 12:46:52.134000+00:00,52.0,1242,978.1,0.0,9574,39.1,329.0,2.0
20.7,2024-07-28 12:47:52.144000+00:00,51.0,1242,978.2,0.0,9574,38.2,17.0,2.6
20.8,2024-07-28 12:48:52.139000+00:00,51.0,1242,978.2,0.0,9574,38.0,352.0,2.3
20.8,2024-07-28 12:49:52.141000+00:00,51.0,1242,978.2,0.0,9574,37.8,15.0,2.6
20.8,2024-07-28 12:50:52.139000+00:00,51.0,1242,978.2,0.0,9574,37.7,29.0,2.2
20.9,2024-07-28 12:51:52.138000+00:00,52.0,1242,978.2,0.0,9574,37.7,47.0,1.9
20.9,2024-07-28 12:52:52.145000+00:00,51.0,1242,978.2,0.0,9574,39.5,17.0,1.6
21.0,2024-07-28 12:53:52.159000+00:00,52.0,1242,978.2,0.0,9574,40.4,30.0,0.8
21.0,2024-07-28 12:54:52.148000+00:00,52.0,1242,978.2,0.0,9574,40.9,15.0,1.1
21.1,2024-07-28 12:55:52.146000+00:00,49.0,1242,978.1,0.0,9574,41.5,30.0,2.7
21.1,2024-07-28 12:56:52.140000+00:00,49.0,1242,978.2,0.0,9574,42.0,34.0,2.9
20.9,2024-07-28 12:57:52.140000+00:00,49.0,1242,978.2,0.0,9574,42.0,1.0,3.1
20.9,2024-07-28 12:58:52.200000+00:00,50.0,1242,978.2,0.0,9574,42.0,3.0,2.6
20.8,2024-07-28 12:59:52.152000+00:00,50.0,1242,978.1,0.0,9574,42.3,42.0,1.5
20.9,2024-07-28 13:00:52.142000+00:00,50.0,1242,978.1,0.0,9574,42.4,31.0,1.6
20.9,2024-07-28 13:01:52.146000+00:00,49.0,1242,978.2,0.0,9574,42.4,15.0,2.2
20.9,2024-07-28 13:02:52.179000+00:00,49.0,1242,978.1,0.0,9574,42.3,33.0,2.2
20.9,2024-07-28 13:03:52.175000+00:00,50.0,1242,978.3,0.0,9574,42.3,318.0,2.0
21.0,2024-07-28 13:04:52.195000+00:00,49.0,1242,978.2,0.0,9574,42.6,321.0,1.3
21.0,2024-07-28 13:05:52.209000+00:00,48.0,1242,978.1,0.0,9574,42.4,311.0,1.8
21.0,2024-07-28 13:06:52.210000+00:00,48.0,1242,978.1,0.0,9574,42.4,311.0,1.8
21.0,2024-07-28 13:07:52.211000+00:00,49.0,1242,978.2,0.0,9574,42.4,238.0,0.7
21.2,2024-07-28 13:08:52.233000+00:00,49.0,1242,978.2,0.0,9574,42.6,149.0,1.2
21.3,2024-07-28 13:09:52.251000+00:00,47.0,1242,978.2,0.0,9574,42.7,2.0,0.6
21.3,2024-07-28 13:10:52.260000+00:00,48.0,1242,978.2,0.0,9574,42.7,8.0,2.2
21.1,2024-07-28 13:11:52.253000+00:00,48.0,1242,978.1,0.0,9574,42.6,52.0,1.3
21.0,2024-07-28 13:12:52.268000+00:00,49.0,1242,978.2,0.0,9574,42.4,3.0,1.2
21.1,2024-07-28 13:13:52.275000+00:00,50.0,1242,978.2,0.0,9574,42.7,69.0,1.4
21.3,2024-07-28 13:14:52.291000+00:00,50.0,1242,978.3,0.0,9574,42.7,287.0,1.1
21.3,2024-07-28 13:15:52.293000+00:00,50.0,1242,978.1,0.0,9574,42.7,59.0,1.3
21.4,2024-07-28 13:16:52.286000+00:00,49.0,1242,978.0,0.0,9574,42.6,342.0,0.6
21.5,2024-07-28 13:17:52.302000+00:00,48.0,1242,978.0,0.0,9574,42.7,6.0,2.8
21.5,2024-07-28 13:18:52.323000+00:00,48.0,1242,978.0,0.0,9574,42.9,359.0,2.9
21.4,2024-07-28 13:19:52.338000+00:00,49.0,1242,978.1,0.0,9574,43.1,335.0,3.3
21.5,2024-07-28 13:20:52.330000+00:00,48.0,1242,978.0,0.0,9574,43.1,12.0,2.9
21.4,2024-07-28 13:21:52.342000+00:00,49.0,1242,978.0,0.0,9574,43.3,36.0,2.2
21.4,2024-07-28 13:22:52.373000+00:00,49.0,1242,977.9,0.0,9574,43.3,40.0,1.9
21.6,2024-07-28 13:23:52.342000+00:00,51.0,1242,978.0,0.0,9574,43.3,2.0,2.3
21.4,2024-07-28 13:24:52.411000+00:00,50.0,1242,978.1,0.0,9574,42.9,40.0,3.2
21.5,2024-07-28 13:25:52.392000+00:00,51.0,1242,978.1,0.0,9574,42.9,1.0,2.4
21.6,2024-07-28 13:26:52.388000+00:00,52.0,1242,978.1,0.0,9574,42.9,328.0,2.0
21.6,2024-07-28 13:27:52.383000+00:00,51.0,1242,978.1,0.0,9574,42.8,354.0,1.4
21.6,2024-07-28 13:28:52.384000+00:00,50.0,1242,978.1,0.0,9574,42.6,0.0,2.2
21.7,2024-07-28 13:29:52.398000+00:00,50.0,1242,978.1,0.0,9574,43.0,21.0,1.1
21.7,2024-07-28 13:30:52.406000+00:00,50.0,1242,978.1,0.0,9574,43.0,21.0,1.1
21.7,2024-07-28 13:31:52.406000+00:00,48.0,1242,978.1,0.0,9574,43.0,358.0,2.0
21.8,2024-07-28 13:32:52.422000+00:00,48.0,1242,978.1,0.0,9574,42.8,319.0,1.5
21.8,2024-07-28 13:33:52.422000+00:00,48.0,1242,978.1,0.0,9574,42.8,319.0,1.5
21.9,2024-07-28 13:34:52.424000+00:00,49.0,1242,978.1,0.0,9574,43.3,192.0,1.2
22.0,2024-07-28 13:35:52.429000+00:00,49.0,1242,978.1,0.0,9574,43.3,192.0,1.2
22.0,2024-07-28 13:36:52.424000+00:00,50.0,1242,978.0,0.0,9574,43.3,49.0,1.7
22.0,2024-07-28 13:37:52.441000+00:00,49.0,1242,978.0,0.0,9574,43.2,123.0,0.6
22.0,2024-07-28 13:38:52.424000+00:00,47.0,1242,978.0,0.0,9574,42.8,147.0,1.4
21.7,2024-07-28 13:39:52.429000+00:00,48.0,1242,978.1,0.0,9574,42.6,15.0,0.4
21.6,2024-07-28 13:40:52.423000+00:00,48.0,1242,977.8,0.0,9574,42.7,46.0,1.0
21.5,2024-07-28 13:41:52.424000+00:00,47.0,1242,977.9,0.0,9574,43.0,7.0,1.6
21.7,2024-07-28 13:42:52.423000+00:00,48.0,1242,978.0,0.0,9574,43.4,270.0,1.7
21.7,2024-07-28 13:43:52.432000+00:00,47.0,1242,978.0,0.0,9574,43.3,339.0,1.5
21.8,2024-07-28 13:44:52.433000+00:00,47.0,1242,978.0,0.0,9574,43.5,320.0,0.8
21.8,2024-07-28 13:45:52.431000+00:00,47.0,1242,978.0,0.0,9574,43.3,15.0,1.4
21.8,2024-07-28 13:46:52.502000+00:00,48.0,1242,978.0,0.0,9574,43.5,0.0,2.1
21.7,2024-07-28 13:47:52.428000+00:00,47.0,1242,977.9,0.0,9574,43.5,2.0,3.1
21.6,2024-07-28 13:48:52.436000+00:00,49.0,1242,978.0,0.0,9574,43.5,338.0,1.3
21.5,2024-07-28 13:49:52.443000+00:00,50.0,1242,977.9,0.0,9574,43.4,2.0,0.6
21.6,2024-07-28 13:50:52.438000+00:00,50.0,1242,978.0,0.0,9574,44.1,36.0,1.4
21.8,2024-07-28 13:51:52.438000+00:00,49.0,1242,977.9,0.0,9574,44.1,331.0,2.4
21.9,2024-07-28 13:52:52.429000+00:00,50.0,1242,978.0,0.0,9574,43.5,6.0,1.9
21.9,2024-07-28 13:53:52.438000+00:00,49.0,1242,978.0,0.0,9574,43.4,12.0,1.6
21.7,2024-07-28 13:54:52.437000+00:00,49.0,1242,978.0,0.0,9574,43.5,250.0,2.2
21.4,2024-07-28 13:55:52.430000+00:00,49.0,1242,978.0,0.0,9574,43.6,4.0,1.1
21.3,2024-07-28 13:56:52.436000+00:00,49.0,1242,978.0,0.0,9574,43.7,16.0,1.9
21.3,2024-07-28 13:57:52.524000+00:00,49.0,1242,978.1,0.0,9574,43.8,10.0,2.6
21.5,2024-07-28 13:58:52.446000+00:00,48.0,1242,977.9,0.0,9574,44.0,20.0,2.6
21.7,2024-07-28 13:59:52.443000+00:00,49.0,1242,978.0,0.0,9574,44.1,18.0,3.2
21.8,2024-07-28 14:00:52.453000+00:00,49.0,1242,977.9,0.0,9574,44.0,0.0,2.1
21.9,2024-07-28 14:01:52.444000+00:00,50.0,1242,978.0,0.0,9574,44.0,3.0,2.2
21.9,2024-07-28 14:02:52.444000+00:00,50.0,1242,977.9,0.0,9574,43.6,25.0,2.1
21.9,2024-07-28 14:03:52.421000+00:00,50.0,1242,978.0,0.0,9574,43.5,18.0,2.8
21.9,2024-07-28 14:04:52.440000+00:00,50.0,1242,978.0,0.0,9574,43.4,22.0,1.9
21.8,2024-07-28 14:05:52.440000+00:00,50.0,1242,978.1,0.0,9574,42.4,9.0,2.2
21.8,2024-07-28 14:06:52.439000+00:00,49.0,1242,978.1,0.0,9574,41.7,19.0,2.2
21.6,2024-07-28 14:07:52.500000+00:00,49.0,1242,978.1,0.0,9574,41.8,355.0,1.8
21.5,2024-07-28 14:08:52.439000+00:00,48.0,1242,978.1,0.0,9574,42.5,13.0,1.9
21.3,2024-07-28 14:09:52.475000+00:00,49.0,1242,978.1,0.0,9574,42.8,25.0,1.2
21.4,2024-07-28 14:10:52.449000+00:00,49.0,1242,978.1,0.0,9574,42.9,251.0,1.4
21.7,2024-07-28 14:11:52.446000+00:00,48.0,1242,978.1,0.0,9574,43.2,3.0,0.5
21.9,2024-07-28 14:12:52.443000+00:00,47.0,1242,978.2,0.0,9574,43.1,335.0,1.4
21.9,2024-07-28 14:13:52.456000+00:00,48.0,1242,978.1,0.0,9574,43.1,18.0,1.4
21.9,2024-07-28 14:14:52.460000+00:00,47.0,1242,978.1,0.0,9574,43.2,332.0,2.4
22.1,2024-07-28 14:15:52.460000+00:00,48.0,1242,978.1,0.0,9574,43.2,315.0,1.9
22.0,2024-07-28 14:16:52.460000+00:00,49.0,1242,978.0,0.0,9574,42.6,334.0,2.0
22.0,2024-07-28 14:17:52.465000+00:00,49.0,1242,978.2,0.0,9574,42.8,5.0,2.0
22.0,2024-07-28 14:18:52.461000+00:00,48.0,1242,978.1,0.0,9574,42.6,335.0,1.6
21.8,2024-07-28 14:19:52.475000+00:00,47.0,1242,978.2,0.0,9574,42.3,336.0,1.7
21.6,2024-07-28 14:20:52.488000+00:00,48.0,1242,978.0,0.0,9574,42.3,343.0,1.2
21.5,2024-07-28 14:21:52.507000+00:00,48.0,1242,978.1,0.0,9574,42.5,2.0,1.7
21.4,2024-07-28 14:22:52.500000+00:00,48.0,1242,978.0,0.0,9574,42.6,8.0,1.6
21.4,2024-07-28 14:23:52.509000+00:00,48.0,1242,978.1,0.0,9574,42.9,352.0,1.9
21.4,2024-07-28 14:24:52.521000+00:00,46.0,1242,978.1,0.0,9574,42.9,322.0,1.5
18.7,2024-08-25 12:06:16.813000+00:00,65.0,1243,1019.9,0.0,9582,31.6,215.0,4.8
18.7,2024-08-25 12:07:16.813000+00:00,65.0,1243,1019.9,0.0,9582,31.4,225.0,5.3
18.7,2024-08-25 12:08:16.825000+00:00,65.0,1243,1020.0,0.0,9582,31.2,224.0,5.1
18.8,2024-08-25 12:09:16.835000+00:00,65.0,1243,1019.9,0.0,9582,31.2,210.0,5.0
18.8,2024-08-25 12:10:16.826000+00:00,66.0,1243,1019.9,0.0,9582,31.2,207.0,4.8
18.8,2024-08-25 12:11:16.824000+00:00,66.0,1243,1020.0,0.0,9582,31.6,215.0,5.2
18.9,2024-08-25 12:12:16.839000+00:00,65.0,1243,1020.1,0.0,9582,31.6,216.0,5.7
18.9,2024-08-25 12:13:16.833000+00:00,65.0,1243,1020.0,0.0,9582,31.2,216.0,6.0
18.8,2024-08-25 12:14:16.826000+00:00,66.0,1243,1019.9,0.0,9582,31.0,213.0,5.7
18.7,2024-08-25 12:15:16.836000+00:00,66.0,1243,1020.0,0.0,9582,31.0,208.0,5.7
18.6,2024-08-25 12:16:16.838000+00:00,66.0,1243,1020.1,0.0,9582,31.0,208.0,5.3
18.6,2024-08-25 12:17:16.860000+00:00,66.0,1243,1020.0,0.0,9582,31.2,219.0,5.7
18.5,2024-08-25 12:18:16.832000+00:00,64.0,1243,1020.0,0.0,9582,31.2,211.0,4.8
18.5,2024-08-25 12:19:16.836000+00:00,66.0,1243,1020.1,0.0,9582,30.5,231.0,5.5
18.5,2024-08-25 12:20:16.844000+00:00,65.0,1243,1020.0,0.0,9582,30.5,214.0,5.0
18.5,2024-08-25 12:21:16.857000+00:00,65.0,1243,1019.9,0.0,9582,30.7,210.0,3.8
18.5,2024-08-25 12:22:16.862000+00:00,66.0,1243,1019.9,0.0,9582,31.2,233.0,4.3
18.5,2024-08-25 12:23:16.858000+00:00,64.0,1243,1020.0,0.0,9582,31.5,234.0,5.7
18.5,2024-08-25 12:24:16.857000+00:00,64.0,1243,1019.9,0.0,9582,31.1,231.0,4.1
18.6,2024-08-25 12:25:16.865000+00:00,64.0,1243,1020.0,0.0,9582,30.3,225.0,3.9
18.6,2024-08-25 12:26:16.893000+00:00,64.0,1243,1020.1,0.0,9582,29.9,213.0,4.2
18.7,2024-08-25 12:27:16.892000+00:00,64.0,1243,1019.9,0.0,9582,29.7,230.0,5.6
18.7,2024-08-25 12:28:16.893000+00:00,65.0,1243,1020.0,0.0,9582,30.6,216.0,4.4
18.8,2024-08-25 12:29:16.891000+00:00,64.0,1243,1019.9,0.0,9582,30.6,222.0,3.5
18.8,2024-08-25 12:30:16.893000+00:00,65.0,1243,1020.0,0.0,9582,30.2,223.0,4.6
18.7,2024-08-25 12:31:16.895000+00:00,64.0,1243,1020.0,0.0,9582,29.6,228.0,3.9
18.5,2024-08-25 12:32:16.908000+00:00,64.0,1243,1020.0,0.0,9582,29.5,231.0,3.8
18.4,2024-08-25 12:33:16.923000+00:00,63.0,1243,1020.1,0.0,9582,29.2,232.0,3.8
18.3,2024-08-25 12:34:16.946000+00:00,65.0,1243,1020.1,0.0,9582,28.7,236.0,4.9
18.3,2024-08-25 12:35:16.985000+00:00,65.0,1243,1020.1,0.0,9582,28.6,229.0,4.4
18.3,2024-08-25 12:36:16.953000+00:00,65.0,1243,1020.0,0.0,9582,28.5,229.0,3.4
18.3,2024-08-25 12:37:16.979000+00:00,65.0,1243,1020.0,0.0,9582,28.3,228.0,4.3
18.3,2024-08-25 12:38:16.966000+00:00,65.0,1243,1020.0,0.0,9582,28.0,238.0,5.4
18.3,2024-08-25 12:39:16.974000+00:00,66.0,1243,1020.0,0.0,9582,27.9,201.0,4.2
18.2,2024-08-25 12:40:16.977000+00:00,66.0,1243,1020.1,0.0,9582,28.0,218.0,2.4
18.3,2024-08-25 12:41:16.990000+00:00,66.0,1243,1020.0,0.0,9582,28.2,220.0,4.1
18.3,2024-08-25 12:42:17.003000+00:00,66.0,1243,1020.0,0.0,9582,28.2,221.0,4.6
18.5,2024-08-25 12:43:16.979000+00:00,66.0,1243,1020.0,0.0,9582,29.3,195.0,4.0
18.5,2024-08-25 12:44:16.980000+00:00,67.0,1243,1020.0,0.0,9582,29.3,221.0,4.5
18.5,2024-08-25 12:45:16.982000+00:00,66.0,1243,1020.0,0.0,9582,29.0,229.0,4.7
18.5,2024-08-25 12:46:16.985000+00:00,66.0,1243,1020.0,0.0,9582,28.5,228.0,5.2
18.5,2024-08-25 12:47:16.985000+00:00,66.0,1243,1020.0,0.0,9582,28.3,183.0,4.5
18.6,2024-08-25 12:48:16.973000+00:00,67.0,1243,1020.0,0.0,9582,28.7,210.0,4.7
18.7,2024-08-25 12:49:16.985000+00:00,67.0,1243,1020.0,0.0,9582,28.7,232.0,5.0
18.7,2024-08-25 12:50:16.980000+00:00,67.0,1243,1020.0,0.0,9582,28.6,222.0,5.2
18.6,2024-08-25 12:51:16.984000+00:00,65.0,1243,1020.1,0.0,9582,28.4,226.0,4.6
18.6,2024-08-25 12:52:16.978000+00:00,65.0,1243,1019.9,0.0,9582,28.3,217.0,3.2
18.5,2024-08-25 12:53:16.981000+00:00,66.0,1243,1020.1,0.0,9582,28.1,240.0,4.2
18.5,2024-08-25 12:54:16.989000+00:00,66.0,1243,1020.0,0.0,9582,28.0,225.0,3.9
18.4,2024-08-25 12:55:16.976000+00:00,66.0,1243,1020.0,0.0,9582,27.5,212.0,4.7
18.3,2024-08-25 12:56:16.983000+00:00,66.0,1243,1020.0,0.0,9582,27.5,203.0,3.8
18.3,2024-08-25 12:57:16.992000+00:00,65.0,1243,1020.0,0.0,9582,27.7,244.0,3.5
18.3,2024-08-25 12:58:16.984000+00:00,65.0,1243,1020.1,0.0,9582,28.0,231.0,3.9
18.4,2024-08-25 12:59:16.985000+00:00,65.0,1243,1020.0,0.0,9582,28.9,238.0,3.6
18.5,2024-08-25 13:00:16.992000+00:00,66.0,1243,1020.0,0.0,9582,29.4,239.0,3.6
18.6,2024-08-25 13:01:16.988000+00:00,65.0,1243,1020.0,0.0,9582,29.2,219.0,3.7
18.6,2024-08-25 13:02:16.986000+00:00,64.0,1243,1020.0,0.0,9582,29.2,232.0,2.8
18.7,2024-08-25 13:03:16.996000+00:00,63.0,1243,1020.0,0.0,9582,29.1,208.0,3.2
18.7,2024-08-25 13:04:16.995000+00:00,62.0,1243,1020.1,0.0,9582,28.9,217.0,3.9
18.6,2024-08-25 13:05:16.999000+00:00,62.0,1243,1019.9,0.0,9582,28.5,221.0,3.7
18.6,2024-08-25 13:06:17.009000+00:00,63.0,1243,1020.0,0.0,9582,28.5,210.0,3.7
18.6,2024-08-25 13:07:17.005000+00:00,62.0,1243,1019.9,0.0,9582,29.7,224.0,4.2
18.9,2024-08-25 13:08:17.024000+00:00,64.0,1243,1020.0,0.0,9582,30.0,234.0,4.1
19.0,2024-08-25 13:09:17.049000+00:00,62.0,1243,1019.9,0.0,9582,30.4,205.0,3.9
19.0,2024-08-25 13:10:17.047000+00:00,60.0,1243,1020.0,0.0,9582,30.9,211.0,5.8
19.2,2024-08-25 13:11:17.038000+00:00,59.0,1243,1019.9,0.0,9582,30.5,205.0,4.4
19.3,2024-08-25 13:12:17.045000+00:00,58.0,1243,1019.9,0.0,9582,30.9,216.0,4.7
19.3,2024-08-25 13:13:17.045000+00:00,59.0,1243,1020.0,0.0,9582,31.2,213.0,4.4
19.3,2024-08-25 13:14:17.067000+00:00,57.0,1243,1020.0,0.0,9582,31.2,202.0,4.5
19.3,2024-08-25 13:15:17.077000+00:00,57.0,1243,1019.9,0.0,9582,31.3,221.0,4.9
19.3,2024-08-25 13:16:17.085000+00:00,59.0,1243,1020.0,0.0,9582,31.3,227.0,5.2
19.2,2024-08-25 13:17:17.105000+00:00,57.0,1243,1020.1,0.0,9582,31.4,233.0,5.7
19.1,2024-08-25 13:18:17.100000+00:00,56.0,1243,1019.8,0.0,9582,31.4,232.0,5.6
19.1,2024-08-25 13:19:17.108000+00:00,58.0,1243,1020.0,0.0,9582,31.3,230.0,6.0
19.1,2024-08-25 13:20:17.098000+00:00,60.0,1243,1020.0,0.0,9582,30.8,222.0,4.5
19.1,2024-08-25 13:21:17.085000+00:00,60.0,1243,1019.9,0.0,9582,30.2,227.0,4.5
19.0,2024-08-25 13:22:17.093000+00:00,61.0,1243,1019.9,0.0,9582,30.2,214.0,4.2
19.0,2024-08-25 13:23:17.117000+00:00,61.0,1243,1020.0,0.0,9582,30.4,210.0,3.9
19.0,2024-08-25 13:24:17.117000+00:00,62.0,1243,1020.0,0.0,9582,30.6,211.0,3.9
19.0,2024-08-25 13:25:17.124000+00:00,62.0,1243,1019.9,0.0,9582,30.7,213.0,4.0
19.0,2024-08-25 13:26:17.137000+00:00,60.0,1243,1020.0,0.0,9582,31.2,199.0,4.6
19.2,2024-08-25 13:27:17.144000+00:00,60.0,1243,1019.9,0.0,9582,31.3,223.0,4.8
19.2,2024-08-25 13:28:17.142000+00:00,61.0,1243,1020.0,0.0,9582,31.5,226.0,4.1
19.1,2024-08-25 13:29:17.129000+00:00,61.0,1243,1020.1,0.0,9582,31.7,218.0,4.5
19.3,2024-08-25 13:30:17.136000+00:00,60.0,1243,1020.0,0.0,9582,31.6,214.0,4.6
19.4,2024-08-25 13:31:17.130000+00:00,59.0,1243,1020.0,0.0,9582,31.6,227.0,4.5
19.4,2024-08-25 13:32:17.136000+00:00,58.0,1243,1020.0,0.0,9582,31.7,218.0,4.1
19.4,2024-08-25 13:33:17.143000+00:00,58.0,1243,1020.0,0.0,9582,31.5,234.0,6.2
19.4,2024-08-25 13:34:17.128000+00:00,60.0,1243,1020.0,0.0,9582,31.3,224.0,5.5
19.4,2024-08-25 13:35:17.146000+00:00,59.0,1243,1020.0,0.0,9582,31.6,228.0,5.5
19.4,2024-08-25 13:36:17.129000+00:00,59.0,1243,1020.0,0.0,9582,31.6,226.0,4.5
19.4,2024-08-25 13:37:17.152000+00:00,60.0,1243,1020.0,0.0,9582,31.9,208.0,3.8
19.4,2024-08-25 13:38:17.137000+00:00,60.0,1243,1020.1,0.0,9582,32.0,205.0,4.4
19.4,2024-08-25 13:39:17.145000+00:00,59.0,1243,1020.0,0.0,9582,32.1,218.0,4.4
19.3,2024-08-25 13:40:17.146000+00:00,59.0,1243,1020.0,0.0,9582,32.0,209.0,4.3
19.3,2024-08-25 13:41:17.137000+00:00,60.0,1243,1020.0,0.0,9582,32.0,216.0,4.2
19.3,2024-08-25 13:42:17.147000+00:00,61.0,1243,1020.0,0.0,9582,31.8,231.0,4.7
19.3,2024-08-25 13:43:17.162000+00:00,60.0,1243,1020.1,0.0,9582,31.9,229.0,5.9
19.4,2024-08-25 13:44:17.161000+00:00,60.0,1243,1020.0,0.0,9582,32.0,206.0,4.8
19.4,2024-08-25 13:45:17.181000+00:00,60.0,1243,1020.0,0.0,9582,32.0,206.0,4.6
19.5,2024-08-25 13:46:17.226000+00:00,59.0,1243,1020.1,0.0,9582,32.0,212.0,6.0
19.5,2024-08-25 13:47:17.180000+00:00,59.0,1243,1020.0,0.0,9582,32.0,215.0,5.2
19.4,2024-08-25 13:48:17.194000+00:00,58.0,1243,1020.0,0.0,9582,32.0,216.0,5.6
19.3,2024-08-25 13:49:17.196000+00:00,58.0,1243,1020.0,0.0,9582,32.1,215.0,5.4
19.3,2024-08-25 13:50:17.190000+00:00,56.0,1243,1020.0,0.0,9582,31.9,221.0,4.6
19.4,2024-08-25 13:51:17.189000+00:00,57.0,1243,1020.0,0.0,9582,31.9,225.0,4.4
19.4,2024-08-25 13:52:17.204000+00:00,57.0,1243,1020.1,0.0,9582,31.9,216.0,4.8
19.4,2024-08-25 13:53:17.372000+00:00,58.0,1243,1020.0,0.0,9582,32.1,226.0,4.5
19.5,2024-08-25 13:54:17.341000+00:00,59.0,1243,1020.0,0.0,9582,32.1,215.0,4.2
19.5,2024-08-25 13:55:17.366000+00:00,58.0,1243,1020.0,0.0,9582,31.8,207.0,3.7
19.5,2024-08-25 13:56:17.378000+00:00,58.0,1243,1019.9,0.0,9582,31.6,216.0,4.6
19.4,2024-08-25 13:57:17.380000+00:00,57.0,1243,1019.9,0.0,9582,31.6,221.0,4.4
19.3,2024-08-25 13:58:17.370000+00:00,58.0,1243,1019.9,0.0,9582,31.7,225.0,3.8
19.3,2024-08-25 13:59:17.376000+00:00,57.0,1243,1019.9,0.0,9582,31.8,209.0,4.9
19.4,2024-08-25 14:00:17.372000+00:00,57.0,1243,1020.0,0.0,9582,31.8,216.0,4.6
19.3,2024-08-25 14:01:17.377000+00:00,56.0,1243,1019.9,0.0,9582,32.1,221.0,4.4
19.3,2024-08-25 14:02:17.371000+00:00,56.0,1243,1020.0,0.0,9582,32.1,204.0,4.7
19.3,2024-08-25 14:03:17.411000+00:00,57.0,1243,1020.0,0.0,9582,32.0,209.0,4.1
19.2,2024-08-25 14:04:17.365000+00:00,57.0,1243,1019.9,0.0,9582,32.3,217.0,3.8
19.2,2024-08-25 14:05:17.381000+00:00,58.0,1243,1019.9,0.0,9582,32.3,206.0,4.6
19.2,2024-08-25 14:06:17.369000+00:00,59.0,1243,1019.9,0.0,9582,32.1,209.0,4.6
19.3,2024-08-25 14:07:17.378000+00:00,56.0,1243,1019.9,0.0,9582,32.3,205.0,4.5
19.3,2024-08-25 14:08:17.383000+00:00,55.0,1243,1020.0,0.0,9582,32.3,210.0,5.2
19.3,2024-08-25 14:09:17.419000+00:00,56.0,1243,1019.9,0.0,9582,32.3,224.0,4.9
19.3,2024-08-25 14:10:17.397000+00:00,57.0,1243,1020.0,0.0,9582,32.4,210.0,5.1
19.3,2024-08-25 14:11:17.401000+00:00,56.0,1243,1020.0,0.0,9582,32.4,208.0,4.6
19.3,2024-08-25 14:12:17.418000+00:00,57.0,1243,1019.9,0.0,9582,32.1,215.0,4.7
19.3,2024-08-25 14:13:17.430000+00:00,58.0,1243,1019.9,0.0,9582,31.9,224.0,4.4
19.4,2024-08-25 14:14:17.453000+00:00,57.0,1243,1019.9,0.0,9582,31.9,228.0,5.8
19.4,2024-08-25 14:15:17.458000+00:00,59.0,1243,1020.0,0.0,9582,32.1,215.0,4.4
19.4,2024-08-25 14:16:17.453000+00:00,57.0,1243,1019.9,0.0,9582,32.1,210.0,4.2
19.4,2024-08-25 14:17:17.491000+00:00,57.0,1243,1019.9,0.0,9582,32.1,219.0,4.2
19.4,2024-08-25 14:18:17.468000+00:00,58.0,1243,1020.1,0.0,9582,32.1,224.0,5.3
19.5,2024-08-25 14:19:17.476000+00:00,57.0,1243,1019.8,0.0,9582,32.1,219.0,5.2
19.5,2024-08-25 14:20:17.468000+00:00,56.0,1243,1019.9,0.0,9582,32.3,213.0,4.7
19.5,2024-08-25 14:21:17.470000+00:00,58.0,1243,1019.9,0.0,9582,32.2,220.0,5.1
19.6,2024-08-25 14:22:17.476000+00:00,58.0,1243,1020.0,0.0,9582,32.0,223.0,5.3
19.7,2024-08-25 14:23:17.486000+00:00,57.0,1243,1020.0,0.0,9582,32.3,229.0,4.8
19.6,2024-08-25 14:24:17.459000+00:00,56.0,1243,1020.1,0.0,9582,32.1,227.0,5.2
19.6,2024-08-25 14:25:17.480000+00:00,55.0,1243,1020.0,0.0,9582,31.8,208.0,3.9
19.5,2024-08-25 14:26:17.497000+00:00,56.0,1243,1020.0,0.0,9582,31.7,199.0,4.2
19.4,2024-08-25 14:27:17.519000+00:00,56.0,1243,1020.0,0.0,9582,31.7,218.0,4.0
19.3,2024-08-25 14:28:17.541000+00:00,57.0,1243,1019.9,0.0,9582,31.8,212.0,4.1
19.3,2024-08-25 14:29:17.585000+00:00,55.0,1243,1020.1,0.0,9582,31.8,213.0,4.7
19.3,2024-08-25 14:30:17.556000+00:00,57.0,1243,1019.9,0.0,9582,31.8,203.0,4.3
19.3,2024-08-25 14:31:17.562000+00:00,57.0,1243,1019.9,0.0,9582,31.8,203.0,4.3
19.3,2024-08-25 14:32:17.549000+00:00,57.0,1243,1019.9,0.0,9582,31.8,203.0,4.3
19.3,2024-08-25 14:33:17.573000+00:00,57.0,1243,1019.9,0.0,9582,31.8,203.0,4.3
19.3,2024-08-25 14:34:17.581000+00:00,57.0,1243,1019.9,0.0,9582,31.8,203.0,4.3
19.3,2024-08-25 14:35:17.576000+00:00,57.0,1243,1019.9,0.0,9582,31.8,203.0,4.3
19.3,2024-08-25 14:36:17.550000+00:00,57.0,1243,1019.9,0.0,9582,31.8,203.0,4.3
19.5,2024-08-25 14:37:17.555000+00:00,57.0,1243,1020.0,0.0,9582,30.8,233.0,4.5
19.3,2024-08-25 14:38:17.550000+00:00,58.0,1243,1020.0,0.0,9582,30.7,220.0,5.9
33.2,2024-09-01 12:08:10.059000+00:00,38.0,1244,993.8,0.0,9590,52.1,318.0,0.7
33.2,2024-09-01 12:09:10.057000+00:00,37.0,1244,993.9,0.0,9590,52.1,207.0,1.0
33.2,2024-09-01 12:10:10.059000+00:00,37.0,1244,993.9,0.0,9590,52.8,230.0,1.3
33.2,2024-09-01 12:11:10.064000+00:00,36.0,1244,993.8,0.0,9590,52.8,200.0,0.7
33.3,2024-09-01 12:12:10.069000+00:00,36.0,1244,993.8,0.0,9590,52.8,182.0,0.8
33.3,2024-09-01 12:13:10.086000+00:00,36.0,1244,993.8,0.0,9590,53.0,318.0,0.8
33.3,2024-09-01 12:14:10.105000+00:00,35.0,1244,993.9,0.0,9590,53.0,349.0,1.5
33.4,2024-09-01 12:15:10.121000+00:00,35.0,1244,993.8,0.0,9590,52.7,0.0,1.7
33.3,2024-09-01 12:16:10.123000+00:00,35.0,1244,993.8,0.0,9590,53.0,230.0,0.4
33.3,2024-09-01 12:17:10.132000+00:00,34.0,1244,993.8,0.0,9590,53.3,229.0,1.6
33.4,2024-09-01 12:18:10.143000+00:00,34.0,1244,993.8,0.0,9590,53.2,177.0,1.6
33.3,2024-09-01 12:19:10.146000+00:00,34.0,1244,993.7,0.0,9590,53.2,198.0,1.6
33.3,2024-09-01 12:20:10.148000+00:00,34.0,1244,993.8,0.0,9590,53.4,177.0,3.2
33.4,2024-09-01 12:21:10.155000+00:00,34.0,1244,993.8,0.0,9590,53.4,233.0,0.7
33.4,2024-09-01 12:22:10.141000+00:00,34.0,1244,993.9,0.0,9590,53.2,40.0,0.8
33.4,2024-09-01 12:23:10.139000+00:00,33.0,1244,993.8,0.0,9590,53.5,225.0,0.7
33.3,2024-09-01 12:24:10.152000+00:00,34.0,1244,993.8,0.0,9590,53.4,220.0,1.1
33.2,2024-09-01 12:25:10.173000+00:00,35.0,1244,993.8,0.0,9590,53.4,214.0,1.5
33.1,2024-09-01 12:26:10.161000+00:00,34.0,1244,993.8,0.0,9590,54.2,195.0,2.7
33.3,2024-09-01 12:27:10.167000+00:00,33.0,1244,993.7,0.0,9590,54.2,202.0,2.5
33.6,2024-09-01 12:28:10.164000+00:00,33.0,1244,993.7,0.0,9590,54.0,232.0,1.3
33.7,2024-09-01 12:29:10.166000+00:00,33.0,1244,993.6,0.0,9590,53.3,226.0,1.4
33.5,2024-09-01 12:30:10.169000+00:00,32.0,1244,993.7,0.0,9590,53.0,200.0,1.6
33.5,2024-09-01 12:31:10.176000+00:00,33.0,1244,993.7,0.0,9590,52.0,196.0,0.9
33.5,2024-09-01 12:32:10.188000+00:00,33.0,1244,993.6,0.0,9590,51.8,222.0,0.9
33.7,2024-09-01 12:33:10.213000+00:00,32.0,1244,993.6,0.0,9590,52.2,163.0,1.6
33.6,2024-09-01 12:34:10.207000+00:00,32.0,1244,993.7,0.0,9590,52.8,195.0,1.4
33.5,2024-09-01 12:35:10.217000+00:00,32.0,1244,993.5,0.0,9590,52.7,195.0,0.8
33.5,2024-09-01 12:36:10.225000+00:00,32.0,1244,993.4,0.0,9590,53.0,181.0,0.7
33.6,2024-09-01 12:37:10.253000+00:00,31.0,1244,993.4,0.0,9590,53.5,243.0,0.9
33.8,2024-09-01 12:38:10.247000+00:00,31.0,1244,993.5,0.0,9590,53.5,350.0,1.2
33.7,2024-09-01 12:39:10.270000+00:00,31.0,1244,993.5,0.0,9590,53.5,312.0,1.6
33.6,2024-09-01 12:40:10.287000+00:00,31.0,1244,993.5,0.0,9590,53.8,324.0,0.7
33.6,2024-09-01 12:41:10.280000+00:00,31.0,1244,993.4,0.0,9590,53.8,156.0,1.4
33.7,2024-09-01 12:42:10.278000+00:00,32.0,1244,993.4,0.0,9590,53.7,119.0,1.7
33.6,2024-09-01 12:43:10.272000+00:00,32.0,1244,993.4,0.0,9590,53.7,121.0,1.4
33.8,2024-09-01 12:44:10.279000+00:00,33.0,1244,993.5,0.0,9590,53.6,198.0,1.3
33.9,2024-09-01 12:45:10.283000+00:00,33.0,1244,993.5,0.0,9590,52.9,239.0,1.7
33.8,2024-09-01 12:46:10.292000+00:00,34.0,1244,993.4,0.0,9590,52.8,215.0,1.7
33.7,2024-09-01 12:47:10.290000+00:00,33.0,1244,993.4,0.0,9590,52.9,185.0,2.0
33.6,2024-09-01 12:48:10.293000+00:00,34.0,1244,993.5,0.0,9590,53.8,206.0,2.3
33.9,2024-09-01 12:49:10.283000+00:00,32.0,1244,993.4,0.0,9590,54.0,202.0,1.3
33.9,2024-09-01 12:50:10.287000+00:00,33.0,1244,993.5,0.0,9590,53.8,0.0,0.9
33.9,2024-09-01 12:51:10.293000+00:00,33.0,1244,993.5,0.0,9590,53.3,214.0,0.6
34.0,2024-09-01 12:52:10.282000+00:00,33.0,1244,993.4,0.0,9590,53.8,220.0,1.9
34.1,2024-09-01 12:53:10.296000+00:00,33.0,1244,993.4,0.0,9590,53.9,240.0,1.1
34.0,2024-09-01 12:54:10.295000+00:00,32.0,1244,993.3,0.0,9590,54.1,265.0,1.1
33.9,2024-09-01 12:55:10.289000+00:00,32.0,1244,993.3,0.0,9590,53.9,352.0,0.6
33.7,2024-09-01 12:56:10.300000+00:00,32.0,1244,993.3,0.0,9590,53.7,270.0,0.8
33.7,2024-09-01 12:57:10.296000+00:00,33.0,1244,993.2,0.0,9590,53.7,205.0,1.5
33.8,2024-09-01 12:58:10.303000+00:00,33.0,1244,993.2,0.0,9590,54.4,196.0,2.4
33.7,2024-09-01 12:59:10.302000+00:00,33.0,1244,993.2,0.0,9590,54.4,201.0,2.4
33.8,2024-09-01 13:00:10.295000+00:00,33.0,1244,993.2,0.0,9590,54.6,198.0,2.1
33.8,2024-09-01 13:01:10.304000+00:00,33.0,1244,993.2,0.0,9590,53.5,190.0,2.0
33.8,2024-09-01 13:02:10.293000+00:00,33.0,1244,993.2,0.0,9590,52.4,192.0,2.8
33.8,2024-09-01 13:03:10.298000+00:00,33.0,1244,993.3,0.0,9590,51.7,194.0,2.2
33.8,2024-09-01 13:04:10.302000+00:00,32.0,1244,993.2,0.0,9590,51.3,191.0,1.9
33.9,2024-09-01 13:05:10.311000+00:00,31.0,1244,993.2,0.0,9590,50.5,218.0,1.4
33.8,2024-09-01 13:06:10.306000+00:00,30.0,1244,993.2,0.0,9590,50.4,183.0,0.7
33.7,2024-09-01 13:07:10.293000+00:00,30.0,1244,993.3,0.0,9590,50.6,185.0,2.3
33.7,2024-09-01 13:08:10.301000+00:00,31.0,1244,993.2,0.0,9590,50.6,201.0,1.9
33.7,2024-09-01 13:09:10.296000+00:00,30.0,1244,993.2,0.0,9590,50.7,192.0,2.3
33.7,2024-09-01 13:10:10.306000+00:00,31.0,1244,993.2,0.0,9590,50.6,194.0,1.8
33.5,2024-09-01 13:11:10.313000+00:00,31.0,1244,993.1,0.0,9590,50.2,192.0,2.0
33.5,2024-09-01 13:12:10.314000+00:00,32.0,1244,993.1,0.0,9590,49.6,170.0,2.1
33.4,2024-09-01 13:13:10.347000+00:00,32.0,1244,993.1,0.0,9590,49.5,0.0,0.6
33.3,2024-09-01 13:14:10.325000+00:00,32.0,1244,993.1,0.0,9590,49.5,200.0,1.0
33.3,2024-09-01 13:15:10.326000+00:00,31.0,1244,993.1,0.0,9590,49.0,239.0,1.7
33.3,2024-09-01 13:16:10.329000+00:00,31.0,1244,993.1,0.0,9590,48.7,219.0,1.2
33.3,2024-09-01 13:17:10.334000+00:00,31.0,1244,993.0,0.0,9590,48.6,196.0,1.8
33.2,2024-09-01 13:18:10.343000+00:00,31.0,1244,993.1,0.0,9590,48.4,197.0,1.5
33.2,2024-09-01 13:19:10.350000+00:00,31.0,1244,993.2,0.0,9590,47.7,232.0,1.6
33.1,2024-09-01 13:20:10.357000+00:00,32.0,1244,993.1,0.0,9590,47.6,183.0,1.0
33.0,2024-09-01 13:21:10.367000+00:00,31.0,1244,993.0,0.0,9590,47.6,177.0,1.3
33.0,2024-09-01 13:22:10.367000+00:00,31.0,1244,993.1,0.0,9590,47.5,188.0,2.3
32.9,2024-09-01 13:23:10.365000+00:00,31.0,1244,993.0,0.0,9590,48.0,197.0,2.3
32.9,2024-09-01 13:24:10.361000+00:00,31.0,1244,993.0,0.0,9590,47.9,197.0,1.9
32.8,2024-09-01 13:25:10.372000+00:00,31.0,1244,993.0,0.0,9590,47.9,197.0,2.0
32.8,2024-09-01 13:26:10.377000+00:00,30.0,1244,993.1,0.0,9590,47.8,195.0,1.9
32.9,2024-09-01 13:27:10.391000+00:00,31.0,1244,993.0,0.0,9590,47.5,178.0,1.4
32.9,2024-09-01 13:28:10.414000+00:00,31.0,1244,993.0,0.0,9590,47.2,195.0,1.7
32.8,2024-09-01 13:29:10.420000+00:00,31.0,1244,993.0,0.0,9590,47.0,200.0,1.3
32.8,2024-09-01 13:30:10.419000+00:00,31.0,1244,993.0,0.0,9590,46.8,192.0,1.1
32.8,2024-09-01 13:31:10.416000+00:00,31.0,1244,993.0,0.0,9590,46.6,200.0,1.6
32.8,2024-09-01 13:32:10.473000+00:00,31.0,1244,993.0,0.0,9590,46.5,183.0,2.2
32.8,2024-09-01 13:33:10.413000+00:00,32.0,1244,993.0,0.0,9590,46.3,196.0,1.8
32.7,2024-09-01 13:34:10.422000+00:00,31.0,1244,992.9,0.0,9590,46.2,188.0,1.8
32.7,2024-09-01 13:35:10.437000+00:00,31.0,1244,993.0,0.0,9590,46.1,177.0,1.5
32.6,2024-09-01 13:36:10.436000+00:00,31.0,1244,993.0,0.0,9590,45.9,190.0,1.2
32.6,2024-09-01 13:37:10.432000+00:00,31.0,1244,993.0,0.0,9590,45.7,198.0,1.6
32.6,2024-09-01 13:38:10.455000+00:00,32.0,1244,993.0,0.0,9590,45.8,194.0,1.8
32.6,2024-09-01 13:39:10.458000+00:00,31.0,1244,993.0,0.0,9590,45.8,190.0,1.7
32.7,2024-09-01 13:40:10.450000+00:00,31.0,1244,993.0,0.0,9590,45.5,191.0,2.2
32.6,2024-09-01 13:41:10.450000+00:00,31.0,1244,992.9,0.0,9590,45.5,212.0,2.2
32.5,2024-09-01 13:42:10.451000+00:00,31.0,1244,992.9,0.0,9590,45.3,187.0,1.8
32.5,2024-09-01 13:43:10.457000+00:00,31.0,1244,992.9,0.0,9590,45.3,180.0,1.5
32.5,2024-09-01 13:44:10.461000+00:00,32.0,1244,992.9,0.0,9590,46.2,178.0,2.4
32.5,2024-09-01 13:45:10.461000+00:00,32.0,1244,992.9,0.0,9590,46.1,189.0,1.9
32.5,2024-09-01 13:46:10.462000+00:00,32.0,1244,992.9,0.0,9590,46.1,205.0,2.1
32.4,2024-09-01 13:47:10.453000+00:00,32.0,1244,992.9,0.0,9590,45.9,196.0,1.3
32.5,2024-09-01 13:48:10.456000+00:00,32.0,1244,992.9,0.0,9590,45.9,194.0,1.4
32.5,2024-09-01 13:49:10.460000+00:00,32.0,1244,993.0,0.0,9590,45.7,198.0,1.4
32.7,2024-09-01 13:50:10.463000+00:00,32.0,1244,993.0,0.0,9590,45.7,192.0,1.3
32.7,2024-09-01 13:51:10.464000+00:00,32.0,1244,992.9,0.0,9590,45.5,202.0,1.7
32.7,2024-09-01 13:52:10.453000+00:00,31.0,1244,993.0,0.0,9590,45.5,186.0,1.5
32.6,2024-09-01 13:53:10.452000+00:00,32.0,1244,993.0,0.0,9590,45.4,201.0,1.3
32.5,2024-09-01 13:54:10.466000+00:00,32.0,1244,992.9,0.0,9590,45.4,200.0,1.2
32.5,2024-09-01 13:55:10.472000+00:00,32.0,1244,992.9,0.0,9590,45.2,202.0,1.1
32.5,2024-09-01 13:56:10.464000+00:00,31.0,1244,993.0,0.0,9590,45.2,187.0,1.5
32.5,2024-09-01 13:57:10.457000+00:00,31.0,1244,992.9,0.0,9590,45.0,196.0,1.4
32.5,2024-09-01 13:58:10.467000+00:00,31.0,1244,993.0,0.0,9590,44.9,195.0,1.7
32.5,2024-09-01 13:59:10.480000+00:00,32.0,1244,992.9,0.0,9590,44.9,218.0,1.2
32.5,2024-09-01 14:00:10.475000+00:00,32.0,1244,993.0,0.0,9590,44.7,195.0,1.5
32.5,2024-09-01 14:01:10.467000+00:00,32.0,1244,992.9,0.0,9590,44.7,201.0,1.6
32.4,2024-09-01 14:02:10.474000+00:00,32.0,1244,993.0,0.0,9590,44.5,180.0,1.3
32.5,2024-09-01 14:03:10.489000+00:00,32.0,1244,992.9,0.0,9590,45.0,167.0,1.6
32.5,2024-09-01 14:04:10.466000+00:00,32.0,1244,992.9,0.0,9590,44.9,197.0,1.1
32.4,2024-09-01 14:05:10.479000+00:00,32.0,1244,992.9,0.0,9590,44.9,168.0,1.5
32.4,2024-09-01 14:06:10.467000+00:00,32.0,1244,993.0,0.0,9590,44.6,205.0,1.5
32.3,2024-09-01 14:07:10.478000+00:00,33.0,1244,992.9,0.0,9590,44.6,199.0,1.6
32.3,2024-09-01 14:08:10.474000+00:00,32.0,1244,992.9,0.0,9590,44.6,222.0,1.3
32.4,2024-09-01 14:09:10.467000+00:00,32.0,1244,992.9,0.0,9590,44.4,192.0,1.3
32.4,2024-09-01 14:10:10.470000+00:00,32.0,1244,992.9,0.0,9590,44.2,185.0,1.6
32.3,2024-09-01 14:11:10.482000+00:00,32.0,1244,992.9,0.0,9590,44.2,200.0,1.8
32.3,2024-09-01 14:12:10.481000+00:00,33.0,1244,992.9,0.0,9590,44.2,190.0,1.1
32.3,2024-09-01 14:13:10.475000+00:00,32.0,1244,992.8,0.0,9590,44.1,205.0,1.6
32.3,2024-09-01 14:14:10.482000+00:00,32.0,1244,992.9,0.0,9590,44.1,196.0,1.6
32.3,2024-09-01 14:15:10.511000+00:00,33.0,1244,992.8,0.0,9590,44.1,200.0,1.2
32.2,2024-09-01 14:16:10.533000+00:00,33.0,1244,992.7,0.0,9590,43.9,213.0,1.4
32.2,2024-09-01 14:17:10.547000+00:00,32.0,1244,992.9,0.0,9590,43.8,207.0,1.7
32.2,2024-09-01 14:18:10.566000+00:00,32.0,1244,992.8,0.0,9590,43.8,218.0,1.8
32.2,2024-09-01 14:19:10.581000+00:00,32.0,1244,992.7,0.0,9590,43.6,220.0,1.6
32.2,2024-09-01 14:20:10.588000+00:00,32.0,1244,992.8,0.0,9590,43.5,229.0,1.9
26.5,2024-09-15 10:08:21.878000+00:00,39.0,1245,1017.7,0.0,9598,47.2,63.0,1.4
26.6,2024-09-15 10:09:21.896000+00:00,39.0,1245,1017.6,0.0,9598,47.2,83.0,0.8
26.6,2024-09-15 10:10:21.913000+00:00,39.0,1245,1017.6,0.0,9598,47.5,141.0,0.8
26.9,2024-09-15 10:11:21.927000+00:00,38.0,1245,1017.6,0.0,9598,47.5,12.0,2.4
27.1,2024-09-15 10:12:21.929000+00:00,38.0,1245,1017.7,0.0,9598,47.5,267.0,1.8
27.0,2024-09-15 10:13:21.928000+00:00,37.0,1245,1017.8,0.0,9598,46.6,358.0,1.1
26.8,2024-09-15 10:14:21.929000+00:00,37.0,1245,1017.6,0.0,9598,46.6,148.0,1.2
26.6,2024-09-15 10:15:21.930000+00:00,38.0,1245,1017.7,0.0,9598,46.6,112.0,1.6
26.4,2024-09-15 10:16:21.935000+00:00,39.0,1245,1017.6,0.0,9598,47.1,80.0,1.5
26.4,2024-09-15 10:17:21.931000+00:00,39.0,1245,1017.6,0.0,9598,47.0,220.0,1.6
26.7,2024-09-15 10:18:21.932000+00:00,39.0,1245,1017.8,0.0,9598,47.1,62.0,0.5
26.7,2024-09-15 10:19:21.933000+00:00,38.0,1245,1017.7,0.0,9598,47.0,110.0,2.6
27.0,2024-09-15 10:20:21.936000+00:00,38.0,1245,1017.7,0.0,9598,47.0,339.0,1.8
26.9,2024-09-15 10:21:21.937000+00:00,39.0,1245,1017.7,0.0,9598,46.1,98.0,1.2
26.8,2024-09-15 10:22:21.937000+00:00,39.0,1245,1017.8,0.0,9598,46.4,244.0,1.1
26.9,2024-09-15 10:23:21.939000+00:00,38.0,1245,1017.7,0.0,9598,47.1,202.0,1.5
27.0,2024-09-15 10:24:21.938000+00:00,37.0,1245,1017.7,0.0,9598,47.1,179.0,1.4
26.9,2024-09-15 10:25:21.939000+00:00,38.0,1245,1017.8,0.0,9598,47.4,249.0,0.5
27.2,2024-09-15 10:26:21.941000+00:00,38.0,1245,1017.7,0.0,9598,47.6,186.0,1.2
27.5,2024-09-15 10:27:21.940000+00:00,38.0,1245,1017.8,0.0,9598,47.5,154.0,1.6
27.5,2024-09-15 10:28:21.939000+00:00,38.0,1245,1017.7,0.0,9598,47.2,220.0,1.2
27.4,2024-09-15 10:29:21.945000+00:00,39.0,1245,1017.6,0.0,9598,46.6,108.0,1.6
27.0,2024-09-15 10:30:21.941000+00:00,40.0,1245,1017.6,0.0,9598,46.6,144.0,1.0
27.0,2024-09-15 10:31:21.950000+00:00,41.0,1245,1017.6,0.0,9598,45.6,65.0,1.7
26.9,2024-09-15 10:32:21.942000+00:00,39.0,1245,1017.5,0.0,9598,46.3,112.0,2.7
26.7,2024-09-15 10:33:21.942000+00:00,39.0,1245,1017.5,0.0,9598,46.3,84.0,2.9
26.5,2024-09-15 10:34:21.945000+00:00,39.0,1245,1017.7,0.0,9598,46.3,88.0,4.0
26.6,2024-09-15 10:35:21.949000+00:00,40.0,1245,1017.6,0.0,9598,46.3,78.0,2.9
26.8,2024-09-15 10:36:21.957000+00:00,40.0,1245,1017.6,0.0,9598,46.3,81.0,1.1
27.1,2024-09-15 10:37:21.945000+00:00,40.0,1245,1017.6,0.0,9598,45.7,80.0,1.8
27.1,2024-09-15 10:38:21.946000+00:00,40.0,1245,1017.7,0.0,9598,46.5,232.0,1.6
26.9,2024-09-15 10:39:21.947000+00:00,40.0,1245,1017.5,0.0,9598,46.5,32.0,0.9
27.1,2024-09-15 10:40:21.949000+00:00,41.0,1245,1017.5,0.0,9598,46.5,151.0,1.4
27.3,2024-09-15 10:41:21.950000+00:00,41.0,1245,1017.6,0.0,9598,46.5,149.0,1.4
27.3,2024-09-15 10:42:21.953000+00:00,42.0,1245,1017.6,0.0,9598,46.4,219.0,1.1
27.5,2024-09-15 10:43:21.975000+00:00,42.0,1245,1017.6,0.0,9598,46.7,124.0,0.8
27.8,2024-09-15 10:44:21.952000+00:00,41.0,1245,1017.5,0.0,9598,47.9,53.0,0.5
28.2,2024-09-15 10:45:21.952000+00:00,39.0,1245,1017.5,0.0,9598,46.7,105.0,1.4
28.1,2024-09-15 10:46:21.954000+00:00,39.0,1245,1017.6,0.0,9598,46.4,128.0,1.4
27.7,2024-09-15 10:47:21.953000+00:00,40.0,1245,1017.5,0.0,9598,46.4,38.0,0.8
27.8,2024-09-15 10:48:21.959000+00:00,40.0,1245,1017.6,0.0,9598,46.7,122.0,0.9
27.3,2024-09-15 10:49:21.955000+00:00,43.0,1245,1017.6,0.0,9598,45.9,186.0,0.8
27.3,2024-09-15 10:50:21.954000+00:00,41.0,1245,1017.6,0.0,9598,39.9,215.0,1.0
27.1,2024-09-15 10:51:21.955000+00:00,41.0,1245,1017.7,0.0,9598,39.3,0.0,0.9
26.8,2024-09-15 10:52:21.956000+00:00,43.0,1245,1017.6,0.0,9598,44.5,101.0,0.9
26.9,2024-09-15 10:53:21.956000+00:00,43.0,1245,1017.6,0.0,9598,45.6,0.0,1.3
27.3,2024-09-15 10:54:21.990000+00:00,41.0,1245,1017.6,0.0,9598,46.4,111.0,1.0
27.0,2024-09-15 10:55:21.964000+00:00,42.0,1245,1017.6,0.0,9598,46.1,332.0,1.5
27.2,2024-09-15 10:56:21.958000+00:00,42.0,1245,1017.5,0.0,9598,45.1,27.0,1.2
26.9,2024-09-15 10:57:21.960000+00:00,42.0,1245,1017.6,0.0,9598,45.3,189.0,1.0
26.9,2024-09-15 10:58:21.961000+00:00,41.0,1245,1017.6,0.0,9598,45.9,219.0,1.7
27.3,2024-09-15 10:59:21.961000+00:00,39.0,1245,1017.7,0.0,9598,46.7,64.0,1.2
27.7,2024-09-15 11:00:21.962000+00:00,39.0,1245,1017.7,0.0,9598,46.7,74.0,1.3
27.2,2024-09-15 11:01:21.962000+00:00,39.0,1245,1017.7,0.0,9598,44.8,0.0,1.4
26.8,2024-09-15 11:02:21.963000+00:00,40.0,1245,1017.8,0.0,9598,45.2,240.0,0.7
26.8,2024-09-15 11:03:21.965000+00:00,40.0,1245,1017.8,0.0,9598,45.2,195.0,1.0
26.8,2024-09-15 11:04:21.964000+00:00,41.0,1245,1017.7,0.0,9598,45.3,204.0,1.4
26.8,2024-09-15 11:05:21.966000+00:00,41.0,1245,1017.7,0.0,9598,45.3,241.0,0.8
26.8,2024-09-15 11:06:21.968000+00:00,41.0,1245,1017.6,0.0,9598,45.6,249.0,2.0
26.8,2024-09-15 11:07:21.966000+00:00,41.0,1245,1017.6,0.0,9598,45.6,117.0,1.7
26.7,2024-09-15 11:08:21.972000+00:00,40.0,1245,1017.4,0.0,9598,45.7,0.0,2.4
26.9,2024-09-15 11:09:21.967000+00:00,37.0,1245,1017.7,0.0,9598,45.7,65.0,1.0
26.8,2024-09-15 11:10:21.968000+00:00,38.0,1245,1017.7,0.0,9598,45.4,76.0,2.4
26.8,2024-09-15 11:11:21.976000+00:00,37.0,1245,1017.5,0.0,9598,44.9,116.0,1.5
26.6,2024-09-15 11:12:21.979000+00:00,38.0,1245,1017.6,0.0,9598,44.5,66.0,2.8
26.4,2024-09-15 11:13:22.031000+00:00,39.0,1245,1017.6,0.0,9598,44.5,87.0,1.7
26.3,2024-09-15 11:14:21.972000+00:00,40.0,1245,1017.7,0.0,9598,45.0,118.0,0.8
26.5,2024-09-15 11:15:21.977000+00:00,39.0,1245,1017.7,0.0,9598,44.9,82.0,2.4
26.3,2024-09-15 11:16:21.973000+00:00,39.0,1245,1017.6,0.0,9598,44.6,130.0,2.3
26.2,2024-09-15 11:17:21.983000+00:00,40.0,1245,1017.6,0.0,9598,44.7,0.0,1.8
26.3,2024-09-15 11:18:21.992000+00:00,40.0,1245,1017.7,0.0,9598,44.7,97.0,0.9
26.2,2024-09-15 11:19:21.984000+00:00,40.0,1245,1017.6,0.0,9598,44.4,40.0,1.6
26.5,2024-09-15 11:20:21.987000+00:00,40.0,1245,1017.7,0.0,9598,44.7,104.0,0.9
26.7,2024-09-15 11:21:21.996000+00:00,38.0,1245,1017.7,0.0,9598,44.8,76.0,1.5
26.8,2024-09-15 11:22:22.069000+00:00,37.0,1245,1017.6,0.0,9598,44.7,61.0,2.2
26.7,2024-09-15 11:23:22.036000+00:00,37.0,1245,1017.7,0.0,9598,44.7,67.0,0.8
26.8,2024-09-15 11:24:22.030000+00:00,36.0,1245,1017.8,0.0,9598,44.7,59.0,1.1
26.9,2024-09-15 11:25:22.041000+00:00,37.0,1245,1017.7,0.0,9598,44.8,65.0,0.9
26.9,2024-09-15 11:26:22.026000+00:00,38.0,1245,1017.7,0.0,9598,44.8,72.0,2.2
26.8,2024-09-15 11:27:22.031000+00:00,38.0,1245,1017.6,0.0,9598,44.3,99.0,0.8
27.0,2024-09-15 11:28:22.030000+00:00,37.0,1245,1017.6,0.0,9598,44.7,43.0,0.9
27.0,2024-09-15 11:29:22.028000+00:00,36.0,1245,1017.6,0.0,9598,44.7,95.0,1.4
26.8,2024-09-15 11:30:22.032000+00:00,37.0,1245,1017.6,0.0,9598,44.1,137.0,2.9
26.5,2024-09-15 11:31:22.030000+00:00,37.0,1245,1017.6,0.0,9598,44.1,60.0,2.3
26.5,2024-09-15 11:32:22.034000+00:00,36.0,1245,1017.7,0.0,9598,44.1,193.0,1.3
26.5,2024-09-15 11:33:22.032000+00:00,36.0,1245,1017.6,0.0,9598,44.0,291.0,1.5
26.5,2024-09-15 11:34:22.032000+00:00,36.0,1245,1017.5,0.0,9598,44.0,44.0,1.4
26.5,2024-09-15 11:35:22.036000+00:00,36.0,1245,1017.6,0.0,9598,43.8,146.0,1.2
26.3,2024-09-15 11:36:22.035000+00:00,37.0,1245,1017.7,0.0,9598,43.8,89.0,1.2
26.4,2024-09-15 11:37:22.053000+00:00,36.0,1245,1017.6,0.0,9598,44.0,194.0,1.7
26.4,2024-09-15 11:38:22.059000+00:00,36.0,1245,1017.6,0.0,9598,43.9,0.0,1.9
26.5,2024-09-15 11:39:22.061000+00:00,36.0,1245,1017.6,0.0,9598,43.9,266.0,1.2
26.6,2024-09-15 11:40:22.129000+00:00,36.0,1245,1017.6,0.0,9598,44.1,6.0,0.9
26.9,2024-09-15 11:41:22.102000+00:00,34.0,1245,1017.6,0.0,9598,44.4,248.0,1.1
27.1,2024-09-15 11:42:22.094000+00:00,35.0,1245,1017.5,0.0,9598,44.4,78.0,1.9
26.9,2024-09-15 11:43:22.090000+00:00,36.0,1245,1017.6,0.0,9598,43.2,37.0,1.3
27.0,2024-09-15 11:44:22.133000+00:00,36.0,1245,1017.6,0.0,9598,43.4,75.0,1.7
27.0,2024-09-15 11:45:22.108000+00:00,37.0,1245,1017.6,0.0,9598,44.2,110.0,1.5
26.9,2024-09-15 11:46:22.130000+00:00,36.0,1245,1017.7,0.0,9598,44.1,107.0,2.5
26.7,2024-09-15 11:47:22.121000+00:00,36.0,1245,1017.6,0.0,9598,43.6,267.0,2.6
26.5,2024-09-15 11:48:22.141000+00:00,37.0,1245,1017.6,0.0,9598,43.6,134.0,2.5
26.2,2024-09-15 11:49:22.159000+00:00,38.0,1245,1017.6,0.0,9598,42.8,98.0,2.6
26.2,2024-09-15 11:50:22.170000+00:00,39.0,1245,1017.6,0.0,9598,43.3,84.0,1.6
26.3,2024-09-15 11:51:22.174000+00:00,38.0,1245,1017.6,0.0,9598,43.3,30.0,2.9
26.2,2024-09-15 11:52:22.171000+00:00,38.0,1245,1017.6,0.0,9598,43.1,245.0,1.0
26.5,2024-09-15 11:53:22.171000+00:00,38.0,1245,1017.7,0.0,9598,43.3,0.0,0.7
26.7,2024-09-15 11:54:22.176000+00:00,38.0,1245,1017.6,0.0,9598,43.3,238.0,0.5
26.8,2024-09-15 11:55:22.179000+00:00,38.0,1245,1017.6,0.0,9598,43.3,236.0,0.7
27.1,2024-09-15 11:56:22.174000+00:00,37.0,1245,1017.6,0.0,9598,43.5,65.0,1.7
27.0,2024-09-15 11:57:22.196000+00:00,37.0,1245,1017.7,0.0,9598,43.1,223.0,1.4
26.9,2024-09-15 11:58:22.199000+00:00,36.0,1245,1017.6,0.0,9598,42.6,352.0,1.5
26.7,2024-09-15 11:59:22.206000+00:00,36.0,1245,1017.7,0.0,9598,43.2,330.0,1.3
26.6,2024-09-15 12:00:22.224000+00:00,36.0,1245,1017.6,0.0,9598,42.6,216.0,1.9
26.7,2024-09-15 12:01:22.239000+00:00,36.0,1245,1017.6,0.0,9598,42.6,51.0,1.2
26.5,2024-09-15 12:02:22.261000+00:00,37.0,1245,1017.6,0.0,9598,42.4,116.0,1.0
26.5,2024-09-15 12:03:22.262000+00:00,37.0,1245,1017.6,0.0,9598,42.4,148.0,1.5
26.5,2024-09-15 12:04:22.257000+00:00,37.0,1245,1017.7,0.0,9598,42.8,76.0,1.7
26.6,2024-09-15 12:05:22.258000+00:00,37.0,1245,1017.6,0.0,9598,42.8,89.0,1.4
26.8,2024-09-15 12:06:22.261000+00:00,36.0,1245,1017.6,0.0,9598,43.0,193.0,1.6
26.9,2024-09-15 12:07:22.261000+00:00,36.0,1245,1017.7,0.0,9598,43.1,243.0,1.0
26.9,2024-09-15 12:08:22.261000+00:00,36.0,1245,1017.6,0.0,9598,42.6,214.0,2.7
26.5,2024-09-15 12:09:22.263000+00:00,38.0,1245,1017.7,0.0,9598,42.6,103.0,1.6
26.5,2024-09-15 12:10:22.260000+00:00,36.0,1245,1017.6,0.0,9598,42.6,83.0,2.6
26.4,2024-09-15 12:11:22.262000+00:00,35.0,1245,1017.7,0.0,9598,42.7,55.0,1.5
26.4,2024-09-15 12:12:22.266000+00:00,35.0,1245,1017.6,0.0,9598,42.7,19.0,1.8
26.4,2024-09-15 12:13:22.263000+00:00,36.0,1245,1017.7,0.0,9598,42.3,95.0,1.6
26.3,2024-09-15 12:14:22.264000+00:00,36.0,1245,1017.6,0.0,9598,42.1,106.0,2.8
26.0,2024-09-15 12:15:22.264000+00:00,38.0,1245,1017.8,0.0,9598,41.8,74.0,3.1
25.8,2024-09-15 12:16:22.265000+00:00,38.0,1245,1017.6,0.0,9598,41.8,102.0,2.7
25.7,2024-09-15 12:17:22.267000+00:00,38.0,1245,1017.6,0.0,9598,41.6,94.0,3.8
25.7,2024-09-15 12:18:22.269000+00:00,38.0,1245,1017.6,0.0,9598,41.6,98.0,2.8
25.7,2024-09-15 12:19:22.278000+00:00,36.0,1245,1017.7,0.0,9598,41.8,93.0,2.2
25.8,2024-09-15 12:20:22.268000+00:00,37.0,1245,1017.8,0.0,9598,41.3,0.0,3.6
25.7,2024-09-15 12:21:22.298000+00:00,38.0,1245,1017.5,0.0,9598,41.3,106.0,1.7
25.8,2024-09-15 12:22:22.272000+00:00,38.0,1245,1017.6,0.0,9598,41.4,70.0,2.8
25.8,2024-09-15 12:23:22.271000+00:00,38.0,1245,1017.7,0.0,9598,41.4,88.0,2.1
25.8,2024-09-15 12:24:22.273000+00:00,38.0,1245,1017.7,0.0,9598,41.7,90.0,2.0
25.9,2024-09-15 12:25:22.275000+00:00,35.0,1245,1017.6,0.0,9598,41.6,94.0,2.4
25.9,2024-09-15 12:26:22.272000+00:00,34.0,1245,1017.6,0.0,9598,41.6,208.0,1.3
25.9,2024-09-15 12:27:22.276000+00:00,32.0,1245,1017.6,0.0,9598,41.6,288.0,0.9
26.0,2024-09-15 12:28:22.273000+00:00,33.0,1245,1017.7,0.0,9598,42.0,16.0,1.1
26.4,2024-09-15 12:29:22.277000+00:00,33.0,1245,1017.7,0.0,9598,42.0,62.0,0.7
26.6,2024-09-15 12:30:22.275000+00:00,33.0,1245,1017.7,0.0,9598,41.5,76.0,0.6
26.6,2024-09-15 12:31:22.286000+00:00,34.0,1245,1017.7,0.0,9598,41.3,218.0,0.8
26.5,2024-09-15 12:32:22.279000+00:00,35.0,1245,1017.7,0.0,9598,41.3,15.0,1.0
26.6,2024-09-15 12:33:22.293000+00:00,36.0,1245,1017.7,0.0,9598,41.3,66.0,1.1
26.6,2024-09-15 12:34:22.290000+00:00,36.0,1245,1017.7,0.0,9598,40.9,99.0,1.5
26.5,2024-09-15 12:35:22.278000+00:00,37.0,1245,1017.7,0.0,9598,40.8,117.0,0.9
26.5,2024-09-15 12:36:22.288000+00:00,37.0,1245,1017.7,0.0,9598,40.8,77.0,2.0
26.4,2024-09-15 12:37:22.280000+00:00,39.0,1245,1017.8,0.0,9598,40.7,0.0,1.2
26.5,2024-09-15 12:38:22.282000+00:00,39.0,1245,1017.7,0.0,9598,40.3,99.0,0.7
26.4,2024-09-15 12:39:22.287000+00:00,40.0,1245,1017.7,0.0,9598,41.1,238.0,0.6
31.0,2024-09-22 11:07:46.576000+00:00,74.0,1246,1006.9,0.0,9606,37.6,0.0,0.6
30.9,2024-09-22 11:08:46.623000+00:00,74.0,1246,1007.0,0.0,9606,37.7,258.0,0.0
30.9,2024-09-22 11:09:46.565000+00:00,74.0,1246,1007.0,0.0,9606,37.9,300.0,1.1
30.9,2024-09-22 11:10:46.582000+00:00,75.0,1246,1007.0,0.0,9606,37.9,28.0,0.8
30.8,2024-09-22 11:11:46.584000+00:00,75.0,1246,1007.1,0.0,9606,38.0,287.0,0.3
30.8,2024-09-22 11:12:46.599000+00:00,75.0,1246,1007.1,0.0,9606,38.5,219.0,0.8
30.8,2024-09-22 11:13:46.627000+00:00,74.0,1246,1007.0,0.0,9606,38.2,217.0,1.0
30.8,2024-09-22 11:14:46.619000+00:00,75.0,1246,1007.1,0.0,9606,37.6,167.0,0.7
30.7,2024-09-22 11:15:46.643000+00:00,75.0,1246,1007.1,0.0,9606,37.5,0.0,0.6
30.7,2024-09-22 11:16:46.649000+00:00,75.0,1246,1007.1,0.0,9606,37.3,269.0,0.0
30.7,2024-09-22 11:17:46.658000+00:00,75.0,1246,1007.1,0.0,9606,37.4,282.0,0.5
30.7,2024-09-22 11:18:46.671000+00:00,75.0,1246,1007.1,0.0,9606,37.7,135.0,0.5
30.8,2024-09-22 11:19:46.675000+00:00,75.0,1246,1007.1,0.0,9606,37.7,110.0,0.6
30.7,2024-09-22 11:20:46.684000+00:00,75.0,1246,1007.1,0.0,9606,38.3,208.0,0.7
30.7,2024-09-22 11:21:46.693000+00:00,75.0,1246,1007.2,0.0,9606,38.5,138.0,0.6
30.8,2024-09-22 11:22:46.701000+00:00,75.0,1246,1007.3,0.0,9606,38.2,204.0,1.0
30.7,2024-09-22 11:23:46.703000+00:00,75.0,1246,1007.2,0.0,9606,37.8,212.0,0.8
30.9,2024-09-22 11:24:46.722000+00:00,74.0,1246,1007.2,0.0,9606,38.2,179.0,0.9
31.0,2024-09-22 11:25:46.715000+00:00,74.0,1246,1007.2,0.0,9606,38.5,179.0,0.7
31.0,2024-09-22 11:26:46.739000+00:00,73.0,1246,1007.2,0.0,9606,38.1,154.0,0.5
31.0,2024-09-22 11:27:46.752000+00:00,74.0,1246,1007.3,0.0,9606,37.9,0.0,0.8
31.0,2024-09-22 11:28:46.767000+00:00,74.0,1246,1007.2,0.0,9606,37.9,163.0,0.7
31.1,2024-09-22 11:29:46.794000+00:00,74.0,1246,1007.2,0.0,9606,37.9,218.0,0.8
31.1,2024-09-22 11:30:46.791000+00:00,74.0,1246,1007.2,0.0,9606,37.8,180.0,1.0
31.1,2024-09-22 11:31:46.804000+00:00,74.0,1246,1007.2,0.0,9606,38.1,161.0,0.9
31.1,2024-09-22 11:32:46.794000+00:00,74.0,1246,1007.2,0.0,9606,37.6,231.0,1.0
31.0,2024-09-22 11:33:46.797000+00:00,75.0,1246,1007.3,0.0,9606,37.4,244.0,0.5
31.0,2024-09-22 11:34:46.798000+00:00,75.0,1246,1007.3,0.0,9606,37.5,249.0,0.9
31.0,2024-09-22 11:35:46.812000+00:00,75.0,1246,1007.3,0.0,9606,37.2,267.0,0.7
30.9,2024-09-22 11:36:46.794000+00:00,75.0,1246,1007.3,0.0,9606,37.0,201.0,0.8
30.8,2024-09-22 11:37:46.797000+00:00,76.0,1246,1007.3,0.0,9606,37.2,0.0,0.7
30.8,2024-09-22 11:38:46.789000+00:00,76.0,1246,1007.4,0.0,9606,37.2,62.0,0.4
30.8,2024-09-22 11:39:46.804000+00:00,76.0,1246,1007.3,0.0,9606,37.3,226.0,0.7
30.7,2024-09-22 11:40:46.792000+00:00,76.0,1246,1007.3,0.0,9606,37.6,206.0,0.5
30.7,2024-09-22 11:41:46.790000+00:00,76.0,1246,1007.4,0.0,9606,37.9,0.0,0.4
30.7,2024-09-22 11:42:46.794000+00:00,75.0,1246,1007.4,0.0,9606,37.6,217.0,0.0
30.7,2024-09-22 11:43:46.789000+00:00,75.0,1246,1007.4,0.0,9606,37.5,229.0,0.9
30.6,2024-09-22 11:44:46.798000+00:00,76.0,1246,1007.4,0.0,9606,37.3,0.0,1.0
30.6,2024-09-22 11:45:46.803000+00:00,76.0,1246,1007.5,0.0,9606,37.0,0.0,0.3
30.6,2024-09-22 11:46:46.807000+00:00,76.0,1246,1007.5,0.0,9606,37.2,0.0,0.5
30.7,2024-09-22 11:47:46.800000+00:00,76.0,1246,1007.5,0.0,9606,37.2,287.0,0.5
30.6,2024-09-22 11:48:46.806000+00:00,76.0,1246,1007.5,0.0,9606,37.2,270.0,1.1
30.6,2024-09-22 11:49:46.797000+00:00,76.0,1246,1007.5,0.0,9606,37.3,36.0,0.7
30.7,2024-09-22 11:50:46.803000+00:00,76.0,1246,1007.6,0.0,9606,37.3,305.0,0.6
30.6,2024-09-22 11:51:46.806000+00:00,76.0,1246,1007.5,0.0,9606,37.0,282.0,0.0
30.6,2024-09-22 11:52:46.807000+00:00,76.0,1246,1007.5,0.0,9606,37.3,280.0,0.5
30.6,2024-09-22 11:53:46.811000+00:00,76.0,1246,1007.6,0.0,9606,37.6,295.0,0.6
30.6,2024-09-22 11:54:46.805000+00:00,76.0,1246,1007.6,0.0,9606,37.0,320.0,0.6
30.6,2024-09-22 11:55:46.810000+00:00,76.0,1246,1007.6,0.0,9606,37.0,82.0,0.9
30.6,2024-09-22 11:56:46.812000+00:00,76.0,1246,1007.6,0.0,9606,37.1,0.0,0.4
30.6,2024-09-22 11:57:46.808000+00:00,76.0,1246,1007.6,0.0,9606,37.1,0.0,0.0
30.7,2024-09-22 11:58:46.800000+00:00,76.0,1246,1007.6,0.0,9606,37.7,213.0,0.0
30.7,2024-09-22 11:59:46.808000+00:00,75.0,1246,1007.7,0.0,9606,37.7,232.0,0.6
30.7,2024-09-22 12:00:46.817000+00:00,75.0,1246,1007.7,0.0,9606,37.6,298.0,0.4
30.7,2024-09-22 12:01:46.816000+00:00,76.0,1246,1007.6,0.0,9606,37.3,329.0,0.7
30.7,2024-09-22 12:02:46.813000+00:00,75.0,1246,1007.7,0.0,9606,37.3,213.0,0.8
30.7,2024-09-22 12:03:46.815000+00:00,76.0,1246,1007.7,0.0,9606,37.3,216.0,0.6
30.8,2024-09-22 12:04:46.818000+00:00,75.0,1246,1007.7,0.0,9606,37.3,0.0,0.4
30.8,2024-09-22 12:05:46.821000+00:00,75.0,1246,1007.7,0.0,9606,37.3,239.0,0.3
30.8,2024-09-22 12:06:46.823000+00:00,75.0,1246,1007.7,0.0,9606,37.4,192.0,0.9
30.8,2024-09-22 12:07:46.821000+00:00,75.0,1246,1007.7,0.0,9606,37.4,200.0,0.8
30.9,2024-09-22 12:08:46.821000+00:00,75.0,1246,1007.8,0.0,9606,37.4,217.0,1.4
31.0,2024-09-22 12:09:46.815000+00:00,74.0,1246,1007.8,0.0,9606,37.2,203.0,1.1
31.1,2024-09-22 12:10:46.837000+00:00,75.0,1246,1007.7,0.0,9606,37.0,218.0,0.7
31.1,2024-09-22 12:11:46.854000+00:00,74.0,1246,1007.8,0.0,9606,36.6,195.0,1.4
31.1,2024-09-22 12:12:46.871000+00:00,75.0,1246,1007.8,0.0,9606,36.8,155.0,1.3
31.1,2024-09-22 12:13:46.887000+00:00,75.0,1246,1007.9,0.0,9606,36.5,180.0,0.7
31.1,2024-09-22 12:14:46.896000+00:00,75.0,1246,1007.9,0.0,9606,36.5,228.0,1.0
31.1,2024-09-22 12:15:46.915000+00:00,76.0,1246,1007.8,0.0,9606,36.5,0.0,0.4
31.0,2024-09-22 12:16:46.921000+00:00,75.0,1246,1007.9,0.0,9606,36.9,155.0,0.9
31.1,2024-09-22 12:17:46.908000+00:00,75.0,1246,1007.8,0.0,9606,37.0,251.0,0.8
31.1,2024-09-22 12:18:46.935000+00:00,75.0,1246,1007.9,0.0,9606,37.1,219.0,1.1
31.1,2024-09-22 12:19:46.943000+00:00,75.0,1246,1008.0,0.0,9606,37.0,245.0,0.8
31.1,2024-09-22 12:20:46.954000+00:00,75.0,1246,1008.0,0.0,9606,36.9,221.0,1.1
31.1,2024-09-22 12:21:46.952000+00:00,75.0,1246,1007.9,0.0,9606,36.8,183.0,0.7
31.1,2024-09-22 12:22:46.950000+00:00,75.0,1246,1008.0,0.0,9606,36.8,196.0,1.6
31.1,2024-09-22 12:23:46.951000+00:00,74.0,1246,1008.0,0.0,9606,36.8,220.0,1.1
31.1,2024-09-22 12:24:46.961000+00:00,74.0,1246,1008.0,0.0,9606,36.3,216.0,1.1
31.1,2024-09-22 12:25:47.130000+00:00,75.0,1246,1008.1,0.0,9606,36.3,195.0,1.8
31.2,2024-09-22 12:26:47.087000+00:00,74.0,1246,1008.0,0.0,9606,36.3,275.0,1.1
31.2,2024-09-22 12:27:47.106000+00:00,75.0,1246,1008.0,0.0,9606,36.4,192.0,1.1
31.1,2024-09-22 12:28:47.119000+00:00,74.0,1246,1008.0,0.0,9606,36.5,228.0,1.1
31.1,2024-09-22 12:29:47.144000+00:00,74.0,1246,1008.0,0.0,9606,36.0,224.0,1.0
31.1,2024-09-22 12:30:47.167000+00:00,74.0,1246,1008.0,0.0,9606,35.9,191.0,1.4
31.0,2024-09-22 12:31:47.178000+00:00,75.0,1246,1007.9,0.0,9606,35.7,161.0,1.1
31.0,2024-09-22 12:32:47.175000+00:00,75.0,1246,1008.0,0.0,9606,35.8,217.0,1.3
31.0,2024-09-22 12:33:47.176000+00:00,75.0,1246,1008.1,0.0,9606,35.8,179.0,1.3
30.9,2024-09-22 12:34:47.194000+00:00,75.0,1246,1008.1,0.0,9606,36.1,257.0,1.1
30.9,2024-09-22 12:35:47.200000+00:00,75.0,1246,1008.2,0.0,9606,36.1,215.0,1.0
30.8,2024-09-22 12:36:47.203000+00:00,75.0,1246,1008.2,0.0,9606,35.8,209.0,1.5
30.8,2024-09-22 12:37:47.215000+00:00,76.0,1246,1008.3,0.0,9606,36.4,218.0,1.6
30.8,2024-09-22 12:38:47.222000+00:00,75.0,1246,1008.3,0.0,9606,36.6,217.0,1.3
30.8,2024-09-22 12:39:47.226000+00:00,74.0,1246,1008.4,0.0,9606,36.4,198.0,1.2
30.8,2024-09-22 12:40:47.230000+00:00,74.0,1246,1008.4,0.0,9606,36.0,218.0,1.3
30.8,2024-09-22 12:41:47.251000+00:00,75.0,1246,1008.3,0.0,9606,36.0,184.0,1.4
30.8,2024-09-22 12:42:47.263000+00:00,74.0,1246,1008.4,0.0,9606,36.0,231.0,1.2
30.8,2024-09-22 12:43:47.285000+00:00,75.0,1246,1008.4,0.0,9606,36.1,223.0,1.2
30.8,2024-09-22 12:44:47.301000+00:00,75.0,1246,1008.4,0.0,9606,36.1,186.0,2.0
30.8,2024-09-22 12:45:47.273000+00:00,75.0,1246,1008.4,0.0,9606,36.1,190.0,1.4
30.8,2024-09-22 12:46:47.307000+00:00,75.0,1246,1008.4,0.0,9606,36.1,202.0,1.3
30.8,2024-09-22 12:47:47.293000+00:00,75.0,1246,1008.4,0.0,9606,35.9,245.0,1.6
30.8,2024-09-22 12:48:47.313000+00:00,75.0,1246,1008.4,0.0,9606,35.5,239.0,0.7
30.8,2024-09-22 12:49:47.329000+00:00,76.0,1246,1008.4,0.0,9606,35.9,214.0,0.7
30.8,2024-09-22 12:50:47.341000+00:00,74.0,1246,1008.3,0.0,9606,35.8,227.0,1.2
30.8,2024-09-22 12:51:47.349000+00:00,74.0,1246,1008.3,0.0,9606,35.7,183.0,1.1
30.7,2024-09-22 12:52:47.347000+00:00,74.0,1246,1008.3,0.0,9606,35.8,207.0,1.4
30.6,2024-09-22 12:53:47.363000+00:00,74.0,1246,1008.3,0.0,9606,35.8,215.0,1.1
30.7,2024-09-22 12:54:47.380000+00:00,74.0,1246,1008.3,0.0,9606,35.8,234.0,0.8
30.6,2024-09-22 12:55:47.403000+00:00,74.0,1246,1008.3,0.0,9606,35.8,159.0,1.3
30.7,2024-09-22 12:56:47.405000+00:00,74.0,1246,1008.4,0.0,9606,35.8,204.0,1.2
30.8,2024-09-22 12:57:47.403000+00:00,74.0,1246,1008.4,0.0,9606,36.1,185.0,1.0
30.8,2024-09-22 12:58:47.414000+00:00,73.0,1246,1008.4,0.0,9606,36.1,228.0,1.3
30.8,2024-09-22 12:59:47.454000+00:00,74.0,1246,1008.4,0.0,9606,35.5,193.0,0.7
30.8,2024-09-22 13:00:47.447000+00:00,74.0,1246,1008.5,0.0,9606,35.5,212.0,1.1
30.8,2024-09-22 13:01:47.449000+00:00,74.0,1246,1008.5,0.0,9606,36.0,223.0,1.1
30.7,2024-09-22 13:02:47.456000+00:00,74.0,1246,1008.5,0.0,9606,35.8,212.0,1.7
30.7,2024-09-22 13:03:47.458000+00:00,74.0,1246,1008.4,0.0,9606,35.8,210.0,1.2
30.8,2024-09-22 13:04:47.452000+00:00,74.0,1246,1008.4,0.0,9606,35.7,225.0,1.3
30.8,2024-09-22 13:05:47.455000+00:00,74.0,1246,1008.4,0.0,9606,35.5,183.0,1.1
30.8,2024-09-22 13:06:47.472000+00:00,73.0,1246,1008.5,0.0,9606,35.5,187.0,1.2
30.8,2024-09-22 13:07:47.477000+00:00,74.0,1246,1008.5,0.0,9606,35.5,192.0,1.3
30.8,2024-09-22 13:08:47.464000+00:00,74.0,1246,1008.6,0.0,9606,35.5,207.0,1.6
30.8,2024-09-22 13:09:47.457000+00:00,74.0,1246,1008.5,0.0,9606,35.5,214.0,1.5
30.8,2024-09-22 13:10:47.478000+00:00,74.0,1246,1008.5,0.0,9606,35.2,164.0,1.3
30.8,2024-09-22 13:11:47.465000+00:00,74.0,1246,1008.6,0.0,9606,35.3,192.0,1.5
30.8,2024-09-22 13:12:47.515000+00:00,74.0,1246,1008.7,0.0,9606,35.4,209.0,1.6
30.8,2024-09-22 13:13:47.511000+00:00,74.0,1246,1008.6,0.0,9606,35.5,197.0,1.2
30.7,2024-09-22 13:14:47.510000+00:00,74.0,1246,1008.6,0.0,9606,35.5,213.0,1.5
30.7,2024-09-22 13:15:47.502000+00:00,74.0,1246,1008.5,0.0,9606,35.2,0.0,1.1
30.6,2024-09-22 13:16:47.518000+00:00,74.0,1246,1008.6,0.0,9606,34.9,230.0,0.7
30.6,2024-09-22 13:17:47.532000+00:00,75.0,1246,1008.7,0.0,9606,34.9,218.0,0.9
30.6,2024-09-22 13:18:47.549000+00:00,75.0,1246,1008.8,0.0,9606,35.0,196.0,1.0
30.7,2024-09-22 13:19:47.556000+00:00,75.0,1246,1008.6,0.0,9606,35.2,164.0,1.5
30.7,2024-09-22 13:20:47.554000+00:00,74.0,1246,1008.6,0.0,9606,35.2,186.0,0.9
30.6,2024-09-22 13:21:47.572000+00:00,74.0,1246,1008.8,0.0,9606,35.2,216.0,1.2
30.7,2024-09-22 13:22:47.594000+00:00,75.0,1246,1008.7,0.0,9606,35.3,202.0,1.0
30.6,2024-09-22 13:23:47.613000+00:00,74.0,1246,1008.8,0.0,9606,35.2,277.0,0.9
30.6,2024-09-22 13:24:47.634000+00:00,74.0,1246,1008.8,0.0,9606,35.1,174.0,1.1
30.6,2024-09-22 13:25:47.625000+00:00,74.0,1246,1008.9,0.0,9606,35.0,228.0,1.0
30.6,2024-09-22 13:26:47.615000+00:00,74.0,1246,1008.8,0.0,9606,35.0,185.0,1.1
30.6,2024-09-22 13:27:47.631000+00:00,74.0,1246,1008.8,0.0,9606,35.0,233.0,0.9
30.6,2024-09-22 13:28:47.628000+00:00,74.0,1246,1008.9,0.0,9606,35.0,216.0,1.0
30.5,2024-09-22 13:29:47.621000+00:00,74.0,1246,1009.0,0.0,9606,34.9,190.0,1.2
30.5,2024-09-22 13:30:47.632000+00:00,73.0,1246,1009.0,0.0,9606,34.9,224.0,1.0
30.5,2024-09-22 13:31:47.622000+00:00,74.0,1246,1009.0,0.0,9606,35.2,221.0,1.5
30.5,2024-09-22 13:32:47.633000+00:00,74.0,1246,1008.9,0.0,9606,35.3,187.0,1.3
30.6,2024-09-22 13:33:47.630000+00:00,74.0,1246,1008.9,0.0,9606,35.5,214.0,1.3
30.5,2024-09-22 13:34:47.633000+00:00,74.0,1246,1009.1,0.0,9606,34.9,288.0,1.0
30.5,2024-09-22 13:35:47.626000+00:00,74.0,1246,1009.0,0.0,9606,34.9,178.0,0.3
30.5,2024-09-22 13:36:47.634000+00:00,74.0,1246,1009.0,0.0,9606,35.0,192.0,1.0
30.5,2024-09-22 13:37:47.625000+00:00,74.0,1246,1009.0,0.0,9606,35.0,300.0,0.6
30.5,2024-09-22 13:38:47.637000+00:00,75.0,1246,1009.0,0.0,9606,34.4,155.0,1.1
30.5,2024-09-22 13:39:47.626000+00:00,74.0,1246,1009.1,0.0,9606,34.4,72.0,1.0
30.5,2024-09-22 13:40:47.633000+00:00,74.0,1246,1009.1,0.0,9606,35.0,226.0,1.1
30.6,2024-09-22 13:41:47.639000+00:00,74.0,1246,1009.0,0.0,9606,35.0,199.0,1.4
30.6,2024-09-22 13:42:47.632000+00:00,74.0,1246,1009.1,0.0,9606,35.0,205.0,1.6
30.5,2024-09-22 13:43:47.631000+00:00,74.0,1246,1009.0,0.0,9606,35.0,200.0,1.4
30.5,2024-09-22 13:44:47.644000+00:00,73.0,1246,1009.1,0.0,9606,34.9,189.0,1.2
30.4,2024-09-22 13:45:47.652000+00:00,74.0,1246,1009.1,0.0,9606,34.7,198.0,1.3
30.4,2024-09-22 13:46:47.686000+00:00,74.0,1246,1009.1,0.0,9606,34.7,262.0,1.4
26.0,2024-10-19 17:18:18.492000+00:00,50.0,1247,1008.4,0.0,9616,41.2,99.0,1.2
26.0,2024-10-19 17:19:18.502000+00:00,49.0,1247,1008.3,0.0,9616,41.2,183.0,1.0
26.1,2024-10-19 17:20:18.490000+00:00,49.0,1247,1008.4,0.0,9616,41.1,169.0,1.7
26.2,2024-10-19 17:21:18.483000+00:00,49.0,1247,1008.4,0.0,9616,40.8,184.0,2.1
26.4,2024-10-19 17:22:18.496000+00:00,50.0,1247,1008.3,0.0,9616,40.8,185.0,1.1
26.4,2024-10-19 17:23:18.497000+00:00,50.0,1247,1008.4,0.0,9616,40.8,164.0,1.9
26.3,2024-10-19 17:24:18.497000+00:00,49.0,1247,1008.2,0.0,9616,41.1,174.0,2.5
26.3,2024-10-19 17:25:18.513000+00:00,49.0,1247,1008.3,0.0,9616,41.2,161.0,2.1
26.1,2024-10-19 17:26:18.530000+00:00,49.0,1247,1008.2,0.0,9616,41.6,164.0,1.6
26.1,2024-10-19 17:27:18.533000+00:00,49.0,1247,1008.3,0.0,9616,41.7,181.0,1.2
26.1,2024-10-19 17:28:18.548000+00:00,49.0,1247,1008.2,0.0,9616,41.3,168.0,1.7
26.1,2024-10-19 17:29:18.566000+00:00,49.0,1247,1008.1,0.0,9616,41.2,219.0,1.2
26.2,2024-10-19 17:30:18.576000+00:00,49.0,1247,1008.2,0.0,9616,41.3,278.0,0.7
26.4,2024-10-19 17:31:18.580000+00:00,49.0,1247,1008.1,0.0,9616,41.3,338.0,0.5
26.5,2024-10-19 17:32:18.583000+00:00,48.0,1247,1008.1,0.0,9616,41.6,307.0,0.9
26.5,2024-10-19 17:33:18.580000+00:00,48.0,1247,1008.1,0.0,9616,41.6,170.0,1.0
26.5,2024-10-19 17:34:18.600000+00:00,49.0,1247,1008.1,0.0,9616,42.2,174.0,2.0
26.6,2024-10-19 17:35:18.615000+00:00,49.0,1247,1008.0,0.0,9616,42.5,172.0,1.8
26.6,2024-10-19 17:36:18.631000+00:00,48.0,1247,1008.0,0.0,9616,42.6,289.0,0.7
26.6,2024-10-19 17:37:18.634000+00:00,49.0,1247,1008.0,0.0,9616,42.6,224.0,0.6
26.7,2024-10-19 17:38:18.630000+00:00,50.0,1247,1008.0,0.0,9616,42.5,260.0,2.1
26.6,2024-10-19 17:39:18.633000+00:00,50.0,1247,1007.9,0.0,9616,42.3,0.0,0.9
26.6,2024-10-19 17:40:18.656000+00:00,50.0,1247,1008.0,0.0,9616,42.3,319.0,0.9
26.6,2024-10-19 17:41:18.648000+00:00,49.0,1247,1008.0,0.0,9616,42.4,200.0,1.6
26.6,2024-10-19 17:42:18.649000+00:00,50.0,1247,1007.9,0.0,9616,42.9,192.0,2.0
26.7,2024-10-19 17:43:18.649000+00:00,50.0,1247,1007.9,0.0,9616,42.9,159.0,2.1
26.7,2024-10-19 17:44:18.650000+00:00,50.0,1247,1007.9,0.0,9616,43.3,172.0,2.2
26.6,2024-10-19 17:45:18.650000+00:00,48.0,1247,1007.9,0.0,9616,43.4,170.0,1.8
26.8,2024-10-19 17:46:18.669000+00:00,49.0,1247,1007.8,0.0,9616,43.5,171.0,3.4
26.9,2024-10-19 17:47:18.685000+00:00,48.0,1247,1007.8,0.0,9616,43.3,153.0,2.7
27.1,2024-10-19 17:48:18.685000+00:00,48.0,1247,1007.8,0.0,9616,43.9,169.0,3.9
27.1,2024-10-19 17:49:18.684000+00:00,48.0,1247,1007.9,0.0,9616,43.3,186.0,3.7
27.1,2024-10-19 17:50:18.678000+00:00,49.0,1247,1007.9,0.0,9616,43.1,179.0,2.4
27.1,2024-10-19 17:51:18.705000+00:00,49.0,1247,1007.7,0.0,9616,43.4,160.0,2.7
27.0,2024-10-19 17:52:18.723000+00:00,48.0,1247,1007.8,0.0,9616,43.6,138.0,2.3
26.9,2024-10-19 17:53:18.719000+00:00,47.0,1247,1007.8,0.0,9616,44.1,158.0,2.5
27.1,2024-10-19 17:54:18.721000+00:00,47.0,1247,1007.8,0.0,9616,44.5,170.0,3.1
27.3,2024-10-19 17:55:18.722000+00:00,48.0,1247,1007.7,0.0,9616,44.1,158.0,1.8
27.2,2024-10-19 17:56:18.724000+00:00,48.0,1247,1007.8,0.0,9616,44.2,169.0,1.5
27.2,2024-10-19 17:57:18.723000+00:00,48.0,1247,1007.7,0.0,9616,44.9,151.0,2.0
27.4,2024-10-19 17:58:18.724000+00:00,48.0,1247,1007.7,0.0,9616,44.9,132.0,2.0
27.4,2024-10-19 17:59:18.742000+00:00,48.0,1247,1007.8,0.0,9616,44.6,190.0,1.6
27.3,2024-10-19 18:00:18.742000+00:00,49.0,1247,1007.7,0.0,9616,44.6,0.0,0.7
27.1,2024-10-19 18:01:18.742000+00:00,48.0,1247,1007.7,0.0,9616,45.2,222.0,1.0
27.1,2024-10-19 18:02:18.756000+00:00,47.0,1247,1007.7,0.0,9616,45.3,194.0,1.2
27.0,2024-10-19 18:03:18.778000+00:00,47.0,1247,1007.7,0.0,9616,45.6,206.0,1.3
27.0,2024-10-19 18:04:18.774000+00:00,47.0,1247,1007.6,0.0,9616,46.1,193.0,2.1
27.0,2024-10-19 18:05:18.775000+00:00,47.0,1247,1007.5,0.0,9616,46.1,220.0,0.9
27.1,2024-10-19 18:06:18.776000+00:00,47.0,1247,1007.5,0.0,9616,44.7,132.0,1.5
27.1,2024-10-19 18:07:18.791000+00:00,45.0,1247,1007.6,0.0,9616,44.4,189.0,1.2
27.0,2024-10-19 18:08:18.808000+00:00,45.0,1247,1007.5,0.0,9616,43.3,170.0,1.9
27.2,2024-10-19 18:09:18.826000+00:00,45.0,1247,1007.5,0.0,9616,42.9,194.0,1.6
27.2,2024-10-19 18:10:18.833000+00:00,46.0,1247,1007.6,0.0,9616,43.3,177.0,1.5
27.2,2024-10-19 18:11:18.857000+00:00,46.0,1247,1007.4,0.0,9616,44.1,187.0,1.1
27.1,2024-10-19 18:12:18.859000+00:00,46.0,1247,1007.4,0.0,9616,44.1,218.0,1.6
27.1,2024-10-19 18:13:18.862000+00:00,47.0,1247,1007.4,0.0,9616,44.1,92.0,1.7
27.2,2024-10-19 18:14:18.860000+00:00,47.0,1247,1007.4,0.0,9616,45.0,182.0,2.0
27.2,2024-10-19 18:15:18.858000+00:00,47.0,1247,1007.3,0.0,9616,45.0,192.0,2.3
27.1,2024-10-19 18:16:18.863000+00:00,46.0,1247,1007.3,0.0,9616,45.0,204.0,2.0
27.0,2024-10-19 18:17:18.862000+00:00,46.0,1247,1007.3,0.0,9616,44.9,276.0,1.5
27.0,2024-10-19 18:18:18.865000+00:00,46.0,1247,1007.3,0.0,9616,44.6,206.0,0.9
27.0,2024-10-19 18:19:18.855000+00:00,45.0,1247,1007.3,0.0,9616,44.0,302.0,0.7
27.0,2024-10-19 18:20:18.865000+00:00,45.0,1247,1007.3,0.0,9616,43.4,298.0,1.2
27.0,2024-10-19 18:21:18.865000+00:00,45.0,1247,1007.3,0.0,9616,43.1,225.0,1.5
27.0,2024-10-19 18:22:18.870000+00:00,45.0,1247,1007.3,0.0,9616,42.1,271.0,0.9
27.1,2024-10-19 18:23:18.869000+00:00,45.0,1247,1007.1,0.0,9616,42.0,297.0,0.8
27.1,2024-10-19 18:24:18.867000+00:00,45.0,1247,1007.1,0.0,9616,41.6,289.0,0.6
27.2,2024-10-19 18:25:18.876000+00:00,46.0,1247,1007.1,0.0,9616,41.6,285.0,0.6
27.2,2024-10-19 18:26:18.876000+00:00,46.0,1247,1007.1,0.0,9616,41.5,58.0,0.6
27.1,2024-10-19 18:27:18.878000+00:00,45.0,1247,1007.0,0.0,9616,41.5,289.0,0.7
27.2,2024-10-19 18:28:18.868000+00:00,45.0,1247,1007.1,0.0,9616,42.0,179.0,0.6
27.3,2024-10-19 18:29:18.874000+00:00,45.0,1247,1007.0,0.0,9616,43.7,195.0,1.3
27.4,2024-10-19 18:30:18.873000+00:00,44.0,1247,1007.1,0.0,9616,44.1,218.0,2.0
27.5,2024-10-19 18:31:18.878000+00:00,44.0,1247,1007.1,0.0,9616,44.1,121.0,1.2
27.5,2024-10-19 18:32:18.877000+00:00,44.0,1247,1007.1,0.0,9616,44.9,271.0,0.4
27.5,2024-10-19 18:33:18.874000+00:00,44.0,1247,1006.9,0.0,9616,44.9,322.0,1.3
27.4,2024-10-19 18:34:18.880000+00:00,45.0,1247,1007.0,0.0,9616,44.8,319.0,2.6
27.2,2024-10-19 18:35:18.875000+00:00,46.0,1247,1007.0,0.0,9616,44.7,334.0,1.9
27.1,2024-10-19 18:36:18.878000+00:00,47.0,1247,1006.9,0.0,9616,44.1,299.0,2.2
27.0,2024-10-19 18:37:18.873000+00:00,46.0,1247,1006.9,0.0,9616,44.0,163.0,2.1
27.2,2024-10-19 18:38:18.878000+00:00,45.0,1247,1007.0,0.0,9616,44.0,180.0,2.3
26.8,2024-10-20 18:07:24.132000+00:00,41.0,1247,1008.0,0.0,9617,44.7,105.0,1.1
26.8,2024-10-20 18:08:24.133000+00:00,41.0,1247,1007.9,0.0,9617,44.6,316.0,0.9
26.7,2024-10-20 18:09:24.134000+00:00,40.0,1247,1007.9,0.0,9617,44.5,198.0,1.1
26.7,2024-10-20 18:10:24.137000+00:00,41.0,1247,1007.8,0.0,9617,44.4,299.0,1.8
26.7,2024-10-20 18:11:24.136000+00:00,41.0,1247,1008.0,0.0,9617,44.4,192.0,0.6
26.7,2024-10-20 18:12:24.136000+00:00,40.0,1247,1007.9,0.0,9617,44.5,310.0,1.2
26.7,2024-10-20 18:13:24.128000+00:00,41.0,1247,1007.9,0.0,9617,44.4,315.0,1.8
26.7,2024-10-20 18:14:24.143000+00:00,41.0,1247,1007.8,0.0,9617,44.4,312.0,0.9
26.7,2024-10-20 18:15:24.143000+00:00,41.0,1247,1007.8,0.0,9617,44.3,311.0,1.4
26.8,2024-10-20 18:16:24.141000+00:00,42.0,1247,1007.8,0.0,9617,44.1,277.0,1.3
27.0,2024-10-20 18:17:24.143000+00:00,41.0,1247,1007.8,0.0,9617,44.3,189.0,0.7
27.2,2024-10-20 18:18:24.143000+00:00,40.0,1247,1007.7,0.0,9617,45.1,147.0,1.3
27.3,2024-10-20 18:19:24.145000+00:00,38.0,1247,1007.7,0.0,9617,45.2,170.0,2.5
27.2,2024-10-20 18:20:24.143000+00:00,39.0,1247,1007.7,0.0,9617,45.1,170.0,2.5
27.1,2024-10-20 18:21:24.145000+00:00,39.0,1247,1007.7,0.0,9617,45.1,177.0,3.8
27.2,2024-10-20 18:22:24.151000+00:00,38.0,1247,1007.7,0.0,9617,45.4,174.0,4.1
27.4,2024-10-20 18:23:24.145000+00:00,38.0,1247,1007.6,0.0,9617,45.5,179.0,3.7
27.5,2024-10-20 18:24:24.153000+00:00,39.0,1247,1007.6,0.0,9617,45.3,166.0,4.2
27.5,2024-10-20 18:25:24.145000+00:00,38.0,1247,1007.5,0.0,9617,45.4,173.0,3.3
27.5,2024-10-20 18:26:24.147000+00:00,38.0,1247,1007.5,0.0,9617,45.4,191.0,2.9
27.3,2024-10-20 18:27:24.154000+00:00,38.0,1247,1007.5,0.0,9617,45.5,173.0,2.7
27.2,2024-10-20 18:28:24.148000+00:00,39.0,1247,1007.5,0.0,9617,45.7,177.0,3.2
27.2,2024-10-20 18:29:24.149000+00:00,39.0,1247,1007.5,0.0,9617,46.1,75.0,2.1
27.3,2024-10-20 18:30:24.152000+00:00,38.0,1247,1007.4,0.0,9617,46.2,209.0,1.0
27.2,2024-10-20 18:31:24.152000+00:00,38.0,1247,1007.4,0.0,9617,46.2,227.0,1.7
27.2,2024-10-20 18:32:24.163000+00:00,38.0,1247,1007.4,0.0,9617,45.8,241.0,1.0
27.3,2024-10-20 18:33:24.150000+00:00,38.0,1247,1007.4,0.0,9617,45.7,187.0,0.6
27.3,2024-10-20 18:34:24.150000+00:00,38.0,1247,1007.3,0.0,9617,45.6,261.0,1.1
27.3,2024-10-20 18:35:24.152000+00:00,38.0,1247,1007.3,0.0,9617,45.6,324.0,1.3
27.2,2024-10-20 18:36:24.152000+00:00,38.0,1247,1007.4,0.0,9617,45.9,91.0,0.9
27.3,2024-10-20 18:37:24.157000+00:00,38.0,1247,1007.3,0.0,9617,46.4,181.0,0.9
27.3,2024-10-20 18:38:24.156000+00:00,37.0,1247,1007.3,0.0,9617,46.4,217.0,1.7
27.4,2024-10-20 18:39:24.154000+00:00,38.0,1247,1007.3,0.0,9617,46.4,195.0,1.3
27.3,2024-10-20 18:40:24.155000+00:00,38.0,1247,1007.2,0.0,9617,46.3,213.0,1.0
27.3,2024-10-20 18:41:24.145000+00:00,38.0,1247,1007.2,0.0,9617,46.2,288.0,1.3
27.3,2024-10-20 18:42:24.156000+00:00,38.0,1247,1007.2,0.0,9617,46.0,291.0,1.2
27.2,2024-10-20 18:43:24.160000+00:00,38.0,1247,1007.1,0.0,9617,46.0,308.0,2.3
27.1,2024-10-20 18:44:24.159000+00:00,39.0,1247,1007.2,0.0,9617,45.7,315.0,1.4
27.1,2024-10-20 18:45:24.158000+00:00,39.0,1247,1007.2,0.0,9617,45.7,7.0,1.2
27.3,2024-10-20 18:46:24.163000+00:00,39.0,1247,1007.2,0.0,9617,45.7,0.0,1.1
27.4,2024-10-20 18:47:24.161000+00:00,38.0,1247,1007.1,0.0,9617,46.0,279.0,1.0
27.5,2024-10-20 18:48:24.148000+00:00,38.0,1247,1007.1,0.0,9617,46.0,339.0,1.0
27.4,2024-10-20 18:49:24.167000+00:00,38.0,1247,1007.1,0.0,9617,46.0,329.0,1.7
27.6,2024-10-20 18:50:24.163000+00:00,38.0,1247,1007.1,0.0,9617,45.7,303.0,1.2
27.7,2024-10-20 18:51:24.162000+00:00,38.0,1247,1007.0,0.0,9617,46.5,235.0,1.2
27.7,2024-10-20 18:52:24.163000+00:00,38.0,1247,1007.0,0.0,9617,46.7,215.0,1.2
27.5,2024-10-20 18:53:24.159000+00:00,38.0,1247,1007.0,0.0,9617,46.5,197.0,1.3
27.5,2024-10-20 18:54:24.165000+00:00,38.0,1247,1006.9,0.0,9617,46.5,226.0,1.0
27.6,2024-10-20 18:55:24.167000+00:00,37.0,1247,1006.9,0.0,9617,47.0,191.0,1.7
27.6,2024-10-20 18:56:24.156000+00:00,37.0,1247,1006.9,0.0,9617,47.0,190.0,1.9
27.6,2024-10-20 18:57:24.167000+00:00,37.0,1247,1006.9,0.0,9617,47.0,36.0,2.1
27.7,2024-10-20 18:58:24.167000+00:00,37.0,1247,1006.9,0.0,9617,47.1,329.0,0.7
27.7,2024-10-20 18:59:24.176000+00:00,37.0,1247,1006.8,0.0,9617,46.9,319.0,1.4
27.7,2024-10-20 19:00:24.184000+00:00,37.0,1247,1006.8,0.0,9617,46.9,248.0,1.4
27.6,2024-10-20 19:01:24.186000+00:00,37.0,1247,1006.8,0.0,9617,47.0,198.0,1.1
27.5,2024-10-20 19:02:24.213000+00:00,37.0,1247,1006.8,0.0,9617,46.9,192.0,1.7
27.5,2024-10-20 19:03:24.217000+00:00,38.0,1247,1006.7,0.0,9617,46.5,234.0,1.1
27.6,2024-10-20 19:04:24.221000+00:00,38.0,1247,1006.7,0.0,9617,46.4,303.0,0.9
27.8,2024-10-20 19:05:24.213000+00:00,38.0,1247,1006.7,0.0,9617,46.7,117.0,0.5
28.0,2024-10-20 19:06:24.220000+00:00,37.0,1247,1006.7,0.0,9617,47.0,189.0,0.7
28.1,2024-10-20 19:07:24.228000+00:00,37.0,1247,1006.6,0.0,9617,47.2,0.0,1.8
28.3,2024-10-20 19:08:24.220000+00:00,37.0,1247,1006.7,0.0,9617,47.2,185.0,1.6
28.3,2024-10-20 19:09:24.231000+00:00,37.0,1247,1006.6,0.0,9617,47.0,194.0,2.4
28.3,2024-10-20 19:10:24.224000+00:00,36.0,1247,1006.5,0.0,9617,47.1,180.0,1.4
28.2,2024-10-20 19:11:24.227000+00:00,36.0,1247,1006.5,0.0,9617,47.4,220.0,1.7
28.1,2024-10-20 19:12:24.225000+00:00,35.0,1247,1006.5,0.0,9617,47.4,191.0,2.9
28.0,2024-10-20 19:13:24.225000+00:00,35.0,1247,1006.4,0.0,9617,47.6,83.0,2.1
28.0,2024-10-20 19:14:24.227000+00:00,34.0,1247,1006.6,0.0,9617,47.8,229.0,1.4
28.0,2024-10-20 19:15:24.228000+00:00,33.0,1247,1006.5,0.0,9617,47.9,323.0,1.3
28.1,2024-10-20 19:16:24.227000+00:00,33.0,1247,1006.5,0.0,9617,47.4,352.0,1.8
28.1,2024-10-20 19:17:24.231000+00:00,33.0,1247,1006.5,0.0,9617,47.2,295.0,1.7
28.1,2024-10-20 19:18:24.230000+00:00,34.0,1247,1006.5,0.0,9617,47.2,304.0,1.6
28.0,2024-10-20 19:19:24.237000+00:00,35.0,1247,1006.4,0.0,9617,46.9,317.0,2.8
28.1,2024-10-20 19:20:24.262000+00:00,36.0,1247,1006.6,0.0,9617,46.9,300.0,2.6
28.1,2024-10-20 19:21:24.278000+00:00,37.0,1247,1006.4,0.0,9617,46.7,339.0,2.0
28.1,2024-10-20 19:22:24.275000+00:00,37.0,1247,1006.5,0.0,9617,46.7,286.0,1.5
28.2,2024-10-20 19:23:24.280000+00:00,37.0,1247,1006.5,0.0,9617,47.0,4.0,1.8
28.2,2024-10-20 19:24:24.283000+00:00,36.0,1247,1006.4,0.0,9617,47.0,335.0,0.7
28.2,2024-10-20 19:25:24.298000+00:00,36.0,1247,1006.4,0.0,9617,47.1,322.0,1.4
28.1,2024-10-20 19:26:24.314000+00:00,36.0,1247,1006.4,0.0,9617,47.1,306.0,1.9
28.0,2024-10-20 19:27:24.315000+00:00,36.0,1247,1006.4,0.0,9617,47.1,315.0,1.5
28.1,2024-10-20 19:28:24.314000+00:00,35.0,1247,1006.4,0.0,9617,47.4,289.0,1.6
28.3,2024-10-20 19:29:24.315000+00:00,35.0,1247,1006.2,0.0,9617,47.8,4.0,0.9
28.4,2024-10-20 19:30:24.317000+00:00,35.0,1247,1006.2,0.0,9617,47.4,308.0,1.2
28.4,2024-10-20 19:31:24.317000+00:00,35.0,1247,1006.2,0.0,9617,47.5,306.0,1.6
28.4,2024-10-20 19:32:24.317000+00:00,35.0,1247,1006.2,0.0,9617,47.4,268.0,1.5
28.4,2024-10-20 19:33:24.308000+00:00,35.0,1247,1006.2,0.0,9617,47.8,351.0,1.9
28.4,2024-10-20 19:34:24.320000+00:00,35.0,1247,1006.2,0.0,9617,47.6,0.0,1.8
28.4,2024-10-20 19:35:24.320000+00:00,34.0,1247,1006.3,0.0,9617,47.6,174.0,0.5
28.3,2024-10-20 19:36:24.320000+00:00,35.0,1247,1006.2,0.0,9617,47.6,206.0,2.6
28.2,2024-10-20 19:37:24.332000+00:00,36.0,1247,1006.2,0.0,9617,47.2,194.0,2.9
28.3,2024-10-20 19:38:24.323000+00:00,36.0,1247,1006.2,0.0,9617,47.2,181.0,1.0
28.4,2024-10-20 19:39:24.323000+00:00,36.0,1247,1006.1,0.0,9617,47.1,178.0,1.1
28.5,2024-10-20 19:40:24.326000+00:00,36.0,1247,1006.1,0.0,9617,47.1,0.0,0.7
28.4,2024-10-20 19:41:24.325000+00:00,36.0,1247,1006.2,0.0,9617,47.3,175.0,1.2
28.5,2024-10-20 19:42:24.324000+00:00,36.0,1247,1006.1,0.0,9617,47.4,184.0,2.3
28.4,2024-10-20 19:43:24.326000+00:00,36.0,1247,1006.2,0.0,9617,47.4,273.0,1.8
28.4,2024-10-20 19:44:24.326000+00:00,35.0,1247,1006.1,0.0,9617,47.8,305.0,1.4
28.5,2024-10-20 19:45:24.330000+00:00,34.0,1247,1006.2,0.0,9617,47.8,286.0,2.2
28.4,2024-10-20 19:46:24.326000+00:00,34.0,1247,1006.1,0.0,9617,47.7,307.0,1.4
28.5,2024-10-20 19:47:24.329000+00:00,33.0,1247,1006.1,0.0,9617,47.8,198.0,1.6
28.5,2024-10-20 19:48:24.330000+00:00,33.0,1247,1006.1,0.0,9617,48.0,260.0,1.6
28.5,2024-10-20 19:49:24.338000+00:00,33.0,1247,1006.2,0.0,9617,48.0,179.0,1.1
28.4,2024-10-20 19:50:24.345000+00:00,33.0,1247,1006.0,0.0,9617,47.6,271.0,2.8
28.5,2024-10-20 19:51:24.350000+00:00,33.0,1247,1006.1,0.0,9617,47.3,195.0,1.1
28.5,2024-10-20 19:52:24.364000+00:00,34.0,1247,1006.0,0.0,9617,47.5,194.0,1.9
28.6,2024-10-20 19:53:24.379000+00:00,34.0,1247,1005.9,0.0,9617,47.5,346.0,1.2
28.7,2024-10-20 19:54:24.380000+00:00,33.0,1247,1005.9,0.0,9617,47.2,268.0,0.8
28.8,2024-10-20 19:55:24.400000+00:00,33.0,1247,1005.9,0.0,9617,47.5,0.0,0.7
29.0,2024-10-20 19:56:24.412000+00:00,32.0,1247,1005.8,0.0,9617,47.7,285.0,1.0
28.9,2024-10-20 19:57:24.413000+00:00,32.0,1247,1005.8,0.0,9617,47.7,329.0,1.7
28.9,2024-10-20 19:58:24.430000+00:00,32.0,1247,1005.8,0.0,9617,47.7,335.0,1.5
28.8,2024-10-20 19:59:24.431000+00:00,32.0,1247,1005.8,0.0,9617,47.4,254.0,0.7
28.7,2024-10-20 20:00:24.447000+00:00,32.0,1247,1005.8,0.0,9617,47.7,331.0,1.9
28.7,2024-10-20 20:01:24.465000+00:00,32.0,1247,1005.8,0.0,9617,47.5,320.0,1.5
28.8,2024-10-20 20:02:24.464000+00:00,33.0,1247,1005.7,0.0,9617,47.4,333.0,2.8
28.8,2024-10-20 20:03:24.464000+00:00,33.0,1247,1005.8,0.0,9617,47.1,286.0,1.8
28.8,2024-10-20 20:04:24.471000+00:00,33.0,1247,1005.7,0.0,9617,47.1,320.0,0.8
28.8,2024-10-20 20:05:24.477000+00:00,33.0,1247,1005.7,0.0,9617,47.0,107.0,0.8
28.9,2024-10-20 20:06:24.467000+00:00,33.0,1247,1005.8,0.0,9617,47.2,307.0,0.9
28.9,2024-10-20 20:07:24.469000+00:00,33.0,1247,1005.9,0.0,9617,47.2,0.0,0.7
28.9,2024-10-20 20:08:24.469000+00:00,33.0,1247,1005.7,0.0,9617,46.9,222.0,0.5
28.9,2024-10-20 20:09:24.471000+00:00,33.0,1247,1005.8,0.0,9617,47.1,302.0,1.0
29.0,2024-10-20 20:10:24.469000+00:00,33.0,1247,1005.8,0.0,9617,47.1,331.0,1.8
29.0,2024-10-20 20:11:24.473000+00:00,33.0,1247,1005.7,0.0,9617,46.9,319.0,1.9
29.0,2024-10-20 20:12:24.472000+00:00,32.0,1247,1005.7,0.0,9617,46.9,309.0,1.4
28.9,2024-10-20 20:13:24.473000+00:00,32.0,1247,1005.7,0.0,9617,47.3,343.0,2.5
28.9,2024-10-20 20:14:24.479000+00:00,32.0,1247,1005.7,0.0,9617,47.4,23.0,1.2
28.9,2024-10-20 20:15:24.476000+00:00,32.0,1247,1005.7,0.0,9617,47.4,337.0,0.9
29.0,2024-10-20 20:16:24.479000+00:00,32.0,1247,1005.8,0.0,9617,46.8,340.0,1.4
29.0,2024-10-20 20:17:24.477000+00:00,33.0,1247,1005.8,0.0,9617,46.4,0.0,1.1
29.0,2024-10-20 20:18:24.480000+00:00,33.0,1247,1005.8,0.0,9617,46.2,184.0,0.9
29.0,2024-10-20 20:19:24.476000+00:00,33.0,1247,1005.7,0.0,9617,46.4,0.0,1.5
29.0,2024-10-20 20:20:24.477000+00:00,33.0,1247,1005.7,0.0,9617,46.5,302.0,0.5
29.0,2024-10-20 20:21:24.477000+00:00,32.0,1247,1005.7,0.0,9617,47.2,287.0,0.4
29.1,2024-10-20 20:22:24.479000+00:00,32.0,1247,1005.7,0.0,9617,47.0,157.0,1.4
29.1,2024-10-20 20:23:24.482000+00:00,32.0,1247,1005.7,0.0,9617,47.0,163.0,1.8
29.1,2024-10-20 20:24:24.480000+00:00,32.0,1247,1005.6,0.0,9617,46.8,175.0,2.2
29.1,2024-10-20 20:25:24.484000+00:00,32.0,1247,1005.7,0.0,9617,46.7,184.0,2.1
29.1,2024-10-20 20:26:24.482000+00:00,33.0,1247,1005.7,0.0,9617,46.8,232.0,1.3
29.0,2024-10-20 20:27:24.483000+00:00,33.0,1247,1005.7,0.0,9617,46.7,275.0,0.8
28.9,2024-10-20 20:28:24.484000+00:00,32.0,1247,1005.7,0.0,9617,46.6,309.0,1.3
29.0,2024-10-20 20:29:24.483000+00:00,32.0,1247,1005.6,0.0,9617,47.0,0.0,0.7
29.3,2024-10-20 20:30:24.488000+00:00,31.0,1247,1005.6,0.0,9617,46.7,0.0,0.0
29.3,2024-10-20 20:31:24.484000+00:00,31.0,1247,1005.6,0.0,9617,46.4,272.0,0.3
29.2,2024-10-20 20:32:24.486000+00:00,31.0,1247,1005.5,0.0,9617,46.5,180.0,1.3
29.2,2024-10-20 20:33:24.486000+00:00,31.0,1247,1005.6,0.0,9617,46.5,238.0,0.7
29.2,2024-10-20 20:34:24.505000+00:00,31.0,1247,1005.6,0.0,9617,46.4,314.0,1.1
29.1,2024-10-20 20:35:24.488000+00:00,31.0,1247,1005.5,0.0,9617,46.0,286.0,1.7
29.3,2024-10-20 20:36:24.488000+00:00,32.0,1247,1005.4,0.0,9617,46.0,300.0,1.4
29.3,2024-10-20 20:37:24.504000+00:00,32.0,1247,1005.5,0.0,9617,46.1,322.0,1.2
29.2,2024-10-20 20:38:24.512000+00:00,32.0,1247,1005.5,0.0,9617,46.1,285.0,1.3
29.2,2024-10-20 20:39:24.545000+00:00,32.0,1247,1005.4,0.0,9617,45.9,235.0,1.0
29.2,2024-10-20 20:40:24.538000+00:00,32.0,1247,1005.5,0.0,9617,46.0,197.0,1.6
29.2,2024-10-20 20:41:24.539000+00:00,32.0,1247,1005.4,0.0,9617,46.0,72.0,1.0
18.1,2024-10-27 19:08:22.800000+00:00,55.0,1248,1008.3,0.0,9625,33.1,311.0,2.3
18.2,2024-10-27 19:09:22.810000+00:00,55.0,1248,1008.3,0.0,9625,32.8,324.0,2.6
18.1,2024-10-27 19:10:22.827000+00:00,55.0,1248,1008.3,0.0,9625,32.8,324.0,2.4
18.1,2024-10-27 19:11:22.830000+00:00,56.0,1248,1008.3,0.0,9625,32.9,329.0,1.8
18.1,2024-10-27 19:12:22.829000+00:00,55.0,1248,1008.3,0.0,9625,32.9,322.0,2.5
18.1,2024-10-27 19:13:22.829000+00:00,54.0,1248,1008.3,0.0,9625,32.9,328.0,2.5
18.1,2024-10-27 19:14:22.829000+00:00,55.0,1248,1008.3,0.0,9625,32.8,313.0,2.6
18.0,2024-10-27 19:15:22.829000+00:00,55.0,1248,1008.3,0.0,9625,32.7,324.0,2.5
18.1,2024-10-27 19:16:22.835000+00:00,55.0,1248,1008.3,0.0,9625,33.0,321.0,2.0
18.2,2024-10-27 19:17:22.832000+00:00,55.0,1248,1008.3,0.0,9625,32.5,287.0,2.5
18.3,2024-10-27 19:18:22.831000+00:00,55.0,1248,1008.3,0.0,9625,32.5,285.0,1.7
18.3,2024-10-27 19:19:22.832000+00:00,54.0,1248,1008.3,0.0,9625,32.5,310.0,1.2
18.4,2024-10-27 19:20:22.838000+00:00,54.0,1248,1008.3,0.0,9625,32.9,341.0,2.1
18.4,2024-10-27 19:21:22.832000+00:00,54.0,1248,1008.3,0.0,9625,33.1,315.0,1.4
18.5,2024-10-27 19:22:22.829000+00:00,54.0,1248,1008.3,0.0,9625,33.1,303.0,1.5
18.6,2024-10-27 19:23:22.835000+00:00,54.0,1248,1008.3,0.0,9625,33.1,281.0,3.6
18.7,2024-10-27 19:24:22.838000+00:00,54.0,1248,1008.3,0.0,9625,32.9,298.0,2.5
18.8,2024-10-27 19:25:22.855000+00:00,54.0,1248,1008.3,0.0,9625,32.8,294.0,2.7
18.7,2024-10-27 19:26:22.869000+00:00,54.0,1248,1008.3,0.0,9625,32.8,340.0,3.2
18.7,2024-10-27 19:27:22.884000+00:00,55.0,1248,1008.3,0.0,9625,32.7,303.0,1.5
18.8,2024-10-27 19:28:22.886000+00:00,54.0,1248,1008.3,0.0,9625,32.8,303.0,2.2
18.8,2024-10-27 19:29:22.903000+00:00,55.0,1248,1008.3,0.0,9625,32.9,299.0,1.5
18.9,2024-10-27 19:30:22.918000+00:00,54.0,1248,1008.3,0.0,9625,33.7,280.0,1.5
19.0,2024-10-27 19:31:22.936000+00:00,53.0,1248,1008.3,0.0,9625,34.2,319.0,3.0
19.1,2024-10-27 19:32:22.935000+00:00,53.0,1248,1008.3,0.0,9625,35.5,296.0,2.5
19.2,2024-10-27 19:33:22.936000+00:00,53.0,1248,1008.3,0.0,9625,36.0,318.0,2.1
19.3,2024-10-27 19:34:22.940000+00:00,52.0,1248,1008.3,0.0,9625,36.3,337.0,1.8
19.4,2024-10-27 19:35:22.953000+00:00,52.0,1248,1008.3,0.0,9625,35.8,352.0,1.8
19.4,2024-10-27 19:36:22.972000+00:00,52.0,1248,1008.3,0.0,9625,36.5,334.0,1.8
19.5,2024-10-27 19:37:22.970000+00:00,52.0,1248,1008.3,0.0,9625,37.1,320.0,1.0
19.5,2024-10-27 19:38:22.972000+00:00,51.0,1248,1008.3,0.0,9625,37.3,313.0,1.5
19.6,2024-10-27 19:39:22.973000+00:00,52.0,1248,1008.3,0.0,9625,38.2,283.0,2.8
19.6,2024-10-27 19:40:22.974000+00:00,52.0,1248,1008.3,0.0,9625,38.2,166.0,1.1
19.7,2024-10-27 19:41:22.976000+00:00,51.0,1248,1008.3,0.0,9625,38.3,105.0,1.2
19.7,2024-10-27 19:42:22.973000+00:00,50.0,1248,1008.3,0.0,9625,38.7,296.0,1.5
19.8,2024-10-27 19:43:22.976000+00:00,51.0,1248,1008.3,0.0,9625,39.3,304.0,1.7
19.8,2024-10-27 19:44:22.975000+00:00,51.0,1248,1008.3,0.0,9625,39.2,331.0,1.8
19.8,2024-10-27 19:45:22.977000+00:00,51.0,1248,1008.3,0.0,9625,38.8,329.0,1.3
19.8,2024-10-27 19:46:22.978000+00:00,52.0,1248,1008.3,0.0,9625,38.8,330.0,1.6
19.8,2024-10-27 19:47:22.977000+00:00,51.0,1248,1008.3,0.0,9625,39.6,294.0,2.3
19.8,2024-10-27 19:48:22.978000+00:00,51.0,1248,1008.3,0.0,9625,39.9,262.0,3.2
19.8,2024-10-27 19:49:22.979000+00:00,51.0,1248,1008.3,0.0,9625,40.0,295.0,2.3
19.8,2024-10-27 19:50:22.981000+00:00,51.0,1248,1008.3,0.0,9625,40.0,273.0,2.4
19.7,2024-10-27 19:51:22.990000+00:00,51.0,1248,1008.3,0.0,9625,39.0,287.0,2.4
19.6,2024-10-27 19:52:22.982000+00:00,52.0,1248,1008.3,0.0,9625,38.6,288.0,2.1
19.6,2024-10-27 19:53:22.983000+00:00,52.0,1248,1008.3,0.0,9625,38.6,247.0,1.5
19.6,2024-10-27 19:54:22.984000+00:00,52.0,1248,1008.3,0.0,9625,38.4,49.0,0.8
19.6,2024-10-27 19:55:22.984000+00:00,52.0,1248,1008.3,0.0,9625,38.4,170.0,1.0
19.6,2024-10-27 19:56:22.986000+00:00,52.0,1248,1008.3,0.0,9625,37.8,357.0,1.2
19.8,2024-10-27 19:57:22.985000+00:00,52.0,1248,1008.3,0.0,9625,37.8,350.0,1.2
19.7,2024-10-27 19:58:22.988000+00:00,52.0,1248,1008.3,0.0,9625,37.9,329.0,2.1
19.7,2024-10-27 19:59:22.986000+00:00,51.0,1248,1008.3,0.0,9625,37.7,322.0,2.7
19.7,2024-10-27 20:00:22.989000+00:00,51.0,1248,1008.3,0.0,9625,37.4,334.0,2.5
19.5,2024-10-27 20:01:23.011000+00:00,51.0,1248,1008.3,0.0,9625,36.9,329.0,2.2
19.5,2024-10-27 20:02:23.025000+00:00,52.0,1248,1008.3,0.0,9625,36.7,310.0,1.5
19.7,2024-10-27 20:03:23.024000+00:00,51.0,1248,1008.3,0.0,9625,36.9,330.0,1.3
19.8,2024-10-27 20:04:23.037000+00:00,50.0,1248,1008.3,0.0,9625,37.0,282.0,1.3
19.9,2024-10-27 20:05:23.038000+00:00,50.0,1248,1008.3,0.0,9625,37.0,325.0,0.9
19.9,2024-10-27 20:06:23.043000+00:00,50.0,1248,1008.3,0.0,9625,36.7,293.0,2.4
20.0,2024-10-27 20:07:23.039000+00:00,50.0,1248,1008.3,0.0,9625,36.6,318.0,2.9
20.0,2024-10-27 20:08:23.040000+00:00,50.0,1248,1008.3,0.0,9625,36.2,329.0,2.9
20.0,2024-10-27 20:09:23.040000+00:00,50.0,1248,1008.3,0.0,9625,36.1,291.0,2.7
19.9,2024-10-27 20:10:23.042000+00:00,51.0,1248,1008.3,0.0,9625,36.0,323.0,2.2
20.0,2024-10-27 20:11:23.041000+00:00,52.0,1248,1008.3,0.0,9625,36.1,52.0,0.9
20.0,2024-10-27 20:12:23.042000+00:00,52.0,1248,1008.3,0.0,9625,36.1,301.0,0.6
20.0,2024-10-27 20:13:23.044000+00:00,51.0,1248,1008.3,0.0,9625,36.0,289.0,1.0
20.0,2024-10-27 20:14:23.044000+00:00,50.0,1248,1008.3,0.0,9625,35.7,293.0,1.3
20.1,2024-10-27 20:15:23.044000+00:00,51.0,1248,1008.3,0.0,9625,35.7,301.0,2.5
20.1,2024-10-27 20:16:23.069000+00:00,51.0,1248,1008.3,0.0,9625,36.2,315.0,2.0
20.2,2024-10-27 20:17:23.077000+00:00,51.0,1248,1008.3,0.0,9625,37.2,298.0,1.7
20.3,2024-10-27 20:18:23.092000+00:00,50.0,1248,1008.3,0.0,9625,37.7,301.0,2.9
20.4,2024-10-27 20:19:23.112000+00:00,51.0,1248,1008.3,0.0,9625,36.5,273.0,2.8
20.2,2024-10-27 20:20:23.133000+00:00,51.0,1248,1008.3,0.0,9625,36.5,246.0,2.4
20.1,2024-10-27 20:21:23.132000+00:00,50.0,1248,1008.3,0.0,9625,36.6,267.0,1.8
20.1,2024-10-27 20:22:23.127000+00:00,50.0,1248,1008.3,0.0,9625,36.9,276.0,1.5
20.2,2024-10-27 20:23:23.146000+00:00,51.0,1248,1008.3,0.0,9625,37.0,330.0,1.2
20.2,2024-10-27 20:24:23.160000+00:00,50.0,1248,1008.3,0.0,9625,36.7,308.0,1.5
20.1,2024-10-27 20:25:23.176000+00:00,50.0,1248,1008.3,0.0,9625,36.5,321.0,3.6
20.1,2024-10-27 20:26:23.192000+00:00,50.0,1248,1008.3,0.0,9625,35.6,271.0,1.8
20.1,2024-10-27 20:27:23.193000+00:00,50.0,1248,1008.3,0.0,9625,34.8,299.0,2.3
20.1,2024-10-27 20:28:23.196000+00:00,51.0,1248,1008.3,0.0,9625,34.8,321.0,1.4
20.0,2024-10-27 20:29:23.199000+00:00,51.0,1248,1008.3,0.0,9625,34.8,307.0,1.9
20.0,2024-10-27 20:30:23.197000+00:00,51.0,1248,1008.3,0.0,9625,34.7,331.0,3.2
20.1,2024-10-27 20:31:23.212000+00:00,51.0,1248,1008.3,0.0,9625,35.6,316.0,2.3
20.3,2024-10-27 20:32:23.229000+00:00,50.0,1248,1008.3,0.0,9625,36.6,336.0,2.6
20.4,2024-10-27 20:33:23.232000+00:00,49.0,1248,1008.3,0.0,9625,37.3,325.0,2.3
20.5,2024-10-27 20:34:23.258000+00:00,49.0,1248,1008.3,0.0,9625,37.4,332.0,2.1
20.5,2024-10-27 20:35:23.234000+00:00,49.0,1248,1008.3,0.0,9625,37.8,345.0,2.4
20.4,2024-10-27 20:36:23.233000+00:00,49.0,1248,1008.3,0.0,9625,37.8,314.0,2.1
20.5,2024-10-27 20:37:23.247000+00:00,49.0,1248,1008.3,0.0,9625,37.8,289.0,2.1
20.6,2024-10-27 20:38:23.265000+00:00,49.0,1248,1008.3,0.0,9625,38.0,308.0,2.2
20.8,2024-10-27 20:39:23.266000+00:00,49.0,1248,1008.3,0.0,9625,38.1,282.0,1.3
20.9,2024-10-27 20:40:23.266000+00:00,48.0,1248,1008.3,0.0,9625,38.6,278.0,2.7
21.0,2024-10-27 20:41:23.267000+00:00,48.0,1248,1008.3,0.0,9625,38.6,337.0,2.5
21.0,2024-10-27 20:42:23.267000+00:00,48.0,1248,1008.3,0.0,9625,38.4,296.0,2.6
21.0,2024-10-27 20:43:23.288000+00:00,48.0,1248,1008.3,0.0,9625,38.7,280.0,2.4
21.0,2024-10-27 20:44:23.289000+00:00,48.0,1248,1008.3,0.0,9625,39.0,276.0,2.1
21.1,2024-10-27 20:45:23.270000+00:00,49.0,1248,1008.3,0.0,9625,39.3,259.0,1.2
21.0,2024-10-27 20:46:23.273000+00:00,49.0,1248,1008.3,0.0,9625,39.3,269.0,1.5
21.0,2024-10-27 20:47:23.275000+00:00,49.0,1248,1008.3,0.0,9625,39.5,304.0,0.9
21.0,2024-10-27 20:48:23.274000+00:00,48.0,1248,1008.3,0.0,9625,39.5,332.0,1.3
21.1,2024-10-27 20:49:23.271000+00:00,48.0,1248,1008.3,0.0,9625,39.7,281.0,0.8
21.0,2024-10-27 20:50:23.277000+00:00,48.0,1248,1008.3,0.0,9625,39.7,0.0,1.1
21.1,2024-10-27 20:51:23.277000+00:00,47.0,1248,1008.3,0.0,9625,40.0,280.0,1.3
21.1,2024-10-27 20:52:23.278000+00:00,47.0,1248,1008.3,0.0,9625,40.2,274.0,2.0
21.2,2024-10-27 20:53:23.278000+00:00,47.0,1248,1008.3,0.0,9625,40.2,274.0,2.0
21.1,2024-10-27 20:54:23.282000+00:00,47.0,1248,1008.3,0.0,9625,40.2,274.0,2.0
21.0,2024-10-27 20:55:23.295000+00:00,47.0,1248,1008.3,0.0,9625,39.9,286.0,2.0
21.1,2024-10-27 20:56:23.280000+00:00,47.0,1248,1008.3,0.0,9625,39.7,280.0,1.9
21.2,2024-10-27 20:57:23.282000+00:00,47.0,1248,1008.3,0.0,9625,39.6,334.0,1.7
21.2,2024-10-27 20:58:23.281000+00:00,47.0,1248,1008.3,0.0,9625,39.5,280.0,2.4
21.1,2024-10-27 20:59:23.280000+00:00,47.0,1248,1008.3,0.0,9625,38.4,269.0,2.2
21.0,2024-10-27 21:00:23.281000+00:00,48.0,1248,1008.3,0.0,9625,37.8,295.0,1.6
20.9,2024-10-27 21:01:23.282000+00:00,48.0,1248,1008.3,0.0,9625,38.2,281.0,2.5
20.9,2024-10-27 21:02:23.285000+00:00,49.0,1248,1008.3,0.0,9625,38.1,283.0,1.0
20.8,2024-10-27 21:03:23.284000+00:00,48.0,1248,1008.3,0.0,9625,38.5,316.0,1.5
20.7,2024-10-27 21:04:23.287000+00:00,48.0,1248,1008.3,0.0,9625,38.1,296.0,2.1
20.5,2024-10-27 21:05:23.286000+00:00,49.0,1248,1008.3,0.0,9625,37.5,305.0,2.3
20.5,2024-10-27 21:06:23.288000+00:00,49.0,1248,1008.3,0.0,9625,36.6,321.0,2.2
20.4,2024-10-27 21:07:23.300000+00:00,49.0,1248,1008.3,0.0,9625,35.8,336.0,2.8
20.4,2024-10-27 21:08:23.290000+00:00,49.0,1248,1008.3,0.0,9625,35.6,280.0,2.2
20.4,2024-10-27 21:09:23.289000+00:00,48.0,1248,1008.3,0.0,9625,35.3,293.0,1.7
20.4,2024-10-27 21:10:23.289000+00:00,48.0,1248,1008.3,0.0,9625,34.8,284.0,1.3
20.3,2024-10-27 21:11:23.290000+00:00,48.0,1248,1008.3,0.0,9625,34.5,318.0,3.8
20.3,2024-10-27 21:12:23.292000+00:00,49.0,1248,1008.3,0.0,9625,34.0,286.0,2.7
20.2,2024-10-27 21:13:23.295000+00:00,49.0,1248,1008.3,0.0,9625,33.8,287.0,2.9
20.2,2024-10-27 21:14:23.290000+00:00,50.0,1248,1008.3,0.0,9625,33.5,333.0,1.7
20.2,2024-10-27 21:15:23.302000+00:00,50.0,1248,1008.3,0.0,9625,33.1,294.0,1.6
20.2,2024-10-27 21:16:23.294000+00:00,50.0,1248,1008.3,0.0,9625,33.1,286.0,1.6
20.1,2024-10-27 21:17:23.313000+00:00,51.0,1248,1008.3,0.0,9625,33.1,284.0,2.8
20.1,2024-10-27 21:18:23.300000+00:00,51.0,1248,1008.3,0.0,9625,32.8,291.0,3.7
20.0,2024-10-27 21:19:23.295000+00:00,51.0,1248,1008.3,0.0,9625,32.6,266.0,3.1
20.0,2024-10-27 21:20:23.307000+00:00,52.0,1248,1008.3,0.0,9625,32.4,221.0,2.2
20.0,2024-10-27 21:21:23.296000+00:00,52.0,1248,1008.3,0.0,9625,32.3,289.0,1.3
20.0,2024-10-27 21:22:23.297000+00:00,51.0,1248,1008.3,0.0,9625,32.3,294.0,2.7
20.0,2024-10-27 21:23:23.303000+00:00,51.0,1248,1008.3,0.0,9625,32.2,305.0,2.9
20.0,2024-10-27 21:24:23.297000+00:00,51.0,1248,1008.3,0.0,9625,32.1,291.0,2.7
20.0,2024-10-27 21:25:23.348000+00:00,51.0,1248,1008.3,0.0,9625,32.1,284.0,2.4
20.0,2024-10-27 21:26:23.299000+00:00,52.0,1248,1008.3,0.0,9625,31.6,0.0,2.8
20.0,2024-10-27 21:27:23.300000+00:00,52.0,1248,1008.3,0.0,9625,31.6,294.0,2.5
20.0,2024-10-27 21:28:23.300000+00:00,52.0,1248,1008.3,0.0,9625,31.4,274.0,2.9
20.0,2024-10-27 21:29:23.300000+00:00,52.0,1248,1008.3,0.0,9625,31.3,351.0,2.3
20.0,2024-10-27 21:30:23.301000+00:00,52.0,1248,1008.3,0.0,9625,31.3,340.0,2.9
19.9,2024-10-27 21:31:23.302000+00:00,52.0,1248,1008.3,0.0,9625,31.1,295.0,2.8
19.9,2024-10-27 21:32:23.306000+00:00,53.0,1248,1008.3,0.0,9625,31.1,320.0,3.9
19.8,2024-10-27 21:33:23.308000+00:00,53.0,1248,1008.3,0.0,9625,31.1,314.0,3.5
19.8,2024-10-27 21:34:23.303000+00:00,53.0,1248,1008.3,0.0,9625,31.0,297.0,4.2
19.8,2024-10-27 21:35:23.305000+00:00,53.0,1248,1008.3,0.0,9625,31.0,289.0,3.9
19.8,2024-10-27 21:36:23.309000+00:00,53.0,1248,1008.3,0.0,9625,31.0,321.0,2.8
19.9,2024-10-27 21:37:23.306000+00:00,53.0,1248,1008.3,0.0,9625,31.2,277.0,2.4
19.9,2024-10-27 21:38:23.308000+00:00,53.0,1248,1008.3,0.0,9625,31.2,83.0,2.1
19.9,2024-10-27 21:39:23.365000+00:00,53.0,1248,1008.3,0.0,9625,30.9,317.0,1.5
19.9,2024-10-27 21:40:23.310000+00:00,52.0,1248,1008.3,0.0,9625,30.9,288.0,3.7
19.8,2024-10-27 21:41:23.311000+00:00,53.0,1248,1008.3,0.0,9625,31.0,332.0,3.6
19.7,2024-10-27 21:42:23.315000+00:00,53.0,1248,1008.3,0.0,9625,30.9,298.0,2.8
19.7,2024-10-27 21:43:23.313000+00:00,53.0,1248,1008.3,0.0,9625,30.7,274.0,2.7
19.8,2024-10-27 21:44:23.318000+00:00,53.0,1248,1008.3,0.0,9625,30.6,285.0,2.3
19.7,2024-10-27 21:45:29.883000+00:00,53.0,1248,1008.3,0.0,9625,30.8,296.0,3.0
19.7,2024-10-27 21:46:23.687000+00:00,53.0,1248,1008.3,0.0,9625,30.8,296.0,3.0
27.1,2024-11-02 13:19:10.201000+00:00,53.0,1249,928.5,0.0,9635,39.0,36.0,2.2
27.2,2024-11-02 13:20:10.206000+00:00,53.0,1249,928.5,0.0,9635,39.0,18.0,1.8
27.1,2024-11-02 13:21:10.202000+00:00,52.0,1249,928.6,0.0,9635,40.0,9.0,1.7
27.3,2024-11-02 13:22:10.202000+00:00,52.0,1249,928.6,0.0,9635,40.2,34.0,1.5
27.2,2024-11-02 13:23:10.204000+00:00,52.0,1249,928.6,0.0,9635,40.4,85.0,1.5
27.1,2024-11-02 13:24:10.205000+00:00,52.0,1249,928.6,0.0,9635,40.7,33.0,0.7
27.1,2024-11-02 13:25:10.209000+00:00,51.0,1249,928.5,0.0,9635,40.7,46.0,1.0
27.3,2024-11-02 13:26:10.213000+00:00,52.0,1249,928.6,0.0,9635,40.9,38.0,1.9
27.3,2024-11-02 13:27:10.209000+00:00,52.0,1249,928.6,0.0,9635,41.1,45.0,2.4
27.4,2024-11-02 13:28:10.207000+00:00,52.0,1249,928.6,0.0,9635,41.1,40.0,1.5
27.3,2024-11-02 13:29:10.210000+00:00,52.0,1249,928.5,0.0,9635,41.3,26.0,2.6
27.4,2024-11-02 13:30:10.199000+00:00,52.0,1249,928.5,0.0,9635,41.2,15.0,2.7
27.5,2024-11-02 13:31:10.211000+00:00,52.0,1249,928.4,0.0,9635,41.4,57.0,1.9
27.5,2024-11-02 13:32:10.212000+00:00,52.0,1249,928.5,0.0,9635,42.3,39.0,0.9
27.6,2024-11-02 13:33:10.212000+00:00,51.0,1249,928.6,0.0,9635,42.3,41.0,1.9
27.8,2024-11-02 13:34:10.211000+00:00,51.0,1249,928.4,0.0,9635,42.3,46.0,1.9
27.7,2024-11-02 13:35:10.213000+00:00,51.0,1249,928.4,0.0,9635,42.6,45.0,0.6
27.7,2024-11-02 13:36:10.213000+00:00,51.0,1249,928.4,0.0,9635,43.0,49.0,1.4
27.8,2024-11-02 13:37:10.215000+00:00,51.0,1249,928.5,0.0,9635,43.3,55.0,1.6
27.9,2024-11-02 13:38:10.214000+00:00,51.0,1249,928.4,0.0,9635,43.8,321.0,1.1
27.9,2024-11-02 13:39:10.215000+00:00,51.0,1249,928.4,0.0,9635,44.2,42.0,1.0
27.9,2024-11-02 13:40:10.218000+00:00,51.0,1249,928.5,0.0,9635,44.4,50.0,1.1
27.9,2024-11-02 13:41:10.207000+00:00,50.0,1249,928.4,0.0,9635,45.0,29.0,1.7
27.9,2024-11-02 13:42:10.219000+00:00,50.0,1249,928.4,0.0,9635,44.1,26.0,1.7
28.0,2024-11-02 13:43:10.218000+00:00,50.0,1249,928.4,0.0,9635,44.1,34.0,1.8
28.0,2024-11-02 13:44:10.224000+00:00,50.0,1249,928.4,0.0,9635,44.1,57.0,1.0
27.9,2024-11-02 13:45:10.289000+00:00,51.0,1249,928.3,0.0,9635,44.8,12.0,0.9
27.9,2024-11-02 13:46:10.256000+00:00,50.0,1249,928.3,0.0,9635,44.8,8.0,1.8
28.0,2024-11-02 13:47:10.267000+00:00,50.0,1249,928.4,0.0,9635,45.3,16.0,2.2
27.9,2024-11-02 13:48:10.269000+00:00,50.0,1249,928.4,0.0,9635,45.2,23.0,2.4
27.9,2024-11-02 13:49:10.273000+00:00,51.0,1249,928.4,0.0,9635,45.0,12.0,1.8
27.9,2024-11-02 13:50:10.274000+00:00,51.0,1249,928.3,0.0,9635,45.8,3.0,1.6
28.0,2024-11-02 13:51:10.269000+00:00,51.0,1249,928.4,0.0,9635,45.9,29.0,1.7
28.0,2024-11-02 13:52:10.273000+00:00,50.0,1249,928.3,0.0,9635,45.9,318.0,1.6
28.0,2024-11-02 13:53:10.274000+00:00,51.0,1249,928.3,0.0,9635,45.7,55.0,1.6
28.0,2024-11-02 13:54:10.274000+00:00,50.0,1249,928.3,0.0,9635,46.3,18.0,2.4
28.0,2024-11-02 13:55:10.296000+00:00,50.0,1249,928.3,0.0,9635,46.4,45.0,1.9
28.0,2024-11-02 13:56:10.306000+00:00,51.0,1249,928.3,0.0,9635,46.6,60.0,1.0
28.0,2024-11-02 13:57:10.315000+00:00,50.0,1249,928.3,0.0,9635,48.0,27.0,0.8
28.3,2024-11-02 13:58:10.324000+00:00,49.0,1249,928.3,0.0,9635,48.9,8.0,1.0
28.2,2024-11-02 13:59:10.340000+00:00,49.0,1249,928.2,0.0,9635,47.8,21.0,2.0
28.4,2024-11-02 14:00:10.356000+00:00,49.0,1249,928.2,0.0,9635,48.0,353.0,2.0
28.4,2024-11-02 14:01:10.355000+00:00,50.0,1249,928.2,0.0,9635,49.3,4.0,2.6
28.3,2024-11-02 14:02:10.357000+00:00,49.0,1249,928.3,0.0,9635,49.1,6.0,1.6
28.5,2024-11-02 14:03:10.363000+00:00,48.0,1249,928.2,0.0,9635,49.5,26.0,1.3
28.4,2024-11-02 14:04:10.375000+00:00,48.0,1249,928.2,0.0,9635,49.5,13.0,2.3
28.4,2024-11-02 14:05:10.374000+00:00,48.0,1249,928.1,0.0,9635,50.2,30.0,1.2
28.5,2024-11-02 14:06:10.397000+00:00,47.0,1249,928.3,0.0,9635,50.2,31.0,1.8
28.6,2024-11-02 14:07:10.411000+00:00,46.0,1249,928.1,1.0,9635,49.3,4.0,2.2
28.5,2024-11-02 14:08:10.400000+00:00,47.0,1249,928.2,1.0,9635,48.6,4.0,2.0
28.5,2024-11-02 14:09:10.411000+00:00,48.0,1249,928.2,1.0,9635,48.1,21.0,2.1
28.4,2024-11-02 14:10:10.410000+00:00,48.0,1249,928.3,1.0,9635,49.4,21.0,1.6
28.5,2024-11-02 14:11:10.412000+00:00,47.0,1249,928.2,1.0,9635,50.4,27.0,2.1
28.5,2024-11-02 14:12:10.433000+00:00,46.0,1249,928.2,1.0,9635,50.4,61.0,2.0
28.5,2024-11-02 14:13:10.426000+00:00,47.0,1249,928.2,1.0,9635,48.3,354.0,1.2
28.4,2024-11-02 14:14:10.428000+00:00,48.0,1249,928.3,1.0,9635,49.7,38.0,1.8
28.3,2024-11-02 14:15:10.444000+00:00,48.0,1249,928.1,1.0,9635,49.5,29.0,2.0
28.4,2024-11-02 14:16:10.464000+00:00,47.0,1249,928.2,1.0,9635,49.3,13.0,1.3
28.5,2024-11-02 14:17:10.464000+00:00,47.0,1249,928.2,1.0,9635,49.3,9.0,0.9
28.4,2024-11-02 14:18:10.476000+00:00,47.0,1249,928.2,1.0,9635,49.3,87.0,0.7
28.6,2024-11-02 14:19:10.491000+00:00,46.0,1249,928.1,1.0,9635,49.7,27.0,1.1
28.8,2024-11-02 14:20:10.500000+00:00,46.0,1249,928.2,1.0,9635,48.3,0.0,1.7
28.8,2024-11-02 14:21:10.513000+00:00,48.0,1249,928.2,1.0,9635,48.3,42.0,1.0
28.8,2024-11-02 14:22:10.512000+00:00,47.0,1249,928.2,1.0,9635,48.5,23.0,1.8
28.7,2024-11-02 14:23:10.515000+00:00,48.0,1249,928.3,0.0,9635,48.5,50.0,2.6
28.6,2024-11-02 14:24:10.526000+00:00,47.0,1249,928.1,0.0,9635,47.9,58.0,2.4
28.6,2024-11-02 14:25:10.548000+00:00,49.0,1249,928.1,0.0,9635,47.9,34.0,1.3
28.5,2024-11-02 14:26:10.548000+00:00,47.0,1249,928.2,0.0,9635,47.9,15.0,2.6
28.6,2024-11-02 14:27:10.551000+00:00,48.0,1249,928.2,0.0,9635,48.0,35.0,2.4
28.5,2024-11-02 14:28:10.549000+00:00,48.0,1249,928.2,0.0,9635,47.9,22.0,2.1
28.5,2024-11-02 14:29:10.543000+00:00,48.0,1249,928.2,0.0,9635,48.2,27.0,2.5
28.6,2024-11-02 14:30:10.547000+00:00,47.0,1249,928.1,0.0,9635,47.9,44.0,2.0
28.6,2024-11-02 14:31:10.548000+00:00,47.0,1249,928.1,0.0,9635,47.7,40.0,1.5
28.6,2024-11-02 14:32:10.549000+00:00,48.0,1249,928.1,0.0,9635,47.7,40.0,1.5
28.5,2024-11-02 14:33:10.565000+00:00,49.0,1249,928.1,0.0,9635,47.0,106.0,0.5
28.5,2024-11-02 14:34:10.585000+00:00,49.0,1249,928.1,0.0,9635,48.2,30.0,0.8
22.2,2024-11-03 14:38:25.648000+00:00,86.0,1249,927.4,1.0,9636,27.3,0.0,0.4
22.3,2024-11-03 14:39:25.648000+00:00,87.0,1249,927.3,1.0,9636,26.2,191.0,0.0
22.1,2024-11-03 14:40:25.648000+00:00,86.0,1249,927.4,1.0,9636,26.4,182.0,0.8
22.1,2024-11-03 14:41:25.651000+00:00,87.0,1249,927.4,1.0,9636,26.4,210.0,0.5
22.1,2024-11-03 14:42:25.655000+00:00,87.0,1249,927.3,1.0,9636,26.2,0.0,0.4
22.1,2024-11-03 14:43:25.660000+00:00,87.0,1249,927.4,1.0,9636,26.2,215.0,0.0
22.2,2024-11-03 14:44:25.666000+00:00,88.0,1249,927.3,1.0,9636,26.4,205.0,0.8
22.0,2024-11-03 14:45:25.649000+00:00,86.0,1249,927.4,1.0,9636,26.4,242.0,0.9
22.1,2024-11-03 14:46:25.665000+00:00,87.0,1249,927.3,1.0,9636,26.4,210.0,0.8
22.3,2024-11-03 14:47:25.650000+00:00,88.0,1249,927.3,1.0,9636,26.5,240.0,0.5
22.2,2024-11-03 14:48:25.669000+00:00,87.0,1249,927.2,1.0,9636,26.8,216.0,0.6
22.2,2024-11-03 14:49:25.652000+00:00,87.0,1249,927.2,1.0,9636,26.9,208.0,0.7
22.3,2024-11-03 14:50:25.669000+00:00,87.0,1249,927.3,1.0,9636,27.2,201.0,0.6
22.2,2024-11-03 14:51:25.662000+00:00,87.0,1249,927.2,1.0,9636,27.4,234.0,1.0
22.3,2024-11-03 14:52:25.663000+00:00,88.0,1249,927.3,1.0,9636,27.4,179.0,0.7
22.3,2024-11-03 14:53:25.666000+00:00,87.0,1249,927.2,1.0,9636,27.4,195.0,0.7
22.4,2024-11-03 14:54:25.658000+00:00,87.0,1249,927.2,1.0,9636,27.9,227.0,0.6
22.4,2024-11-03 14:55:25.675000+00:00,87.0,1249,927.1,1.0,9636,27.7,339.0,0.4
22.5,2024-11-03 14:56:25.671000+00:00,87.0,1249,927.2,1.0,9636,27.6,348.0,0.5
22.6,2024-11-03 14:57:25.676000+00:00,87.0,1249,927.1,0.0,9636,27.7,313.0,0.0
22.6,2024-11-03 14:58:25.671000+00:00,88.0,1249,927.2,0.0,9636,27.8,317.0,0.4
22.6,2024-11-03 14:59:25.657000+00:00,87.0,1249,927.1,1.0,9636,28.3,295.0,0.6
22.6,2024-11-03 15:00:25.671000+00:00,87.0,1249,927.1,0.0,9636,28.2,0.0,0.0
22.6,2024-11-03 15:01:25.672000+00:00,87.0,1249,927.1,0.0,9636,28.0,0.0,0.0
22.7,2024-11-03 15:02:25.695000+00:00,86.0,1249,927.0,0.0,9636,28.2,170.0,0.4
22.6,2024-11-03 15:03:25.696000+00:00,88.0,1249,927.1,0.0,9636,28.5,30.0,0.3
22.7,2024-11-03 15:04:25.690000+00:00,84.0,1249,927.0,0.0,9636,28.7,11.0,0.9
22.6,2024-11-03 15:05:25.689000+00:00,85.0,1249,927.1,0.0,9636,29.1,37.0,0.6
22.6,2024-11-03 15:06:25.696000+00:00,84.0,1249,927.1,0.0,9636,29.1,178.0,0.5
22.7,2024-11-03 15:07:25.735000+00:00,82.0,1249,927.1,0.0,9636,29.1,303.0,0.8
22.9,2024-11-03 15:08:25.710000+00:00,85.0,1249,927.0,0.0,9636,29.1,220.0,0.5
22.9,2024-11-03 15:09:25.716000+00:00,82.0,1249,927.1,0.0,9636,29.1,275.0,0.6
22.8,2024-11-03 15:10:25.736000+00:00,82.0,1249,927.0,0.0,9636,29.0,0.0,0.7
22.9,2024-11-03 15:11:25.757000+00:00,84.0,1249,927.0,0.0,9636,29.4,214.0,0.0
22.9,2024-11-03 15:12:25.762000+00:00,82.0,1249,927.0,0.0,9636,29.5,0.0,0.4
23.0,2024-11-03 15:13:25.775000+00:00,83.0,1249,927.0,0.0,9636,29.4,330.0,0.0
23.0,2024-11-03 15:14:25.790000+00:00,80.0,1249,927.0,0.0,9636,29.4,288.0,0.9
23.0,2024-11-03 15:15:25.799000+00:00,81.0,1249,927.0,0.0,9636,29.4,272.0,0.5
23.0,2024-11-03 15:16:25.803000+00:00,82.0,1249,926.9,0.0,9636,29.4,221.0,0.7
23.0,2024-11-03 15:17:25.805000+00:00,82.0,1249,926.9,0.0,9636,29.4,193.0,0.5
23.0,2024-11-03 15:18:25.802000+00:00,80.0,1249,926.9,0.0,9636,29.3,239.0,0.0
23.1,2024-11-03 15:19:25.804000+00:00,80.0,1249,926.9,0.0,9636,29.0,266.0,0.5
23.1,2024-11-03 15:20:25.800000+00:00,80.0,1249,926.9,0.0,9636,28.5,241.0,0.8
23.3,2024-11-03 15:21:25.800000+00:00,82.0,1249,926.9,0.0,9636,28.6,218.0,0.5
23.2,2024-11-03 15:22:25.817000+00:00,82.0,1249,926.9,0.0,9636,28.5,197.0,1.0
23.2,2024-11-03 15:23:25.801000+00:00,81.0,1249,926.9,0.0,9636,28.5,214.0,1.1
23.3,2024-11-03 15:24:25.817000+00:00,82.0,1249,926.9,0.0,9636,28.5,221.0,0.6
23.3,2024-11-03 15:25:25.820000+00:00,82.0,1249,926.8,0.0,9636,28.8,215.0,0.8
23.4,2024-11-03 15:26:25.812000+00:00,80.0,1249,926.9,0.0,9636,28.8,184.0,1.2
23.3,2024-11-03 15:27:25.813000+00:00,80.0,1249,926.8,0.0,9636,28.5,206.0,1.1
23.2,2024-11-03 15:28:25.818000+00:00,82.0,1249,926.9,0.0,9636,28.4,207.0,1.1
23.2,2024-11-03 15:29:25.819000+00:00,81.0,1249,926.9,0.0,9636,28.4,207.0,1.0
23.3,2024-11-03 15:30:25.820000+00:00,81.0,1249,926.8,0.0,9636,28.6,233.0,0.6
23.3,2024-11-03 15:31:25.820000+00:00,81.0,1249,926.8,0.0,9636,28.6,195.0,0.7
23.3,2024-11-03 15:32:25.822000+00:00,81.0,1249,926.8,0.0,9636,28.2,192.0,0.8
23.3,2024-11-03 15:33:25.814000+00:00,80.0,1249,926.7,0.0,9636,27.9,216.0,0.7
23.3,2024-11-03 15:34:25.822000+00:00,80.0,1249,926.8,0.0,9636,27.9,133.0,0.5
23.2,2024-11-03 15:35:25.823000+00:00,81.0,1249,926.7,0.0,9636,27.9,145.0,0.8
23.1,2024-11-03 15:36:25.821000+00:00,80.0,1249,926.7,0.0,9636,27.1,200.0,1.0
23.1,2024-11-03 15:37:25.817000+00:00,80.0,1249,926.7,0.0,9636,26.9,183.0,1.5
23.0,2024-11-03 15:38:25.829000+00:00,79.0,1249,926.6,0.0,9636,26.0,199.0,1.6
23.0,2024-11-03 15:39:25.821000+00:00,80.0,1249,926.7,0.0,9636,25.9,181.0,1.7
22.9,2024-11-03 15:40:25.821000+00:00,81.0,1249,926.7,0.0,9636,25.6,177.0,1.3
22.8,2024-11-03 15:41:25.826000+00:00,81.0,1249,926.6,0.0,9636,25.4,203.0,1.2
22.8,2024-11-03 15:42:25.822000+00:00,81.0,1249,926.6,0.0,9636,25.4,200.0,0.9
22.7,2024-11-03 15:43:25.822000+00:00,82.0,1249,926.6,0.0,9636,25.5,181.0,1.1
22.5,2024-11-03 15:44:25.830000+00:00,81.0,1249,926.5,0.0,9636,25.5,187.0,0.9
22.5,2024-11-03 15:45:25.824000+00:00,79.0,1249,926.5,0.0,9636,25.2,187.0,1.2
22.5,2024-11-03 15:46:25.838000+00:00,80.0,1249,926.5,0.0,9636,25.2,189.0,0.8
22.5,2024-11-03 15:47:25.824000+00:00,80.0,1249,926.6,0.0,9636,25.4,203.0,0.9
22.5,2024-11-03 15:48:25.823000+00:00,79.0,1249,926.5,0.0,9636,25.4,0.0,0.7
22.5,2024-11-03 15:49:25.819000+00:00,79.0,1249,926.6,0.0,9636,25.1,197.0,0.6
22.5,2024-11-03 15:50:25.826000+00:00,78.0,1249,926.6,1.0,9636,25.1,259.0,0.9
22.4,2024-11-03 15:51:25.830000+00:00,78.0,1249,926.6,1.0,9636,25.0,173.0,0.5
22.4,2024-11-03 15:52:25.830000+00:00,78.0,1249,926.6,1.0,9636,24.6,265.0,0.7
22.4,2024-11-03 15:53:25.832000+00:00,78.0,1249,926.7,1.0,9636,24.6,72.0,1.2
22.3,2024-11-03 15:54:25.838000+00:00,78.0,1249,926.5,1.0,9636,24.5,187.0,0.9
22.2,2024-11-03 15:55:25.838000+00:00,77.0,1249,926.6,1.0,9636,24.4,188.0,1.1
22.2,2024-11-03 15:56:25.839000+00:00,78.0,1249,926.6,1.0,9636,24.6,201.0,0.7
22.2,2024-11-03 15:57:25.842000+00:00,79.0,1249,926.5,1.0,9636,24.8,227.0,0.7
22.2,2024-11-03 15:58:25.843000+00:00,78.0,1249,926.6,1.0,9636,24.9,191.0,1.1
22.1,2024-11-03 15:59:25.842000+00:00,77.0,1249,926.6,1.0,9636,24.9,330.0,0.7
22.1,2024-11-03 16:00:25.829000+00:00,78.0,1249,926.5,1.0,9636,24.9,268.0,0.7
22.2,2024-11-03 16:01:25.896000+00:00,78.0,1249,926.5,1.0,9636,25.0,213.0,1.0
22.1,2024-11-03 16:02:25.831000+00:00,77.0,1249,926.6,1.0,9636,25.0,170.0,0.9
22.1,2024-11-03 16:03:25.849000+00:00,77.0,1249,926.5,1.0,9636,25.0,227.0,1.1
22.1,2024-11-03 16:04:25.844000+00:00,76.0,1249,926.5,1.0,9636,24.9,189.0,1.1
22.1,2024-11-03 16:05:25.843000+00:00,75.0,1249,926.5,1.0,9636,24.8,81.0,1.0
22.2,2024-11-03 16:06:25.854000+00:00,75.0,1249,926.6,1.0,9636,24.8,0.0,0.7
22.2,2024-11-03 16:07:25.870000+00:00,76.0,1249,926.5,1.0,9636,25.0,188.0,0.6
22.3,2024-11-03 16:08:25.851000+00:00,76.0,1249,926.5,1.0,9636,25.2,137.0,0.8
22.3,2024-11-03 16:09:25.871000+00:00,76.0,1249,926.5,1.0,9636,25.3,331.0,0.5
22.3,2024-11-03 16:10:25.898000+00:00,75.0,1249,926.5,1.0,9636,25.4,330.0,0.6
22.3,2024-11-03 16:11:25.899000+00:00,75.0,1249,926.5,1.0,9636,25.3,42.0,1.1
22.2,2024-11-03 16:12:25.913000+00:00,76.0,1249,926.4,1.0,9636,25.3,264.0,0.7
22.1,2024-11-03 16:13:25.925000+00:00,75.0,1249,926.5,1.0,9636,25.3,0.0,0.8
22.1,2024-11-03 16:14:25.957000+00:00,76.0,1249,926.5,1.0,9636,25.1,171.0,0.5
22.0,2024-11-03 16:15:25.944000+00:00,76.0,1249,926.5,1.0,9636,25.1,338.0,0.5
22.0,2024-11-03 16:16:25.949000+00:00,77.0,1249,926.5,1.0,9636,25.1,207.0,0.6
22.0,2024-11-03 16:17:25.971000+00:00,77.0,1249,926.6,1.0,9636,24.9,0.0,0.4
22.0,2024-11-03 16:18:25.972000+00:00,79.0,1249,926.4,1.0,9636,24.9,154.0,0.4
22.0,2024-11-03 16:19:25.973000+00:00,81.0,1249,926.4,1.0,9636,24.9,343.0,1.1
22.0,2024-11-03 16:20:25.976000+00:00,81.0,1249,926.4,1.0,9636,24.9,141.0,1.0
22.0,2024-11-03 16:21:25.956000+00:00,82.0,1249,926.3,1.0,9636,24.9,144.0,0.4
22.0,2024-11-03 16:22:25.975000+00:00,83.0,1249,926.4,1.0,9636,24.9,149.0,0.7
22.0,2024-11-03 16:23:25.974000+00:00,83.0,1249,926.3,1.0,9636,25.0,291.0,0.4
21.9,2024-11-03 16:24:25.989000+00:00,85.0,1249,926.5,1.0,9636,24.9,189.0,0.7
21.9,2024-11-03 16:25:25.975000+00:00,85.0,1249,926.4,1.0,9636,24.9,23.0,0.5
21.9,2024-11-03 16:26:25.976000+00:00,85.0,1249,926.5,1.0,9636,24.7,353.0,0.4
21.8,2024-11-03 16:27:26.016000+00:00,86.0,1249,926.4,1.0,9636,24.6,353.0,0.7
21.6,2024-11-03 16:29:25.984000+00:00,86.0,1249,926.6,1.0,9636,24.2,40.0,1.0
21.5,2024-11-03 16:30:26.017000+00:00,87.0,1249,926.6,1.0,9636,24.1,341.0,1.0
21.4,2024-11-03 16:31:26.032000+00:00,87.0,1249,926.6,1.0,9636,24.0,26.0,0.7
21.3,2024-11-03 16:32:26.018000+00:00,88.0,1249,926.6,1.0,9636,24.0,354.0,0.7
21.1,2024-11-03 16:33:26.034000+00:00,88.0,1249,926.7,1.0,9636,23.8,65.0,0.8
21.0,2024-11-03 16:34:26.036000+00:00,88.0,1249,926.6,1.0,9636,23.5,0.0,0.9
20.9,2024-11-03 16:35:26.034000+00:00,89.0,1249,926.6,1.0,9636,23.3,332.0,0.8
20.8,2024-11-03 16:36:26.033000+00:00,89.0,1249,926.5,1.0,9636,23.2,1.0,0.6
20.8,2024-11-03 16:37:26.058000+00:00,89.0,1249,926.5,1.0,9636,23.3,8.0,0.7
20.6,2024-11-03 16:38:26.063000+00:00,90.0,1249,926.6,1.0,9636,23.7,50.0,0.7
20.6,2024-11-03 16:39:26.073000+00:00,89.0,1249,926.5,1.0,9636,24.0,169.0,0.9
20.5,2024-11-03 16:40:26.095000+00:00,89.0,1249,926.6,1.0,9636,24.2,227.0,0.4
20.5,2024-11-03 16:41:26.091000+00:00,89.0,1249,926.5,1.0,9636,24.5,275.0,0.5
20.5,2024-11-03 16:42:26.080000+00:00,89.0,1249,926.5,1.0,9636,24.6,320.0,0.6
20.5,2024-11-03 16:43:26.079000+00:00,89.0,1249,926.5,1.0,9636,24.7,346.0,0.6
20.5,2024-11-03 16:44:26.097000+00:00,89.0,1249,926.4,1.0,9636,24.7,143.0,0.6
20.6,2024-11-03 16:45:26.095000+00:00,89.0,1249,926.4,1.0,9636,24.7,193.0,0.5
20.5,2024-11-03 16:46:26.100000+00:00,90.0,1249,926.4,1.0,9636,25.1,218.0,0.7
20.6,2024-11-03 16:47:26.097000+00:00,89.0,1249,926.4,1.0,9636,25.1,212.0,0.8
20.6,2024-11-03 16:48:26.114000+00:00,89.0,1249,926.4,1.0,9636,25.0,205.0,0.9
20.6,2024-11-03 16:49:26.097000+00:00,90.0,1249,926.3,1.0,9636,25.0,195.0,0.8
20.6,2024-11-03 16:50:26.110000+00:00,90.0,1249,926.3,1.0,9636,25.1,170.0,0.9
20.6,2024-11-03 16:51:26.115000+00:00,89.0,1249,926.4,1.0,9636,25.2,0.0,1.0
20.5,2024-11-03 16:52:26.114000+00:00,90.0,1249,926.3,1.0,9636,25.2,0.0,0.7
20.5,2024-11-03 16:53:26.125000+00:00,90.0,1249,926.3,1.0,9636,25.2,329.0,1.3
20.6,2024-11-03 16:54:26.127000+00:00,90.0,1249,926.1,0.0,9636,25.1,301.0,1.0
20.6,2024-11-03 16:55:26.140000+00:00,91.0,1249,926.3,1.0,9636,25.1,190.0,0.8
20.6,2024-11-03 16:56:26.123000+00:00,90.0,1249,926.3,1.0,9636,25.1,199.0,0.4
20.6,2024-11-03 16:57:26.140000+00:00,90.0,1249,926.2,1.0,9636,25.4,252.0,0.8
20.6,2024-11-03 16:58:26.146000+00:00,90.0,1249,926.3,1.0,9636,25.5,181.0,0.7
20.8,2024-11-03 16:59:26.164000+00:00,90.0,1249,926.3,1.0,9636,25.5,223.0,0.5
20.7,2024-11-03 17:00:26.162000+00:00,90.0,1249,926.2,1.0,9636,25.4,191.0,0.9
20.7,2024-11-03 17:01:26.163000+00:00,89.0,1249,926.2,1.0,9636,25.2,257.0,0.9
20.6,2024-11-03 17:02:26.163000+00:00,90.0,1249,926.2,1.0,9636,25.2,220.0,0.3
20.6,2024-11-03 17:03:26.184000+00:00,90.0,1249,926.2,1.0,9636,25.3,239.0,0.7
20.6,2024-11-03 17:04:26.201000+00:00,90.0,1249,926.1,1.0,9636,25.2,236.0,1.1
20.6,2024-11-03 17:05:26.224000+00:00,90.0,1249,926.2,1.0,9636,25.1,279.0,0.7
20.6,2024-11-03 17:06:26.229000+00:00,90.0,1249,926.2,1.0,9636,25.1,301.0,0.8
20.6,2024-11-03 17:07:26.233000+00:00,91.0,1249,926.1,1.0,9636,25.1,181.0,0.5
20.6,2024-11-03 17:08:26.231000+00:00,90.0,1249,926.2,1.0,9636,24.7,308.0,0.4
20.6,2024-11-03 17:09:26.241000+00:00,91.0,1249,926.2,1.0,9636,24.6,205.0,0.7
20.5,2024-11-03 17:10:26.230000+00:00,91.0,1249,926.2,1.0,9636,24.3,274.0,0.6
20.5,2024-11-03 17:11:26.243000+00:00,91.0,1249,926.1,1.0,9636,24.3,278.0,0.3
20.5,2024-11-03 17:12:26.227000+00:00,92.0,1249,926.1,1.0,9636,24.2,97.0,0.6
20.5,2024-11-03 17:13:26.241000+00:00,91.0,1249,926.1,1.0,9636,24.3,0.0,0.4
20.5,2024-11-03 17:14:26.244000+00:00,91.0,1249,926.1,1.0,9636,24.3,328.0,0.0
20.5,2024-11-03 17:15:26.242000+00:00,91.0,1249,926.1,1.0,9636,24.6,226.0,1.0
20.5,2024-11-03 17:16:26.235000+00:00,90.0,1249,926.0,0.0,9636,24.5,258.0,1.2
20.4,2024-11-03 17:17:26.251000+00:00,91.0,1249,926.0,0.0,9636,24.7,218.0,0.8
20.5,2024-11-03 17:18:26.247000+00:00,91.0,1249,926.0,0.0,9636,24.7,168.0,0.4
20.4,2024-11-03 17:19:26.255000+00:00,91.0,1249,926.0,1.0,9636,24.8,215.0,0.8
20.4,2024-11-03 17:20:26.302000+00:00,90.0,1249,926.0,1.0,9636,24.7,0.0,0.6
20.5,2024-11-03 17:21:26.267000+00:00,91.0,1249,925.9,0.0,9636,24.8,189.0,1.0
20.5,2024-11-03 17:22:26.267000+00:00,90.0,1249,925.8,1.0,9636,24.8,212.0,0.7
20.5,2024-11-03 17:23:26.272000+00:00,90.0,1249,925.8,1.0,9636,24.8,12.0,0.8
20.5,2024-11-03 17:24:26.284000+00:00,91.0,1249,925.8,1.0,9636,24.8,224.0,0.7
20.5,2024-11-03 17:25:26.269000+00:00,90.0,1249,925.7,1.0,9636,25.1,209.0,0.7
20.5,2024-11-03 17:26:26.275000+00:00,90.0,1249,925.8,1.0,9636,25.3,156.0,1.0
20.6,2024-11-03 17:27:26.500000+00:00,90.0,1249,925.8,1.0,9636,25.3,228.0,0.7
20.6,2024-11-03 17:28:26.270000+00:00,90.0,1249,925.7,1.0,9636,25.6,215.0,1.1
20.6,2024-11-03 17:29:26.274000+00:00,90.0,1249,925.7,1.0,9636,25.3,281.0,0.4
20.6,2024-11-03 17:30:26.282000+00:00,90.0,1249,925.7,1.0,9636,25.3,340.0,0.6
20.6,2024-11-03 17:31:26.272000+00:00,90.0,1249,925.8,1.0,9636,25.1,180.0,0.9
20.7,2024-11-03 17:32:26.277000+00:00,90.0,1249,925.7,0.0,9636,24.9,178.0,1.0
20.8,2024-11-03 17:33:26.271000+00:00,90.0,1249,925.7,0.0,9636,24.9,198.0,0.9
20.7,2024-11-03 17:34:26.288000+00:00,89.0,1249,925.7,0.0,9636,24.6,166.0,1.4
20.7,2024-11-03 17:35:26.288000+00:00,90.0,1249,925.7,0.0,9636,24.6,199.0,1.3
20.5,2024-11-03 17:36:26.287000+00:00,90.0,1249,925.7,0.0,9636,24.7,198.0,1.2
20.5,2024-11-03 17:37:26.289000+00:00,90.0,1249,925.7,0.0,9636,24.6,190.0,0.8
20.5,2024-11-03 17:38:26.285000+00:00,90.0,1249,925.7,0.0,9636,24.6,0.0,0.4
20.4,2024-11-03 17:39:26.289000+00:00,89.0,1249,925.6,0.0,9636,24.6,162.0,0.9
20.4,2024-11-03 17:40:26.289000+00:00,90.0,1249,925.7,0.0,9636,24.7,182.0,1.0
20.4,2024-11-03 17:41:26.290000+00:00,90.0,1249,925.6,0.0,9636,24.5,237.0,0.8
20.5,2024-11-03 17:42:26.280000+00:00,89.0,1249,925.5,0.0,9636,24.4,158.0,1.6
20.5,2024-11-03 17:43:26.290000+00:00,89.0,1249,925.7,0.0,9636,24.4,180.0,0.9
20.5,2024-11-03 17:44:26.291000+00:00,89.0,1249,925.7,0.0,9636,24.4,222.0,1.2
20.4,2024-11-03 17:45:26.293000+00:00,90.0,1249,925.6,0.0,9636,24.5,178.0,0.7
20.4,2024-11-03 17:46:26.293000+00:00,90.0,1249,925.6,0.0,9636,24.5,312.0,0.0
20.4,2024-11-03 17:47:26.292000+00:00,90.0,1249,925.5,0.0,9636,24.7,181.0,0.7
20.4,2024-11-03 17:48:26.292000+00:00,90.0,1249,925.5,0.0,9636,24.7,202.0,1.0
20.5,2024-11-03 17:49:26.303000+00:00,90.0,1249,925.5,0.0,9636,24.6,200.0,0.9
20.5,2024-11-03 17:50:26.295000+00:00,89.0,1249,925.5,0.0,9636,24.5,337.0,0.6
20.5,2024-11-03 17:51:26.311000+00:00,90.0,1249,925.5,0.0,9636,24.5,140.0,0.5
20.5,2024-11-03 17:52:26.293000+00:00,89.0,1249,925.6,0.0,9636,24.5,0.0,0.6
20.5,2024-11-03 17:53:26.312000+00:00,89.0,1249,925.5,0.0,9636,24.5,0.0,0.7
20.5,2024-11-03 17:54:26.293000+00:00,89.0,1249,925.5,0.0,9636,24.2,223.0,0.0
20.5,2024-11-03 17:55:26.294000+00:00,89.0,1249,925.5,0.0,9636,24.1,176.0,1.1
20.5,2024-11-03 17:56:26.294000+00:00,89.0,1249,925.4,0.0,9636,24.0,176.0,1.8
20.5,2024-11-03 17:57:26.313000+00:00,89.0,1249,925.4,0.0,9636,24.0,0.0,0.7
20.5,2024-11-03 17:58:26.311000+00:00,89.0,1249,925.4,0.0,9636,24.1,160.0,0.4
18.6,2024-11-24 05:07:34.128000+00:00,49.0,1250,935.7,0.0,9644,18.2,245.0,2.4
18.5,2024-11-24 05:08:34.129000+00:00,49.0,1250,935.7,0.0,9644,18.3,223.0,2.8
18.6,2024-11-24 05:09:34.131000+00:00,49.0,1250,935.8,0.0,9644,18.4,220.0,1.4
18.6,2024-11-24 05:10:34.132000+00:00,49.0,1250,935.8,0.0,9644,18.3,244.0,2.6
18.6,2024-11-24 05:11:34.133000+00:00,49.0,1250,935.7,0.0,9644,18.1,228.0,4.0
18.5,2024-11-24 05:12:34.136000+00:00,49.0,1250,935.8,0.0,9644,18.1,228.0,3.8
18.5,2024-11-24 05:13:34.137000+00:00,49.0,1250,935.8,0.0,9644,18.3,216.0,2.9
18.5,2024-11-24 05:14:34.134000+00:00,49.0,1250,935.8,0.0,9644,18.3,262.0,1.8
18.5,2024-11-24 05:15:34.134000+00:00,49.0,1250,935.7,0.0,9644,18.4,270.0,2.2
18.5,2024-11-24 05:16:34.137000+00:00,49.0,1250,935.9,0.0,9644,18.5,241.0,2.9
18.5,2024-11-24 05:17:34.137000+00:00,49.0,1250,935.8,0.0,9644,18.5,209.0,2.4
18.5,2024-11-24 05:18:34.137000+00:00,49.0,1250,935.8,0.0,9644,18.7,230.0,2.8
18.5,2024-11-24 05:19:34.138000+00:00,49.0,1250,935.8,0.0,9644,18.6,225.0,1.6
18.5,2024-11-24 05:20:34.140000+00:00,49.0,1250,935.8,0.0,9644,18.6,193.0,1.3
18.4,2024-11-24 05:21:34.140000+00:00,49.0,1250,935.8,0.0,9644,18.5,223.0,2.5
18.4,2024-11-24 05:22:34.144000+00:00,49.0,1250,935.8,0.0,9644,18.4,0.0,2.5
18.4,2024-11-24 05:23:34.141000+00:00,49.0,1250,935.7,0.0,9644,18.8,251.0,1.1
18.4,2024-11-24 05:24:34.148000+00:00,49.0,1250,935.7,0.0,9644,18.4,220.0,2.3
18.4,2024-11-24 05:25:34.145000+00:00,49.0,1250,935.5,0.0,9644,18.4,256.0,2.4
18.4,2024-11-24 05:26:34.163000+00:00,49.0,1250,935.6,0.0,9644,18.4,237.0,2.2
18.4,2024-11-24 05:27:34.165000+00:00,49.0,1250,935.5,0.0,9644,18.5,221.0,1.9
18.4,2024-11-24 05:28:34.160000+00:00,49.0,1250,935.5,0.0,9644,18.7,131.0,2.5
18.4,2024-11-24 05:29:34.161000+00:00,49.0,1250,935.4,0.0,9644,18.4,349.0,2.1
18.3,2024-11-24 05:30:34.162000+00:00,50.0,1250,935.6,0.0,9644,18.6,228.0,1.5
18.4,2024-11-24 05:31:34.163000+00:00,49.0,1250,935.5,0.0,9644,18.6,228.0,2.1
18.4,2024-11-24 05:32:34.163000+00:00,49.0,1250,935.5,0.0,9644,18.8,355.0,4.2
18.3,2024-11-24 05:33:34.180000+00:00,49.0,1250,935.5,0.0,9644,18.8,263.0,2.9
18.3,2024-11-24 05:34:34.197000+00:00,49.0,1250,935.5,0.0,9644,18.8,251.0,2.5
18.3,2024-11-24 05:35:34.195000+00:00,49.0,1250,935.6,0.0,9644,19.9,254.0,2.9
18.3,2024-11-24 05:36:34.199000+00:00,49.0,1250,935.6,0.0,9644,18.6,126.0,3.6
18.3,2024-11-24 05:37:34.200000+00:00,49.0,1250,935.5,0.0,9644,18.6,239.0,2.3
18.3,2024-11-24 05:38:34.215000+00:00,49.0,1250,935.6,0.0,9644,18.6,272.0,2.3
18.2,2024-11-24 05:39:34.231000+00:00,49.0,1250,935.5,0.0,9644,18.6,270.0,1.9
18.2,2024-11-24 05:40:34.249000+00:00,49.0,1250,935.6,0.0,9644,18.6,241.0,1.6
18.3,2024-11-24 05:41:34.251000+00:00,49.0,1250,935.7,0.0,9644,18.6,222.0,2.1
18.3,2024-11-24 05:42:34.274000+00:00,49.0,1250,935.7,0.0,9644,18.6,201.0,2.0
18.2,2024-11-24 05:43:34.281000+00:00,49.0,1250,935.8,0.0,9644,18.6,260.0,1.2
18.2,2024-11-24 05:44:34.286000+00:00,49.0,1250,935.8,0.0,9644,18.6,229.0,4.1
18.2,2024-11-24 05:45:34.281000+00:00,49.0,1250,935.6,0.0,9644,18.6,204.0,3.9
18.1,2024-11-24 05:46:34.283000+00:00,50.0,1250,935.5,0.0,9644,18.6,259.0,3.6
18.1,2024-11-24 05:47:34.287000+00:00,50.0,1250,935.6,0.0,9644,18.5,232.0,3.5
18.1,2024-11-24 05:48:34.286000+00:00,49.0,1250,935.6,0.0,9644,18.5,219.0,3.8
18.1,2024-11-24 05:49:34.285000+00:00,50.0,1250,935.6,0.0,9644,18.6,199.0,3.2
18.1,2024-11-24 05:50:34.286000+00:00,50.0,1250,935.5,0.0,9644,18.6,210.0,2.3
18.1,2024-11-24 05:51:34.287000+00:00,50.0,1250,935.6,0.0,9644,18.5,210.0,2.9
18.0,2024-11-24 05:52:34.286000+00:00,50.0,1250,935.6,0.0,9644,18.5,195.0,2.5
18.0,2024-11-24 05:53:34.294000+00:00,50.0,1250,935.6,0.0,9644,18.5,195.0,2.5
18.0,2024-11-24 05:54:34.290000+00:00,50.0,1250,935.6,0.0,9644,18.5,162.0,1.9
18.0,2024-11-24 05:55:34.295000+00:00,50.0,1250,935.7,0.0,9644,18.5,258.0,0.9
18.0,2024-11-24 05:56:34.300000+00:00,50.0,1250,935.7,0.0,9644,18.5,246.0,2.7
18.0,2024-11-24 05:57:34.290000+00:00,50.0,1250,935.7,0.0,9644,18.5,253.0,2.9
17.9,2024-11-24 05:58:34.292000+00:00,50.0,1250,935.9,0.0,9644,18.4,263.0,3.0
17.9,2024-11-24 05:59:34.292000+00:00,50.0,1250,935.8,0.0,9644,18.1,255.0,4.0
17.9,2024-11-24 06:00:34.297000+00:00,50.0,1250,935.9,0.0,9644,18.1,261.0,3.0
17.9,2024-11-24 06:01:34.293000+00:00,50.0,1250,935.9,0.0,9644,18.1,205.0,1.5
17.9,2024-11-24 06:02:34.294000+00:00,51.0,1250,935.7,0.0,9644,18.4,301.0,0.8
17.9,2024-11-24 06:03:34.295000+00:00,50.0,1250,935.7,0.0,9644,18.3,273.0,2.7
18.0,2024-11-24 06:04:34.295000+00:00,51.0,1250,935.8,0.0,9644,18.0,297.0,2.7
18.0,2024-11-24 06:05:34.308000+00:00,50.0,1250,936.0,0.0,9644,18.2,274.0,1.2
18.0,2024-11-24 06:06:34.302000+00:00,50.0,1250,935.9,0.0,9644,18.2,138.0,2.1
18.0,2024-11-24 06:07:34.304000+00:00,50.0,1250,935.9,0.0,9644,18.0,263.0,1.1
18.0,2024-11-24 06:08:34.304000+00:00,50.0,1250,935.9,0.0,9644,17.9,216.0,2.2
18.0,2024-11-24 06:09:34.319000+00:00,50.0,1250,936.0,0.0,9644,17.9,243.0,2.7
17.9,2024-11-24 06:10:34.332000+00:00,50.0,1250,935.9,0.0,9644,17.8,227.0,2.7
18.0,2024-11-24 06:11:34.332000+00:00,51.0,1250,935.9,0.0,9644,17.7,245.0,3.3
17.9,2024-11-24 06:12:34.338000+00:00,51.0,1250,935.9,0.0,9644,17.7,255.0,2.0
17.9,2024-11-24 06:13:34.340000+00:00,50.0,1250,935.7,0.0,9644,17.7,241.0,3.1
17.9,2024-11-24 06:14:34.345000+00:00,50.0,1250,935.9,0.0,9644,17.7,208.0,2.7
17.9,2024-11-24 06:15:34.361000+00:00,50.0,1250,935.9,0.0,9644,17.6,256.0,2.9
17.9,2024-11-24 06:16:34.351000+00:00,50.0,1250,936.0,0.0,9644,17.6,242.0,3.9
17.9,2024-11-24 06:17:34.373000+00:00,51.0,1250,936.0,0.0,9644,17.6,256.0,3.1
17.9,2024-11-24 06:18:34.384000+00:00,50.0,1250,935.9,0.0,9644,17.6,244.0,2.2
17.9,2024-11-24 06:19:34.387000+00:00,50.0,1250,936.0,0.0,9644,17.7,261.0,2.0
17.9,2024-11-24 06:20:34.409000+00:00,51.0,1250,935.9,0.0,9644,17.6,271.0,3.1
17.8,2024-11-24 06:21:34.420000+00:00,51.0,1250,936.0,0.0,9644,17.6,254.0,1.8
17.9,2024-11-24 06:22:34.425000+00:00,51.0,1250,936.0,0.0,9644,17.7,258.0,1.7
17.9,2024-11-24 06:23:34.434000+00:00,50.0,1250,936.0,0.0,9644,17.5,132.0,2.4
17.9,2024-11-24 06:24:34.439000+00:00,50.0,1250,935.8,0.0,9644,17.5,223.0,2.1
17.8,2024-11-24 06:25:34.442000+00:00,50.0,1250,936.0,0.0,9644,17.5,244.0,3.0
17.8,2024-11-24 06:26:34.436000+00:00,50.0,1250,936.1,0.0,9644,17.5,257.0,2.5
17.7,2024-11-24 06:27:34.440000+00:00,50.0,1250,936.0,0.0,9644,17.5,252.0,2.5
17.7,2024-11-24 06:28:34.454000+00:00,50.0,1250,936.1,0.0,9644,17.5,233.0,2.6
17.7,2024-11-24 06:29:34.469000+00:00,50.0,1250,936.0,0.0,9644,17.4,273.0,3.9
17.7,2024-11-24 06:30:34.475000+00:00,50.0,1250,936.2,0.0,9644,17.4,242.0,3.7
17.7,2024-11-24 06:31:34.487000+00:00,50.0,1250,936.2,0.0,9644,17.4,227.0,3.2
17.6,2024-11-24 06:32:34.490000+00:00,50.0,1250,936.2,0.0,9644,17.3,234.0,3.0
17.7,2024-11-24 06:33:34.487000+00:00,50.0,1250,936.2,0.0,9644,17.3,255.0,2.1
17.6,2024-11-24 06:34:34.489000+00:00,50.0,1250,936.0,0.0,9644,17.3,243.0,3.1
17.6,2024-11-24 06:35:34.497000+00:00,49.0,1250,935.9,0.0,9644,17.4,258.0,2.4
17.7,2024-11-24 06:36:34.493000+00:00,49.0,1250,936.0,0.0,9644,17.5,251.0,2.1
17.6,2024-11-24 06:37:34.507000+00:00,49.0,1250,935.9,0.0,9644,17.4,256.0,3.3
17.6,2024-11-24 06:38:34.527000+00:00,49.0,1250,936.1,0.0,9644,17.4,243.0,3.4
17.6,2024-11-24 06:39:34.538000+00:00,49.0,1250,936.0,0.0,9644,17.2,242.0,2.4
17.6,2024-11-24 06:40:34.556000+00:00,48.0,1250,935.8,0.0,9644,17.3,218.0,3.7
17.6,2024-11-24 06:41:34.578000+00:00,48.0,1250,936.1,0.0,9644,17.3,227.0,3.1
17.6,2024-11-24 06:42:34.574000+00:00,49.0,1250,935.9,0.0,9644,17.2,246.0,3.4
17.5,2024-11-24 06:43:34.574000+00:00,49.0,1250,936.0,0.0,9644,17.1,212.0,3.5
17.6,2024-11-24 06:44:34.580000+00:00,48.0,1250,936.0,0.0,9644,17.2,219.0,3.3
17.6,2024-11-24 06:45:34.581000+00:00,48.0,1250,936.1,0.0,9644,17.2,230.0,4.7
17.6,2024-11-24 06:46:34.585000+00:00,48.0,1250,936.0,0.0,9644,17.1,262.0,3.3
17.6,2024-11-24 06:47:34.579000+00:00,48.0,1250,936.0,0.0,9644,17.2,247.0,2.5
17.5,2024-11-24 06:48:34.589000+00:00,47.0,1250,936.0,0.0,9644,17.1,197.0,4.9
17.5,2024-11-24 06:49:34.577000+00:00,46.0,1250,936.1,0.0,9644,17.1,238.0,3.0
17.6,2024-11-24 06:50:34.582000+00:00,47.0,1250,936.2,0.0,9644,17.0,235.0,2.9
17.5,2024-11-24 06:51:34.578000+00:00,47.0,1250,936.1,0.0,9644,17.0,214.0,4.1
17.5,2024-11-24 06:52:34.585000+00:00,47.0,1250,936.0,0.0,9644,17.1,203.0,4.2
17.5,2024-11-24 06:53:34.584000+00:00,46.0,1250,936.0,0.0,9644,17.1,222.0,3.4
17.5,2024-11-24 06:54:34.601000+00:00,46.0,1250,936.0,0.0,9644,17.1,216.0,4.5
17.5,2024-11-24 06:55:34.618000+00:00,46.0,1250,936.1,0.0,9644,17.0,270.0,2.8
17.5,2024-11-24 06:56:34.630000+00:00,46.0,1250,936.3,0.0,9644,17.0,231.0,3.2
17.4,2024-11-24 06:57:34.634000+00:00,45.0,1250,936.1,0.0,9644,17.0,229.0,3.2
17.4,2024-11-24 06:58:34.647000+00:00,45.0,1250,936.0,0.0,9644,17.0,243.0,3.5
17.3,2024-11-24 06:59:34.647000+00:00,45.0,1250,936.1,0.0,9644,17.0,216.0,1.7
17.3,2024-11-24 07:00:34.664000+00:00,44.0,1250,936.1,0.0,9644,17.0,227.0,3.5
17.4,2024-11-24 07:01:34.684000+00:00,44.0,1250,936.1,0.0,9644,17.0,258.0,3.0
17.3,2024-11-24 07:02:34.688000+00:00,44.0,1250,936.0,0.0,9644,16.9,265.0,4.4
17.4,2024-11-24 07:03:34.689000+00:00,44.0,1250,936.1,0.0,9644,16.9,245.0,2.7
17.4,2024-11-24 07:04:34.718000+00:00,44.0,1250,936.2,0.0,9644,17.0,232.0,5.2
17.3,2024-11-24 07:05:34.682000+00:00,43.0,1250,936.1,0.0,9644,16.9,226.0,3.4
17.3,2024-11-24 07:06:34.684000+00:00,43.0,1250,936.0,0.0,9644,16.9,246.0,4.0
17.3,2024-11-24 07:07:34.701000+00:00,43.0,1250,936.0,0.0,9644,16.8,207.0,4.3
17.3,2024-11-24 07:08:34.717000+00:00,43.0,1250,936.0,0.0,9644,16.8,202.0,3.4
17.3,2024-11-24 07:09:34.718000+00:00,43.0,1250,936.0,0.0,9644,16.9,237.0,3.4
17.2,2024-11-24 07:10:34.721000+00:00,43.0,1250,935.9,0.0,9644,16.8,240.0,3.2
17.2,2024-11-24 07:11:34.730000+00:00,43.0,1250,936.2,0.0,9644,16.8,229.0,3.2
17.3,2024-11-24 07:12:34.721000+00:00,43.0,1250,936.0,0.0,9644,16.8,231.0,2.9
17.2,2024-11-24 07:13:34.723000+00:00,43.0,1250,936.1,0.0,9644,16.8,245.0,4.7
17.2,2024-11-24 07:14:34.719000+00:00,43.0,1250,936.1,0.0,9644,16.8,245.0,3.8
17.1,2024-11-24 07:15:34.723000+00:00,43.0,1250,936.1,0.0,9644,16.8,300.0,3.2
17.1,2024-11-24 07:16:34.725000+00:00,43.0,1250,936.0,0.0,9644,16.8,254.0,3.0
17.1,2024-11-24 07:17:34.714000+00:00,43.0,1250,936.1,0.0,9644,16.7,234.0,4.0
17.1,2024-11-24 07:18:34.725000+00:00,43.0,1250,936.2,0.0,9644,16.7,215.0,4.4
17.0,2024-11-24 07:19:34.743000+00:00,43.0,1250,936.2,0.0,9644,16.7,263.0,5.0
17.1,2024-11-24 07:20:34.757000+00:00,43.0,1250,936.2,0.0,9644,16.7,249.0,3.8
17.1,2024-11-24 07:21:34.778000+00:00,43.0,1250,936.2,0.0,9644,16.7,197.0,3.4
17.1,2024-11-24 07:22:34.785000+00:00,43.0,1250,936.1,0.0,9644,16.7,274.0,4.0
17.1,2024-11-24 07:23:34.804000+00:00,43.0,1250,936.2,0.0,9644,16.7,238.0,3.2
17.1,2024-11-24 07:24:34.824000+00:00,43.0,1250,936.1,0.0,9644,16.7,234.0,4.0
17.0,2024-11-24 07:25:34.840000+00:00,43.0,1250,936.2,0.0,9644,16.7,209.0,3.5
17.1,2024-11-24 07:26:34.854000+00:00,42.0,1250,936.2,0.0,9644,16.7,258.0,3.4
17.1,2024-11-24 07:27:34.864000+00:00,42.0,1250,936.2,0.0,9644,16.7,262.0,2.4
17.0,2024-11-24 07:28:34.859000+00:00,42.0,1250,936.3,0.0,9644,16.6,254.0,2.9
17.0,2024-11-24 07:29:34.856000+00:00,42.0,1250,936.1,0.0,9644,16.6,221.0,2.9
21.8,2024-11-30 13:19:33.022000+00:00,50.0,1251,1016.9,0.0,9654,27.3,353.0,4.9
21.8,2024-11-30 13:20:33.012000+00:00,50.0,1251,1016.9,0.0,9654,27.2,12.0,3.8
21.8,2024-11-30 13:21:33.013000+00:00,50.0,1251,1016.9,0.0,9654,27.1,354.0,4.7
21.7,2024-11-30 13:22:33.015000+00:00,51.0,1251,1016.9,0.0,9654,27.1,5.0,4.5
21.7,2024-11-30 13:23:33.016000+00:00,51.0,1251,1016.9,0.0,9654,27.1,352.0,5.0
21.7,2024-11-30 13:24:33.015000+00:00,51.0,1251,1016.8,0.0,9654,27.1,348.0,5.2
21.7,2024-11-30 13:25:33.006000+00:00,51.0,1251,1016.9,0.0,9654,27.0,350.0,4.3
21.6,2024-11-30 13:26:33.033000+00:00,51.0,1251,1016.9,0.0,9654,27.0,357.0,4.7
21.6,2024-11-30 13:27:33.047000+00:00,51.0,1251,1017.0,0.0,9654,26.9,342.0,4.7
21.6,2024-11-30 13:28:33.064000+00:00,51.0,1251,1016.9,0.0,9654,26.9,351.0,4.8
21.6,2024-11-30 13:29:33.080000+00:00,51.0,1251,1017.0,0.0,9654,26.9,354.0,4.2
21.6,2024-11-30 13:30:33.081000+00:00,51.0,1251,1017.0,0.0,9654,26.8,354.0,3.7
21.6,2024-11-30 13:31:33.083000+00:00,51.0,1251,1017.0,0.0,9654,26.7,340.0,3.9
21.5,2024-11-30 13:32:33.098000+00:00,51.0,1251,1017.0,0.0,9654,26.7,3.0,4.4
21.5,2024-11-30 13:33:33.098000+00:00,51.0,1251,1017.0,0.0,9654,26.6,0.0,4.3
21.5,2024-11-30 13:34:33.100000+00:00,52.0,1251,1017.1,0.0,9654,26.6,4.0,3.6
21.5,2024-11-30 13:35:33.099000+00:00,52.0,1251,1017.0,0.0,9654,26.6,350.0,4.1
21.5,2024-11-30 13:36:33.102000+00:00,52.0,1251,1017.2,0.0,9654,26.6,353.0,3.5
21.5,2024-11-30 13:37:33.102000+00:00,52.0,1251,1017.1,0.0,9654,26.6,358.0,3.8
21.5,2024-11-30 13:38:33.102000+00:00,52.0,1251,1017.1,0.0,9654,26.6,356.0,4.0
21.5,2024-11-30 13:39:33.103000+00:00,52.0,1251,1017.1,0.0,9654,26.5,2.0,3.4
21.5,2024-11-30 13:40:33.104000+00:00,52.0,1251,1017.1,0.0,9654,26.4,353.0,3.7
21.5,2024-11-30 13:41:33.104000+00:00,52.0,1251,1017.1,0.0,9654,26.4,0.0,3.6
21.4,2024-11-30 13:42:33.107000+00:00,52.0,1251,1017.0,0.0,9654,26.4,6.0,3.7
21.4,2024-11-30 13:43:33.107000+00:00,53.0,1251,1017.2,0.0,9654,26.4,348.0,3.9
21.4,2024-11-30 13:44:33.123000+00:00,53.0,1251,1017.1,0.0,9654,26.3,354.0,3.6
21.4,2024-11-30 13:45:33.145000+00:00,53.0,1251,1017.2,0.0,9654,26.3,355.0,4.0
21.4,2024-11-30 13:46:33.156000+00:00,53.0,1251,1017.1,0.0,9654,26.3,1.0,4.5
21.3,2024-11-30 13:47:33.156000+00:00,53.0,1251,1017.1,0.0,9654,26.2,4.0,3.4
21.3,2024-11-30 13:48:33.157000+00:00,53.0,1251,1017.1,0.0,9654,26.2,0.0,3.2
21.3,2024-11-30 13:49:33.157000+00:00,53.0,1251,1017.2,0.0,9654,26.2,346.0,3.5
21.3,2024-11-30 13:50:33.159000+00:00,53.0,1251,1017.2,0.0,9654,26.1,1.0,3.8
21.3,2024-11-30 13:51:33.159000+00:00,53.0,1251,1017.2,0.0,9654,26.1,351.0,4.1
21.4,2024-11-30 13:52:33.183000+00:00,52.0,1251,1017.2,0.0,9654,26.1,355.0,3.4
21.3,2024-11-30 13:53:33.191000+00:00,52.0,1251,1017.2,0.0,9654,26.1,343.0,3.8
21.3,2024-11-30 13:54:33.162000+00:00,52.0,1251,1017.2,0.0,9654,26.0,357.0,3.5
21.3,2024-11-30 13:55:33.177000+00:00,52.0,1251,1017.1,0.0,9654,25.9,349.0,3.9
21.2,2024-11-30 13:56:33.195000+00:00,52.0,1251,1017.3,0.0,9654,25.9,10.0,4.1
21.2,2024-11-30 13:57:33.209000+00:00,53.0,1251,1017.2,0.0,9654,25.9,340.0,4.4
21.2,2024-11-30 13:58:33.227000+00:00,53.0,1251,1017.2,0.0,9654,25.8,348.0,3.9
21.2,2024-11-30 13:59:33.243000+00:00,53.0,1251,1017.2,0.0,9654,25.8,350.0,4.2
21.1,2024-11-30 14:00:33.243000+00:00,53.0,1251,1017.3,0.0,9654,25.7,349.0,3.9
21.1,2024-11-30 14:01:33.243000+00:00,53.0,1251,1017.2,0.0,9654,25.6,340.0,4.2
21.1,2024-11-30 14:02:33.245000+00:00,53.0,1251,1017.2,0.0,9654,25.6,5.0,3.9
21.1,2024-11-30 14:03:33.245000+00:00,53.0,1251,1017.2,0.0,9654,25.5,349.0,4.1
21.1,2024-11-30 14:04:33.245000+00:00,53.0,1251,1017.2,0.0,9654,25.6,1.0,3.5
21.1,2024-11-30 14:05:33.253000+00:00,53.0,1251,1017.3,0.0,9654,25.6,356.0,4.1
21.1,2024-11-30 14:06:33.266000+00:00,53.0,1251,1017.2,0.0,9654,25.5,357.0,4.0
21.1,2024-11-30 14:07:33.250000+00:00,53.0,1251,1017.2,0.0,9654,25.5,339.0,3.9
21.2,2024-11-30 14:08:33.248000+00:00,53.0,1251,1017.3,0.0,9654,25.6,335.0,2.8
21.2,2024-11-30 14:09:33.256000+00:00,53.0,1251,1017.3,0.0,9654,25.6,347.0,4.3
21.2,2024-11-30 14:10:33.252000+00:00,53.0,1251,1017.3,0.0,9654,25.6,344.0,2.9
21.1,2024-11-30 14:11:33.251000+00:00,53.0,1251,1017.2,0.0,9654,25.4,10.0,3.5
21.1,2024-11-30 14:12:33.251000+00:00,53.0,1251,1017.3,0.0,9654,25.4,355.0,3.8
21.1,2024-11-30 14:13:33.253000+00:00,53.0,1251,1017.3,0.0,9654,25.4,347.0,2.8
21.1,2024-11-30 14:14:33.255000+00:00,53.0,1251,1017.3,0.0,9654,25.4,346.0,3.8
21.1,2024-11-30 14:15:33.257000+00:00,53.0,1251,1017.2,0.0,9654,25.4,315.0,2.3
21.1,2024-11-30 14:16:33.254000+00:00,53.0,1251,1017.4,0.0,9654,25.4,334.0,2.7
21.1,2024-11-30 14:17:33.260000+00:00,53.0,1251,1017.3,0.0,9654,25.4,8.0,3.1
21.1,2024-11-30 14:18:33.256000+00:00,53.0,1251,1017.3,0.0,9654,25.3,322.0,3.1
21.0,2024-11-30 14:19:33.259000+00:00,53.0,1251,1017.2,0.0,9654,25.2,4.0,3.1
21.0,2024-11-30 14:20:33.264000+00:00,53.0,1251,1017.3,0.0,9654,25.3,335.0,2.5
21.0,2024-11-30 14:21:33.258000+00:00,53.0,1251,1017.4,0.0,9654,25.3,331.0,2.5
21.0,2024-11-30 14:22:33.271000+00:00,53.0,1251,1017.3,0.0,9654,25.3,7.0,2.1
21.0,2024-11-30 14:23:33.281000+00:00,53.0,1251,1017.3,0.0,9654,25.2,347.0,2.8
21.0,2024-11-30 14:24:33.260000+00:00,53.0,1251,1017.3,0.0,9654,25.2,22.0,1.7
21.0,2024-11-30 14:25:33.260000+00:00,53.0,1251,1017.4,0.0,9654,25.2,354.0,2.2
21.0,2024-11-30 14:26:33.261000+00:00,53.0,1251,1017.3,0.0,9654,25.0,10.0,2.2
21.0,2024-11-30 14:27:33.263000+00:00,53.0,1251,1017.3,0.0,9654,25.1,348.0,2.2
21.0,2024-11-30 14:28:33.263000+00:00,53.0,1251,1017.4,0.0,9654,25.1,5.0,3.7
21.0,2024-11-30 14:29:33.263000+00:00,53.0,1251,1017.5,0.0,9654,25.0,345.0,2.6
21.0,2024-11-30 14:30:33.269000+00:00,53.0,1251,1017.4,0.0,9654,25.0,345.0,2.5
21.0,2024-11-30 14:31:33.265000+00:00,53.0,1251,1017.4,0.0,9654,25.0,358.0,2.8
20.9,2024-11-30 14:32:33.266000+00:00,54.0,1251,1017.5,0.0,9654,25.0,355.0,3.4
19.7,2024-12-01 15:09:39.254000+00:00,57.0,1251,1015.2,0.0,9655,23.8,358.0,2.3
19.7,2024-12-01 15:10:39.246000+00:00,56.0,1251,1015.2,0.0,9655,23.8,8.0,2.6
19.7,2024-12-01 15:11:39.247000+00:00,57.0,1251,1015.1,0.0,9655,23.8,4.0,2.5
19.6,2024-12-01 15:12:39.247000+00:00,57.0,1251,1015.2,0.0,9655,23.8,6.0,2.4
19.6,2024-12-01 15:13:39.249000+00:00,57.0,1251,1015.2,0.0,9655,23.8,341.0,2.4
19.6,2024-12-01 15:14:39.251000+00:00,57.0,1251,1015.2,0.0,9655,23.8,351.0,2.7
19.6,2024-12-01 15:15:39.266000+00:00,57.0,1251,1015.2,0.0,9655,23.8,0.0,2.3
19.6,2024-12-01 15:16:39.266000+00:00,57.0,1251,1015.2,0.0,9655,23.8,8.0,2.5
19.6,2024-12-01 15:17:39.282000+00:00,57.0,1251,1015.3,0.0,9655,23.7,11.0,2.9
19.6,2024-12-01 15:18:39.288000+00:00,57.0,1251,1015.3,0.0,9655,23.7,10.0,3.1
19.6,2024-12-01 15:19:39.286000+00:00,57.0,1251,1015.3,0.0,9655,23.7,0.0,2.6
19.6,2024-12-01 15:20:39.284000+00:00,57.0,1251,1015.2,0.0,9655,23.7,16.0,2.7
19.6,2024-12-01 15:21:39.289000+00:00,57.0,1251,1015.3,0.0,9655,23.7,341.0,2.4
19.5,2024-12-01 15:22:39.305000+00:00,57.0,1251,1015.3,0.0,9655,23.6,4.0,2.5
19.5,2024-12-01 15:23:39.287000+00:00,57.0,1251,1015.3,0.0,9655,23.6,359.0,2.4
19.5,2024-12-01 15:24:39.291000+00:00,57.0,1251,1015.2,0.0,9655,23.6,349.0,2.9
19.5,2024-12-01 15:25:39.291000+00:00,56.0,1251,1015.3,0.0,9655,23.7,22.0,2.3
19.6,2024-12-01 15:26:39.290000+00:00,56.0,1251,1015.4,0.0,9655,23.6,355.0,2.2
19.6,2024-12-01 15:27:39.302000+00:00,56.0,1251,1015.3,0.0,9655,23.7,12.0,1.9
19.6,2024-12-01 15:28:39.291000+00:00,55.0,1251,1015.2,0.0,9655,23.7,347.0,2.5
19.6,2024-12-01 15:29:39.291000+00:00,55.0,1251,1015.3,0.0,9655,23.7,14.0,1.9
19.6,2024-12-01 15:30:39.291000+00:00,55.0,1251,1015.3,0.0,9655,23.6,1.0,2.4
19.5,2024-12-01 15:31:39.294000+00:00,55.0,1251,1015.3,0.0,9655,23.6,2.0,2.5
19.5,2024-12-01 15:32:39.304000+00:00,55.0,1251,1015.4,0.0,9655,23.5,10.0,2.9
19.5,2024-12-01 15:33:39.296000+00:00,56.0,1251,1015.3,0.0,9655,23.5,4.0,2.5
19.5,2024-12-01 15:34:39.301000+00:00,56.0,1251,1015.3,0.0,9655,23.5,14.0,2.6
19.5,2024-12-01 15:35:39.302000+00:00,56.0,1251,1015.3,0.0,9655,23.4,12.0,2.9
19.5,2024-12-01 15:36:39.296000+00:00,56.0,1251,1015.4,0.0,9655,23.4,5.0,2.9
19.4,2024-12-01 15:37:39.297000+00:00,56.0,1251,1015.3,0.0,9655,23.4,25.0,3.2
19.4,2024-12-01 15:38:39.298000+00:00,56.0,1251,1015.4,0.0,9655,23.4,3.0,2.5
19.4,2024-12-01 15:39:39.298000+00:00,56.0,1251,1015.4,0.0,9655,23.4,16.0,2.5
19.4,2024-12-01 15:40:39.299000+00:00,55.0,1251,1015.3,0.0,9655,23.4,6.0,2.9
19.4,2024-12-01 15:41:39.300000+00:00,55.0,1251,1015.5,0.0,9655,23.4,339.0,3.0
19.4,2024-12-01 15:42:39.300000+00:00,55.0,1251,1015.3,0.0,9655,23.4,13.0,2.5
19.4,2024-12-01 15:43:39.301000+00:00,55.0,1251,1015.3,0.0,9655,23.3,11.0,2.5
19.4,2024-12-01 15:44:39.303000+00:00,55.0,1251,1015.3,0.0,9655,23.3,346.0,2.2
19.4,2024-12-01 15:45:39.305000+00:00,55.0,1251,1015.5,0.0,9655,23.3,12.0,1.9
19.3,2024-12-01 15:46:39.303000+00:00,55.0,1251,1015.5,0.0,9655,23.3,7.0,2.7
19.3,2024-12-01 15:47:39.319000+00:00,55.0,1251,1015.4,0.0,9655,23.3,6.0,2.2
19.3,2024-12-01 15:48:39.335000+00:00,55.0,1251,1015.5,0.0,9655,23.3,3.0,2.5
19.3,2024-12-01 15:49:39.337000+00:00,55.0,1251,1015.5,0.0,9655,23.3,3.0,2.3
19.3,2024-12-01 15:50:39.341000+00:00,55.0,1251,1015.5,0.0,9655,23.3,8.0,2.2
19.3,2024-12-01 15:51:39.353000+00:00,55.0,1251,1015.4,0.0,9655,23.2,1.0,2.4
19.3,2024-12-01 15:52:39.353000+00:00,55.0,1251,1015.5,0.0,9655,23.2,3.0,2.4
19.3,2024-12-01 15:53:39.373000+00:00,55.0,1251,1015.5,0.0,9655,23.2,5.0,2.1
19.3,2024-12-01 15:54:39.373000+00:00,55.0,1251,1015.5,0.0,9655,23.3,5.0,2.0
19.2,2024-12-01 15:55:39.386000+00:00,55.0,1251,1015.5,0.0,9655,23.2,12.0,2.0
19.2,2024-12-01 15:56:39.393000+00:00,55.0,1251,1015.4,0.0,9655,23.2,14.0,2.1
19.2,2024-12-01 15:57:39.431000+00:00,55.0,1251,1015.4,0.0,9655,23.2,12.0,2.3
19.2,2024-12-01 15:58:39.405000+00:00,55.0,1251,1015.5,0.0,9655,23.2,5.0,2.1
19.2,2024-12-01 15:59:39.421000+00:00,55.0,1251,1015.5,0.0,9655,23.1,357.0,1.9
19.2,2024-12-01 16:00:39.426000+00:00,55.0,1251,1015.5,0.0,9655,23.1,3.0,2.0
19.1,2024-12-01 16:01:39.441000+00:00,55.0,1251,1015.5,0.0,9655,23.1,0.0,2.0
19.1,2024-12-01 16:02:39.439000+00:00,55.0,1251,1015.5,0.0,9655,23.1,5.0,1.7
19.1,2024-12-01 16:03:39.439000+00:00,55.0,1251,1015.5,0.0,9655,23.0,18.0,1.8
19.1,2024-12-01 16:04:39.440000+00:00,54.0,1251,1015.5,0.0,9655,23.1,14.0,2.1
19.1,2024-12-01 16:05:39.441000+00:00,55.0,1251,1015.5,0.0,9655,23.0,8.0,2.4
19.1,2024-12-01 16:06:39.443000+00:00,54.0,1251,1015.5,0.0,9655,23.1,1.0,2.5
19.1,2024-12-01 16:07:39.443000+00:00,54.0,1251,1015.6,0.0,9655,23.0,20.0,1.8
19.1,2024-12-01 16:08:39.443000+00:00,55.0,1251,1015.5,0.0,9655,23.0,30.0,1.8
19.0,2024-12-01 16:09:39.443000+00:00,54.0,1251,1015.5,0.0,9655,23.0,338.0,1.5
19.0,2024-12-01 16:10:39.448000+00:00,54.0,1251,1015.5,0.0,9655,23.0,356.0,1.3
19.0,2024-12-01 16:11:39.444000+00:00,54.0,1251,1015.5,0.0,9655,23.0,1.0,0.8
19.0,2024-12-01 16:12:39.448000+00:00,54.0,1251,1015.5,0.0,9655,23.0,8.0,1.4
19.0,2024-12-01 16:13:39.447000+00:00,54.0,1251,1015.6,0.0,9655,22.9,12.0,2.2
19.0,2024-12-01 16:14:39.438000+00:00,54.0,1251,1015.6,0.0,9655,22.9,23.0,1.3
19.0,2024-12-01 16:15:39.459000+00:00,54.0,1251,1015.5,0.0,9655,22.9,27.0,1.0
19.0,2024-12-01 16:16:39.458000+00:00,54.0,1251,1015.5,0.0,9655,22.9,13.0,0.9
19.0,2024-12-01 16:17:39.454000+00:00,54.0,1251,1015.5,0.0,9655,22.9,0.0,1.0
19.0,2024-12-01 16:18:39.452000+00:00,54.0,1251,1015.5,0.0,9655,22.9,16.0,0.6
19.0,2024-12-01 16:19:39.451000+00:00,54.0,1251,1015.5,0.0,9655,22.9,336.0,1.3
19.0,2024-12-01 16:20:39.452000+00:00,55.0,1251,1015.5,0.0,9655,22.7,41.0,1.0
19.0,2024-12-01 16:21:39.457000+00:00,55.0,1251,1015.5,0.0,9655,22.7,4.0,0.6
19.0,2024-12-01 16:22:39.455000+00:00,55.0,1251,1015.6,0.0,9655,22.7,321.0,1.3
19.0,2024-12-01 16:23:39.456000+00:00,54.0,1251,1015.6,0.0,9655,22.7,27.0,1.4
19.0,2024-12-01 16:24:39.460000+00:00,55.0,1251,1015.6,0.0,9655,22.6,334.0,1.4
19.0,2024-12-01 16:25:39.456000+00:00,55.0,1251,1015.6,0.0,9655,22.7,0.0,0.8
18.9,2024-12-01 16:26:39.454000+00:00,55.0,1251,1015.6,0.0,9655,22.8,95.0,0.9
19.0,2024-12-01 16:27:39.454000+00:00,55.0,1251,1015.6,0.0,9655,22.7,15.0,1.0
18.9,2024-12-01 16:28:39.460000+00:00,55.0,1251,1015.6,0.0,9655,22.7,16.0,0.9
18.9,2024-12-01 16:29:39.462000+00:00,55.0,1251,1015.6,0.0,9655,22.5,39.0,1.1
18.9,2024-12-01 16:30:39.458000+00:00,55.0,1251,1015.6,0.0,9655,22.5,4.0,0.9
18.9,2024-12-01 16:31:39.465000+00:00,55.0,1251,1015.6,0.0,9655,22.6,22.0,1.7
18.9,2024-12-01 16:32:39.462000+00:00,55.0,1251,1015.5,0.0,9655,22.6,341.0,1.4
18.9,2024-12-01 16:33:39.460000+00:00,55.0,1251,1015.6,0.0,9655,22.5,32.0,1.3
18.9,2024-12-01 16:34:39.463000+00:00,55.0,1251,1015.6,0.0,9655,22.5,0.0,1.6
18.9,2024-12-01 16:35:39.470000+00:00,55.0,1251,1015.5,0.0,9655,22.5,17.0,1.1
18.8,2024-12-01 16:36:39.466000+00:00,55.0,1251,1015.7,0.0,9655,22.5,239.0,1.2
18.8,2024-12-01 16:37:39.468000+00:00,55.0,1251,1015.7,0.0,9655,22.7,347.0,0.7
18.8,2024-12-01 16:38:39.467000+00:00,55.0,1251,1015.6,0.0,9655,22.7,0.0,1.3
18.8,2024-12-01 16:39:39.469000+00:00,55.0,1251,1015.6,0.0,9655,22.7,66.0,0.5
18.8,2024-12-01 16:40:39.471000+00:00,55.0,1251,1015.6,0.0,9655,22.6,0.0,0.5
18.8,2024-12-01 16:41:39.466000+00:00,55.0,1251,1015.6,0.0,9655,22.6,15.0,1.0
18.8,2024-12-01 16:42:39.466000+00:00,55.0,1251,1015.7,0.0,9655,22.6,77.0,0.9
18.8,2024-12-01 16:43:39.467000+00:00,55.0,1251,1015.6,0.0,9655,22.5,3.0,1.2
18.7,2024-12-01 16:44:39.471000+00:00,56.0,1251,1015.6,0.0,9655,22.5,338.0,1.0
18.7,2024-12-01 16:45:39.468000+00:00,56.0,1251,1015.6,0.0,9655,22.4,330.0,1.6
18.7,2024-12-01 16:46:39.472000+00:00,56.0,1251,1015.7,0.0,9655,22.3,33.0,0.9
18.7,2024-12-01 16:47:39.472000+00:00,56.0,1251,1015.7,0.0,9655,22.2,33.0,1.5
18.6,2024-12-01 16:48:39.474000+00:00,56.0,1251,1015.7,0.0,9655,22.5,25.0,1.2
18.6,2024-12-01 16:49:39.472000+00:00,56.0,1251,1015.7,0.0,9655,22.5,28.0,1.2
18.6,2024-12-01 16:50:39.482000+00:00,56.0,1251,1015.6,0.0,9655,22.4,300.0,1.3
18.6,2024-12-01 16:51:39.472000+00:00,56.0,1251,1015.6,0.0,9655,22.3,36.0,1.4
18.6,2024-12-01 16:52:39.483000+00:00,57.0,1251,1015.7,0.0,9655,22.3,11.0,1.4
18.5,2024-12-01 16:53:39.473000+00:00,57.0,1251,1015.7,0.0,9655,22.3,25.0,1.2
18.5,2024-12-01 16:54:39.480000+00:00,57.0,1251,1015.6,0.0,9655,22.1,12.0,1.1
18.5,2024-12-01 16:55:39.482000+00:00,57.0,1251,1015.7,0.0,9655,22.1,355.0,1.4
18.5,2024-12-01 16:56:39.476000+00:00,57.0,1251,1015.7,0.0,9655,22.1,28.0,0.8
18.5,2024-12-01 16:57:39.481000+00:00,58.0,1251,1015.7,0.0,9655,22.1,302.0,0.9
18.5,2024-12-01 16:58:39.479000+00:00,58.0,1251,1015.6,0.0,9655,22.1,141.0,1.2
18.5,2024-12-01 16:59:39.483000+00:00,58.0,1251,1015.6,0.0,9655,22.2,355.0,1.1
18.4,2024-12-01 17:00:39.483000+00:00,59.0,1251,1015.7,0.0,9655,22.1,0.0,1.5
18.4,2024-12-01 17:01:39.482000+00:00,59.0,1251,1015.6,0.0,9655,22.1,350.0,0.9
18.4,2024-12-01 17:02:39.495000+00:00,59.0,1251,1015.7,0.0,9655,22.3,56.0,1.1
18.5,2024-12-01 17:03:39.500000+00:00,59.0,1251,1015.7,0.0,9655,22.2,340.0,1.3
18.5,2024-12-01 17:04:39.512000+00:00,59.0,1251,1015.7,0.0,9655,22.2,50.0,1.1
18.5,2024-12-01 17:05:39.535000+00:00,59.0,1251,1015.7,0.0,9655,22.2,14.0,1.1
18.5,2024-12-01 17:06:39.530000+00:00,59.0,1251,1015.6,0.0,9655,22.2,29.0,1.3
18.4,2024-12-01 17:07:39.537000+00:00,60.0,1251,1015.6,0.0,9655,22.3,35.0,1.7
18.4,2024-12-01 17:08:39.546000+00:00,60.0,1251,1015.6,0.0,9655,22.1,315.0,0.9
18.4,2024-12-01 17:09:39.562000+00:00,60.0,1251,1015.6,0.0,9655,22.1,72.0,0.9
18.4,2024-12-01 17:10:39.581000+00:00,61.0,1251,1015.7,0.0,9655,22.1,44.0,1.6
18.4,2024-12-01 17:11:39.584000+00:00,61.0,1251,1015.6,0.0,9655,22.1,0.0,1.1
18.4,2024-12-01 17:12:39.580000+00:00,61.0,1251,1015.7,0.0,9655,22.1,33.0,0.8
18.4,2024-12-01 17:13:39.581000+00:00,61.0,1251,1015.7,0.0,9655,22.1,212.0,1.4
18.4,2024-12-01 17:14:39.598000+00:00,61.0,1251,1015.6,0.0,9655,22.0,334.0,1.1
18.3,2024-12-01 17:15:39.605000+00:00,62.0,1251,1015.6,0.0,9655,22.0,14.0,1.7
18.3,2024-12-01 17:16:39.620000+00:00,62.0,1251,1015.7,0.0,9655,22.0,91.0,0.7
18.3,2024-12-01 17:17:39.615000+00:00,62.0,1251,1015.6,0.0,9655,22.0,31.0,1.4
18.3,2024-12-01 17:18:39.639000+00:00,62.0,1251,1015.6,0.0,9655,22.0,334.0,1.3
18.3,2024-12-01 17:19:39.619000+00:00,63.0,1251,1015.6,0.0,9655,22.0,58.0,1.4
18.3,2024-12-01 17:20:39.679000+00:00,63.0,1251,1015.5,0.0,9655,22.0,345.0,1.3
18.3,2024-12-01 17:21:39.619000+00:00,63.0,1251,1015.5,0.0,9655,21.9,2.0,1.2
18.3,2024-12-01 17:22:39.619000+00:00,63.0,1251,1015.5,0.0,9655,21.9,341.0,0.9
18.3,2024-12-01 17:23:39.622000+00:00,63.0,1251,1015.5,0.0,9655,22.0,17.0,1.0
18.3,2024-12-01 17:24:39.621000+00:00,63.0,1251,1015.5,0.0,9655,22.0,347.0,1.4
18.3,2024-12-01 17:25:39.625000+00:00,64.0,1251,1015.5,0.0,9655,21.9,325.0,1.2
18.3,2024-12-01 17:26:39.621000+00:00,64.0,1251,1015.5,0.0,9655,22.0,41.0,1.0
18.3,2024-12-01 17:27:39.626000+00:00,64.0,1251,1015.5,0.0,9655,21.9,162.0,1.2
18.3,2024-12-01 17:28:39.632000+00:00,64.0,1251,1015.4,0.0,9655,22.0,357.0,0.9
18.3,2024-12-01 17:29:39.623000+00:00,64.0,1251,1015.5,0.0,9655,22.0,318.0,1.4
18.2,2024-12-01 17:30:39.632000+00:00,64.0,1251,1015.5,0.0,9655,22.0,13.0,1.3
18.2,2024-12-01 17:31:39.625000+00:00,64.0,1251,1015.5,0.0,9655,22.0,304.0,1.5
18.3,2024-12-01 17:32:39.626000+00:00,64.0,1251,1015.6,0.0,9655,22.0,28.0,0.8
18.3,2024-12-01 17:33:39.626000+00:00,64.0,1251,1015.4,0.0,9655,22.0,347.0,1.6
18.3,2024-12-01 17:34:39.629000+00:00,64.0,1251,1015.5,0.0,9655,22.0,1.0,1.3
18.3,2024-12-01 17:35:39.631000+00:00,64.0,1251,1015.5,0.0,9655,21.9,332.0,1.4
18.3,2024-12-01 17:36:39.631000+00:00,65.0,1251,1015.5,0.0,9655,22.0,354.0,1.0
18.3,2024-12-01 17:37:39.630000+00:00,65.0,1251,1015.6,0.0,9655,21.9,38.0,1.5
18.3,2024-12-01 17:38:39.629000+00:00,65.0,1251,1015.6,0.0,9655,22.0,1.0,0.9
18.3,2024-12-01 17:39:39.635000+00:00,64.0,1251,1015.5,0.0,9655,21.9,56.0,1.8
27.8,2024-12-08 12:07:44.039000+00:00,42.0,1252,1017.3,0.0,9662,37.2,292.0,1.0
27.8,2024-12-08 12:08:44.037000+00:00,43.0,1252,1017.3,0.0,9662,37.1,304.0,2.7
27.7,2024-12-08 12:09:44.041000+00:00,43.0,1252,1017.2,0.0,9662,36.8,324.0,2.5
27.7,2024-12-08 12:10:44.057000+00:00,43.0,1252,1017.2,0.0,9662,36.8,277.0,2.0
27.6,2024-12-08 12:11:44.070000+00:00,44.0,1252,1017.2,0.0,9662,36.7,308.0,1.7
27.6,2024-12-08 12:12:44.074000+00:00,44.0,1252,1017.1,0.0,9662,36.2,103.0,2.4
27.6,2024-12-08 12:13:44.073000+00:00,44.0,1252,1017.3,0.0,9662,36.1,315.0,2.1
27.6,2024-12-08 12:14:44.074000+00:00,44.0,1252,1017.0,0.0,9662,36.1,287.0,2.4
27.6,2024-12-08 12:15:44.078000+00:00,44.0,1252,1017.1,0.0,9662,36.1,310.0,1.0
27.7,2024-12-08 12:16:44.089000+00:00,43.0,1252,1017.0,0.0,9662,36.1,109.0,2.5
27.8,2024-12-08 12:17:44.091000+00:00,43.0,1252,1017.1,0.0,9662,35.5,266.0,2.1
27.7,2024-12-08 12:18:44.091000+00:00,43.0,1252,1017.2,0.0,9662,35.5,314.0,1.7
27.6,2024-12-08 12:19:44.108000+00:00,44.0,1252,1017.1,0.0,9662,35.5,319.0,1.8
27.5,2024-12-08 12:20:44.125000+00:00,44.0,1252,1017.1,0.0,9662,35.1,320.0,1.3
27.6,2024-12-08 12:21:44.129000+00:00,44.0,1252,1017.1,0.0,9662,33.2,317.0,2.3
27.5,2024-12-08 12:22:44.142000+00:00,45.0,1252,1017.1,0.0,9662,33.1,0.0,1.8
27.5,2024-12-08 12:23:44.162000+00:00,45.0,1252,1017.1,0.0,9662,33.1,294.0,1.6
27.5,2024-12-08 12:24:44.165000+00:00,45.0,1252,1017.1,0.0,9662,33.8,0.0,1.4
27.5,2024-12-08 12:25:44.170000+00:00,46.0,1252,1017.1,0.0,9662,34.5,311.0,2.9
27.4,2024-12-08 12:26:44.162000+00:00,46.0,1252,1017.1,0.0,9662,34.5,315.0,2.3
27.4,2024-12-08 12:27:44.163000+00:00,47.0,1252,1017.1,0.0,9662,34.6,287.0,2.1
27.4,2024-12-08 12:28:44.162000+00:00,47.0,1252,1017.0,0.0,9662,34.6,296.0,1.0
27.5,2024-12-08 12:29:44.178000+00:00,47.0,1252,1017.0,0.0,9662,33.8,203.0,1.5
27.5,2024-12-08 12:30:44.178000+00:00,46.0,1252,1017.1,0.0,9662,33.9,297.0,1.5
27.5,2024-12-08 12:31:44.195000+00:00,45.0,1252,1017.0,0.0,9662,33.9,309.0,0.9
27.5,2024-12-08 12:32:44.210000+00:00,45.0,1252,1017.1,0.0,9662,34.0,177.0,1.9
27.5,2024-12-08 12:33:44.219000+00:00,45.0,1252,1017.0,0.0,9662,34.1,122.0,1.0
27.5,2024-12-08 12:34:44.214000+00:00,44.0,1252,1017.0,0.0,9662,34.5,108.0,2.1
27.5,2024-12-08 12:35:44.233000+00:00,44.0,1252,1017.0,0.0,9662,34.2,125.0,2.2
27.4,2024-12-08 12:36:44.229000+00:00,44.0,1252,1017.1,0.0,9662,32.0,110.0,1.9
27.4,2024-12-08 12:37:44.247000+00:00,45.0,1252,1017.0,0.0,9662,31.8,110.0,3.5
27.3,2024-12-08 12:38:44.247000+00:00,45.0,1252,1017.0,0.0,9662,32.5,113.0,3.6
27.3,2024-12-08 12:39:44.248000+00:00,46.0,1252,1017.1,0.0,9662,32.5,115.0,2.8
27.2,2024-12-08 12:40:44.254000+00:00,46.0,1252,1017.1,0.0,9662,31.2,107.0,2.9
27.3,2024-12-08 12:41:44.236000+00:00,46.0,1252,1017.1,0.0,9662,30.9,44.0,1.7
27.3,2024-12-08 12:42:44.252000+00:00,46.0,1252,1017.1,0.0,9662,31.3,110.0,1.9
27.3,2024-12-08 12:43:44.251000+00:00,45.0,1252,1017.0,0.0,9662,31.2,30.0,2.7
27.2,2024-12-08 12:44:44.251000+00:00,45.0,1252,1017.0,0.0,9662,30.8,111.0,2.2
27.2,2024-12-08 12:45:44.250000+00:00,46.0,1252,1017.1,0.0,9662,31.8,96.0,1.0
27.1,2024-12-08 12:46:44.254000+00:00,45.0,1252,1017.1,0.0,9662,33.9,0.0,0.6
27.2,2024-12-08 12:47:44.253000+00:00,45.0,1252,1017.0,0.0,9662,34.0,125.0,1.1
27.3,2024-12-08 12:48:44.253000+00:00,45.0,1252,1017.0,0.0,9662,32.6,111.0,2.0
27.2,2024-12-08 12:49:44.254000+00:00,45.0,1252,1016.9,0.0,9662,32.2,100.0,3.6
27.2,2024-12-08 12:50:44.269000+00:00,46.0,1252,1017.1,0.0,9662,33.1,110.0,3.2
27.1,2024-12-08 12:51:44.270000+00:00,47.0,1252,1017.1,0.0,9662,33.7,110.0,1.3
27.1,2024-12-08 12:52:44.286000+00:00,47.0,1252,1017.1,0.0,9662,33.0,117.0,2.2
27.1,2024-12-08 12:53:44.303000+00:00,47.0,1252,1017.1,0.0,9662,33.0,116.0,1.4
27.1,2024-12-08 12:54:44.319000+00:00,47.0,1252,1017.1,0.0,9662,33.0,87.0,1.8
27.1,2024-12-08 12:55:44.340000+00:00,47.0,1252,1017.1,0.0,9662,32.8,99.0,1.0
27.1,2024-12-08 12:56:44.351000+00:00,47.0,1252,1017.1,0.0,9662,32.8,122.0,1.3
27.1,2024-12-08 12:57:44.351000+00:00,47.0,1252,1017.1,0.0,9662,32.7,97.0,1.9
27.0,2024-12-08 12:58:44.355000+00:00,47.0,1252,1017.1,0.0,9662,32.7,97.0,1.8
27.0,2024-12-08 12:59:44.353000+00:00,47.0,1252,1017.1,0.0,9662,32.1,134.0,2.6
27.1,2024-12-08 13:00:44.360000+00:00,48.0,1252,1017.3,0.0,9662,32.0,110.0,2.6
27.0,2024-12-08 13:01:44.373000+00:00,49.0,1252,1017.3,0.0,9662,32.0,103.0,1.8
27.0,2024-12-08 13:02:44.373000+00:00,49.0,1252,1017.1,0.0,9662,32.1,104.0,2.3
27.0,2024-12-08 13:03:44.376000+00:00,49.0,1252,1017.2,0.0,9662,32.1,117.0,2.0
27.0,2024-12-08 13:04:44.377000+00:00,49.0,1252,1017.2,0.0,9662,32.2,54.0,1.5
27.0,2024-12-08 13:05:44.394000+00:00,49.0,1252,1017.2,0.0,9662,32.2,111.0,1.3
26.9,2024-12-08 13:06:44.391000+00:00,49.0,1252,1017.2,0.0,9662,31.8,91.0,2.0
27.0,2024-12-08 13:07:44.396000+00:00,49.0,1252,1017.2,0.0,9662,31.8,112.0,1.4
26.9,2024-12-08 13:08:44.415000+00:00,49.0,1252,1017.3,0.0,9662,31.8,115.0,2.6
26.9,2024-12-08 13:09:44.383000+00:00,50.0,1252,1017.2,0.0,9662,31.9,0.0,1.4
26.9,2024-12-08 13:10:44.397000+00:00,50.0,1252,1017.3,0.0,9662,31.7,112.0,0.8
26.8,2024-12-08 13:11:44.400000+00:00,50.0,1252,1017.4,0.0,9662,31.8,113.0,1.2
26.9,2024-12-08 13:12:44.403000+00:00,50.0,1252,1017.4,0.0,9662,31.8,277.0,1.7
26.8,2024-12-08 13:13:44.403000+00:00,50.0,1252,1017.3,0.0,9662,31.8,0.0,0.9
26.9,2024-12-08 13:14:44.402000+00:00,51.0,1252,1017.3,0.0,9662,31.9,117.0,1.3
26.9,2024-12-08 13:15:44.398000+00:00,51.0,1252,1017.4,0.0,9662,31.5,277.0,1.8
26.8,2024-12-08 13:16:44.405000+00:00,51.0,1252,1017.4,0.0,9662,31.6,96.0,1.4
26.8,2024-12-08 13:17:44.397000+00:00,51.0,1252,1017.4,0.0,9662,31.7,116.0,1.7
26.9,2024-12-08 13:18:44.405000+00:00,51.0,1252,1017.4,0.0,9662,31.7,113.0,1.4
26.9,2024-12-08 13:19:44.396000+00:00,51.0,1252,1017.4,0.0,9662,31.2,126.0,2.0
26.8,2024-12-08 13:20:44.403000+00:00,51.0,1252,1017.4,0.0,9662,31.5,250.0,2.1
26.8,2024-12-08 13:21:44.404000+00:00,52.0,1252,1017.4,0.0,9662,31.6,278.0,1.7
26.8,2024-12-08 13:22:44.407000+00:00,52.0,1252,1017.4,0.0,9662,31.6,112.0,1.5
26.8,2024-12-08 13:23:44.407000+00:00,52.0,1252,1017.5,0.0,9662,31.5,99.0,2.5
26.8,2024-12-08 13:24:44.483000+00:00,51.0,1252,1017.5,0.0,9662,31.3,129.0,1.8
26.8,2024-12-08 13:25:44.489000+00:00,52.0,1252,1017.4,0.0,9662,31.3,110.0,1.6
26.8,2024-12-08 13:26:44.500000+00:00,52.0,1252,1017.4,0.0,9662,31.3,110.0,1.6
26.7,2024-12-08 13:27:44.506000+00:00,52.0,1252,1017.4,0.0,9662,31.3,112.0,2.2
26.7,2024-12-08 13:28:44.520000+00:00,52.0,1252,1017.5,0.0,9662,31.2,276.0,1.8
26.6,2024-12-08 13:29:44.543000+00:00,52.0,1252,1017.5,0.0,9662,31.2,122.0,1.1
26.7,2024-12-08 13:30:44.535000+00:00,52.0,1252,1017.4,0.0,9662,31.3,129.0,1.0
26.7,2024-12-08 13:31:44.539000+00:00,52.0,1252,1017.4,0.0,9662,31.3,173.0,1.6
26.6,2024-12-08 13:32:44.533000+00:00,52.0,1252,1017.5,0.0,9662,31.4,107.0,1.1
26.7,2024-12-08 13:33:44.535000+00:00,52.0,1252,1017.5,0.0,9662,31.3,226.0,1.3
26.6,2024-12-08 13:34:44.542000+00:00,53.0,1252,1017.5,0.0,9662,31.2,0.0,1.5
26.6,2024-12-08 13:35:44.536000+00:00,53.0,1252,1017.5,0.0,9662,31.3,117.0,1.1
26.6,2024-12-08 13:36:44.539000+00:00,53.0,1252,1017.5,0.0,9662,31.0,108.0,2.2
26.5,2024-12-08 13:37:44.543000+00:00,53.0,1252,1017.5,0.0,9662,31.0,111.0,1.4
26.6,2024-12-08 13:38:44.539000+00:00,53.0,1252,1017.5,0.0,9662,31.1,106.0,1.6
26.5,2024-12-08 13:39:44.543000+00:00,53.0,1252,1017.6,0.0,9662,31.1,104.0,1.8
26.5,2024-12-08 13:40:44.545000+00:00,54.0,1252,1017.6,0.0,9662,30.9,44.0,0.8
26.5,2024-12-08 13:41:44.548000+00:00,54.0,1252,1017.6,0.0,9662,30.9,110.0,1.0
26.5,2024-12-08 13:42:44.551000+00:00,54.0,1252,1017.5,0.0,9662,30.9,110.0,1.3
26.5,2024-12-08 13:43:44.545000+00:00,54.0,1252,1017.6,0.0,9662,30.8,111.0,1.8
26.4,2024-12-08 13:44:44.544000+00:00,55.0,1252,1017.7,0.0,9662,30.8,122.0,1.7
26.4,2024-12-08 13:45:44.543000+00:00,55.0,1252,1017.7,0.0,9662,30.7,112.0,1.2
26.4,2024-12-08 13:46:44.550000+00:00,55.0,1252,1017.6,0.0,9662,30.8,102.0,1.4
26.4,2024-12-08 13:47:44.548000+00:00,55.0,1252,1017.6,0.0,9662,30.8,118.0,1.7
26.4,2024-12-08 13:48:44.554000+00:00,56.0,1252,1017.7,0.0,9662,30.8,110.0,2.8
26.4,2024-12-08 13:49:44.560000+00:00,56.0,1252,1017.6,0.0,9662,30.6,111.0,2.1
26.4,2024-12-08 13:50:44.549000+00:00,56.0,1252,1017.7,0.0,9662,30.5,103.0,1.8
26.4,2024-12-08 13:51:44.546000+00:00,56.0,1252,1017.6,0.0,9662,30.5,111.0,2.6
26.3,2024-12-08 13:52:44.551000+00:00,57.0,1252,1017.6,0.0,9662,30.5,105.0,3.0
26.3,2024-12-08 13:53:44.549000+00:00,57.0,1252,1017.7,0.0,9662,30.6,141.0,1.8
26.3,2024-12-08 13:54:44.551000+00:00,57.0,1252,1017.7,0.0,9662,30.4,145.0,1.2
26.3,2024-12-08 13:55:44.556000+00:00,57.0,1252,1017.6,0.0,9662,30.3,74.0,2.5
26.3,2024-12-08 13:56:44.552000+00:00,57.0,1252,1017.8,0.0,9662,30.4,106.0,2.4
26.3,2024-12-08 13:57:44.560000+00:00,57.0,1252,1017.8,0.0,9662,30.3,132.0,1.7
26.3,2024-12-08 13:58:44.560000+00:00,58.0,1252,1017.7,0.0,9662,30.3,112.0,2.0
26.3,2024-12-08 13:59:44.553000+00:00,58.0,1252,1017.7,0.0,9662,30.3,109.0,2.1
26.2,2024-12-08 14:00:44.553000+00:00,58.0,1252,1017.7,0.0,9662,30.4,98.0,1.7
26.2,2024-12-08 14:01:44.577000+00:00,58.0,1252,1017.7,0.0,9662,30.1,114.0,1.1
26.2,2024-12-08 14:02:44.570000+00:00,58.0,1252,1017.8,0.0,9662,30.2,104.0,3.3
26.1,2024-12-08 14:03:44.577000+00:00,58.0,1252,1017.8,0.0,9662,30.2,107.0,2.3
26.1,2024-12-08 14:04:44.575000+00:00,58.0,1252,1017.8,0.0,9662,30.1,65.0,1.9
26.2,2024-12-08 14:05:44.588000+00:00,58.0,1252,1017.8,0.0,9662,30.2,94.0,0.8
26.1,2024-12-08 14:06:44.602000+00:00,58.0,1252,1017.7,0.0,9662,30.0,117.0,1.9
26.1,2024-12-08 14:07:44.606000+00:00,58.0,1252,1017.6,0.0,9662,30.1,113.0,2.1
26.1,2024-12-08 14:08:44.605000+00:00,58.0,1252,1017.8,0.0,9662,30.1,196.0,1.7
26.1,2024-12-08 14:09:44.608000+00:00,58.0,1252,1017.8,0.0,9662,30.1,116.0,1.5
26.1,2024-12-08 14:10:44.624000+00:00,58.0,1252,1017.8,0.0,9662,30.0,111.0,2.4
26.1,2024-12-08 14:11:44.633000+00:00,58.0,1252,1017.7,0.0,9662,30.0,115.0,3.2
26.0,2024-12-08 14:12:44.646000+00:00,58.0,1252,1017.8,0.0,9662,29.8,113.0,3.0
26.0,2024-12-08 14:13:44.659000+00:00,59.0,1252,1017.8,0.0,9662,29.7,111.0,2.2
26.0,2024-12-08 14:14:44.664000+00:00,59.0,1252,1017.8,0.0,9662,29.7,111.0,1.6
26.0,2024-12-08 14:15:44.661000+00:00,59.0,1252,1017.9,0.0,9662,29.7,0.0,2.5
26.0,2024-12-08 14:16:44.666000+00:00,59.0,1252,1017.8,0.0,9662,29.6,111.0,1.7
26.0,2024-12-08 14:17:44.681000+00:00,59.0,1252,1017.9,0.0,9662,29.5,74.0,2.1
26.0,2024-12-08 14:18:44.678000+00:00,59.0,1252,1017.9,0.0,9662,29.6,109.0,2.1
26.0,2024-12-08 14:19:44.678000+00:00,59.0,1252,1017.9,0.0,9662,29.4,142.0,2.0
25.9,2024-12-08 14:20:44.703000+00:00,59.0,1252,1017.9,0.0,9662,29.4,109.0,2.8
25.9,2024-12-08 14:21:44.696000+00:00,59.0,1252,1017.9,0.0,9662,29.4,82.0,3.0
25.9,2024-12-08 14:22:44.700000+00:00,59.0,1252,1018.0,0.0,9662,29.4,113.0,2.7
25.9,2024-12-08 14:23:44.711000+00:00,60.0,1252,1017.8,0.0,9662,29.4,116.0,2.9
25.9,2024-12-08 14:24:44.704000+00:00,60.0,1252,1017.8,0.0,9662,29.3,109.0,2.0
25.9,2024-12-08 14:25:44.697000+00:00,60.0,1252,1017.9,0.0,9662,29.3,117.0,3.2
25.9,2024-12-08 14:26:44.698000+00:00,60.0,1252,1018.0,0.0,9662,29.4,106.0,2.4
25.9,2024-12-08 14:27:44.709000+00:00,60.0,1252,1018.0,0.0,9662,29.4,110.0,2.1
25.9,2024-12-08 14:28:44.707000+00:00,60.0,1252,1018.0,0.0,9662,29.4,104.0,2.4
25.9,2024-12-08 14:29:44.703000+00:00,60.0,1252,1018.0,0.0,9662,29.3,111.0,1.9
25.9,2024-12-08 14:30:44.728000+00:00,60.0,1252,1018.0,0.0,9662,29.3,122.0,2.6
25.9,2024-12-08 14:31:44.720000+00:00,60.0,1252,1018.0,0.0,9662,29.4,84.0,2.4
25.8,2024-12-08 14:32:44.720000+00:00,60.0,1252,1018.0,0.0,9662,29.4,34.0,1.2
25.8,2024-12-08 14:33:44.734000+00:00,60.0,1252,1018.0,0.0,9662,29.1,116.0,1.2
25.8,2024-12-08 14:34:44.784000+00:00,60.0,1252,1018.0,0.0,9662,29.1,116.0,1.2
15.8,2025-03-16 03:07:30.394000+00:00,91.0,1254,1009.2,1.0,9693,18.8,211.0,2.6
15.7,2025-03-16 03:08:30.395000+00:00,92.0,1254,1009.2,1.0,9693,18.8,273.0,2.6
15.7,2025-03-16 03:09:30.381000+00:00,92.0,1254,1009.0,1.0,9693,18.8,271.0,2.2
15.7,2025-03-16 03:10:30.395000+00:00,90.0,1254,1009.1,1.0,9693,18.8,261.0,5.3
15.7,2025-03-16 03:11:30.396000+00:00,90.0,1254,1009.4,1.0,9693,18.8,246.0,5.6
15.6,2025-03-16 03:12:30.385000+00:00,90.0,1254,1009.2,1.0,9693,18.8,264.0,3.9
15.6,2025-03-16 03:13:30.400000+00:00,90.0,1254,1009.2,1.0,9693,18.8,283.0,4.8
15.6,2025-03-16 03:14:30.385000+00:00,90.0,1254,1009.1,1.0,9693,18.8,267.0,3.2
15.6,2025-03-16 03:15:30.401000+00:00,90.0,1254,1009.3,1.0,9693,18.7,252.0,3.7
15.6,2025-03-16 03:16:30.403000+00:00,89.0,1254,1009.1,0.0,9693,18.7,274.0,3.4
15.6,2025-03-16 03:17:30.402000+00:00,89.0,1254,1009.3,0.0,9693,18.7,265.0,4.4
15.6,2025-03-16 03:18:30.425000+00:00,89.0,1254,1009.1,0.0,9693,18.7,269.0,4.6
15.6,2025-03-16 03:19:30.433000+00:00,88.0,1254,1009.2,0.0,9693,18.7,264.0,4.3
15.6,2025-03-16 03:20:30.444000+00:00,88.0,1254,1009.1,0.0,9693,18.7,275.0,5.1
15.6,2025-03-16 03:21:30.430000+00:00,88.0,1254,1009.4,0.0,9693,18.7,254.0,3.8
15.7,2025-03-16 03:22:30.449000+00:00,88.0,1254,1009.3,0.0,9693,18.7,256.0,3.2
15.7,2025-03-16 03:23:30.451000+00:00,88.0,1254,1009.2,0.0,9693,18.7,261.0,3.7
15.6,2025-03-16 03:24:30.440000+00:00,88.0,1254,1009.2,0.0,9693,18.7,267.0,2.9
15.6,2025-03-16 03:25:30.428000+00:00,87.0,1254,1009.1,0.0,9693,18.7,265.0,5.6
15.6,2025-03-16 03:26:30.433000+00:00,87.0,1254,1009.2,0.0,9693,18.7,258.0,4.1
15.6,2025-03-16 03:27:30.461000+00:00,87.0,1254,1009.3,0.0,9693,18.7,268.0,4.1
15.6,2025-03-16 03:28:30.450000+00:00,87.0,1254,1009.3,0.0,9693,18.7,245.0,4.5
15.6,2025-03-16 03:29:30.462000+00:00,87.0,1254,1009.3,0.0,9693,18.7,267.0,6.6
15.6,2025-03-16 03:30:30.480000+00:00,86.0,1254,1009.4,0.0,9693,18.7,280.0,5.3
15.5,2025-03-16 03:31:30.476000+00:00,86.0,1254,1009.2,1.0,9693,18.7,257.0,4.0
15.4,2025-03-16 03:32:30.491000+00:00,86.0,1254,1009.3,1.0,9693,18.7,267.0,6.9
15.4,2025-03-16 03:33:30.507000+00:00,87.0,1254,1009.6,1.0,9693,18.7,269.0,5.1
15.4,2025-03-16 03:34:30.534000+00:00,88.0,1254,1009.3,1.0,9693,18.7,255.0,5.9
15.3,2025-03-16 03:35:30.538000+00:00,87.0,1254,1009.4,1.0,9693,18.7,249.0,4.4
15.3,2025-03-16 03:36:30.588000+00:00,88.0,1254,1009.5,1.0,9693,18.7,254.0,4.3
15.2,2025-03-16 03:37:30.536000+00:00,88.0,1254,1009.8,1.0,9693,18.7,257.0,4.0
15.1,2025-03-16 03:38:30.538000+00:00,87.0,1254,1009.5,1.0,9693,18.5,250.0,3.3
15.1,2025-03-16 03:39:30.540000+00:00,87.0,1254,1009.8,0.0,9693,18.5,250.0,6.0
15.1,2025-03-16 03:40:30.543000+00:00,87.0,1254,1009.7,0.0,9693,18.5,255.0,3.0
15.1,2025-03-16 03:41:30.544000+00:00,87.0,1254,1009.6,1.0,9693,18.5,261.0,5.9
15.1,2025-03-16 03:42:30.540000+00:00,87.0,1254,1009.6,1.0,9693,18.5,261.0,5.9
15.2,2025-03-16 03:43:30.561000+00:00,87.0,1254,1009.7,1.0,9693,18.3,249.0,4.8
15.2,2025-03-16 03:44:30.568000+00:00,87.0,1254,1009.6,1.0,9693,18.3,263.0,4.0
15.2,2025-03-16 03:45:30.579000+00:00,87.0,1254,1009.6,1.0,9693,18.3,263.0,4.0
15.2,2025-03-16 03:46:30.584000+00:00,87.0,1254,1009.6,1.0,9693,18.3,285.0,4.3
15.2,2025-03-16 03:47:30.579000+00:00,87.0,1254,1009.5,1.0,9693,18.3,264.0,4.7
15.2,2025-03-16 03:48:30.588000+00:00,87.0,1254,1009.4,1.0,9693,18.3,221.0,4.5
15.2,2025-03-16 03:49:30.589000+00:00,87.0,1254,1009.2,0.0,9693,18.3,258.0,2.9
15.3,2025-03-16 03:50:30.594000+00:00,86.0,1254,1009.5,0.0,9693,18.6,250.0,6.1
15.2,2025-03-16 03:51:30.590000+00:00,87.0,1254,1009.5,0.0,9693,18.6,250.0,4.6
15.3,2025-03-16 03:52:30.597000+00:00,86.0,1254,1009.6,0.0,9693,18.6,253.0,5.1
15.2,2025-03-16 03:53:30.630000+00:00,85.0,1254,1009.3,0.0,9693,18.6,280.0,5.1
15.3,2025-03-16 03:54:30.630000+00:00,83.0,1254,1009.4,0.0,9693,18.7,286.0,3.8
15.2,2025-03-16 03:55:30.647000+00:00,83.0,1254,1009.5,0.0,9693,18.7,268.0,4.2
15.2,2025-03-16 03:56:30.651000+00:00,82.0,1254,1009.4,0.0,9693,18.7,277.0,4.1
15.2,2025-03-16 03:57:30.663000+00:00,81.0,1254,1009.5,0.0,9693,18.7,259.0,3.4
15.2,2025-03-16 03:58:30.648000+00:00,81.0,1254,1009.5,0.0,9693,18.7,276.0,3.6
15.1,2025-03-16 03:59:30.677000+00:00,80.0,1254,1009.5,0.0,9693,18.7,269.0,3.4
15.3,2025-03-16 04:00:30.653000+00:00,80.0,1254,1009.6,0.0,9693,18.7,273.0,2.7
15.3,2025-03-16 04:01:30.677000+00:00,79.0,1254,1009.5,0.0,9693,18.9,295.0,3.3
15.3,2025-03-16 04:02:30.711000+00:00,78.0,1254,1009.4,0.0,9693,18.9,285.0,2.1
15.4,2025-03-16 04:03:30.730000+00:00,76.0,1254,1009.5,0.0,9693,18.9,271.0,4.0
15.4,2025-03-16 04:04:30.727000+00:00,76.0,1254,1009.5,0.0,9693,18.9,256.0,3.7
15.4,2025-03-16 04:05:30.732000+00:00,74.0,1254,1009.5,0.0,9693,18.9,297.0,4.6
15.4,2025-03-16 04:06:30.713000+00:00,73.0,1254,1009.5,0.0,9693,18.9,275.0,4.1
15.4,2025-03-16 04:07:30.714000+00:00,73.0,1254,1009.4,0.0,9693,18.9,282.0,4.3
15.5,2025-03-16 04:08:30.714000+00:00,73.0,1254,1009.5,0.0,9693,18.9,263.0,3.3
15.6,2025-03-16 04:09:30.752000+00:00,75.0,1254,1009.5,0.0,9693,19.0,281.0,2.0
15.6,2025-03-16 04:10:30.767000+00:00,74.0,1254,1009.5,0.0,9693,19.0,208.0,5.6
15.6,2025-03-16 04:11:30.766000+00:00,74.0,1254,1009.6,0.0,9693,19.0,249.0,3.6
15.6,2025-03-16 04:12:30.788000+00:00,74.0,1254,1009.7,0.0,9693,19.0,286.0,3.1
15.6,2025-03-16 04:13:30.773000+00:00,75.0,1254,1009.8,0.0,9693,19.0,254.0,4.3
15.6,2025-03-16 04:14:30.785000+00:00,74.0,1254,1009.8,0.0,9693,19.0,257.0,5.1
15.7,2025-03-16 04:15:30.796000+00:00,74.0,1254,1009.8,0.0,9693,19.0,230.0,5.6
15.8,2025-03-16 04:16:30.790000+00:00,73.0,1254,1009.8,0.0,9693,19.0,254.0,5.1
15.7,2025-03-16 04:17:30.803000+00:00,74.0,1254,1009.8,0.0,9693,19.0,257.0,3.8
15.7,2025-03-16 04:18:30.825000+00:00,74.0,1254,1010.2,0.0,9693,19.2,253.0,3.9
15.8,2025-03-16 04:19:30.804000+00:00,74.0,1254,1010.0,0.0,9693,19.2,268.0,3.5
15.8,2025-03-16 04:20:30.825000+00:00,75.0,1254,1009.9,0.0,9693,19.2,264.0,3.7
15.8,2025-03-16 04:21:30.822000+00:00,75.0,1254,1010.0,1.0,9693,19.2,251.0,5.2
15.8,2025-03-16 04:22:30.840000+00:00,75.0,1254,1009.9,1.0,9693,19.2,301.0,4.6
15.8,2025-03-16 04:23:30.873000+00:00,76.0,1254,1009.9,0.0,9693,19.2,263.0,3.0
15.8,2025-03-16 04:24:30.865000+00:00,75.0,1254,1010.0,1.0,9693,19.2,266.0,5.1
15.8,2025-03-16 04:25:30.882000+00:00,73.0,1254,1009.9,1.0,9693,19.2,270.0,4.9
15.8,2025-03-16 04:26:30.890000+00:00,74.0,1254,1009.8,1.0,9693,19.0,278.0,3.3
15.8,2025-03-16 04:27:30.880000+00:00,76.0,1254,1009.9,1.0,9693,19.0,273.0,3.9
15.8,2025-03-16 04:28:30.906000+00:00,76.0,1254,1009.9,1.0,9693,19.0,264.0,3.4
15.9,2025-03-16 04:29:30.925000+00:00,76.0,1254,1010.1,1.0,9693,19.0,260.0,3.5
15.8,2025-03-16 04:30:30.910000+00:00,76.0,1254,1009.9,0.0,9693,19.0,260.0,2.6
15.8,2025-03-16 04:31:30.910000+00:00,75.0,1254,1010.0,0.0,9693,19.0,265.0,3.9
15.8,2025-03-16 04:32:30.936000+00:00,75.0,1254,1009.9,0.0,9693,19.0,258.0,3.7
15.9,2025-03-16 04:33:30.915000+00:00,76.0,1254,1010.0,0.0,9693,19.0,262.0,3.3
15.9,2025-03-16 04:34:30.932000+00:00,75.0,1254,1009.9,0.0,9693,19.1,255.0,4.7
15.9,2025-03-16 04:35:30.940000+00:00,75.0,1254,1009.8,0.0,9693,19.1,241.0,4.5
15.9,2025-03-16 04:36:30.944000+00:00,76.0,1254,1010.0,0.0,9693,19.1,288.0,1.9
15.9,2025-03-16 04:37:30.970000+00:00,74.0,1254,1009.9,0.0,9693,19.1,209.0,3.4
15.9,2025-03-16 04:38:30.954000+00:00,74.0,1254,1010.1,0.0,9693,19.1,282.0,4.1
15.9,2025-03-16 04:39:30.954000+00:00,76.0,1254,1010.0,0.0,9693,19.1,253.0,2.5
15.9,2025-03-16 04:40:30.957000+00:00,74.0,1254,1010.1,0.0,9693,19.1,239.0,4.3
16.0,2025-03-16 04:41:30.967000+00:00,74.0,1254,1010.2,0.0,9693,19.1,259.0,3.6
16.0,2025-03-16 04:42:30.971000+00:00,75.0,1254,1010.1,0.0,9693,19.3,217.0,2.6
15.9,2025-03-16 04:43:30.999000+00:00,74.0,1254,1010.0,0.0,9693,19.3,240.0,3.1
16.0,2025-03-16 04:44:30.989000+00:00,75.0,1254,1010.1,0.0,9693,19.3,254.0,3.3
16.0,2025-03-16 04:45:31.015000+00:00,74.0,1254,1010.1,1.0,9693,19.3,175.0,3.4
16.0,2025-03-16 04:46:31.024000+00:00,75.0,1254,1010.2,1.0,9693,19.3,268.0,2.8
16.0,2025-03-16 04:47:31.059000+00:00,75.0,1254,1009.9,0.0,9693,19.3,250.0,2.3
16.0,2025-03-16 04:48:31.061000+00:00,73.0,1254,1010.0,1.0,9693,19.3,245.0,2.6
16.0,2025-03-16 04:49:31.073000+00:00,74.0,1254,1010.0,1.0,9693,19.3,268.0,2.2
16.1,2025-03-16 04:50:31.125000+00:00,74.0,1254,1009.9,1.0,9693,19.4,249.0,2.6
16.0,2025-03-16 04:51:31.135000+00:00,73.0,1254,1010.2,1.0,9693,19.4,282.0,3.8
16.0,2025-03-16 04:52:31.100000+00:00,74.0,1254,1010.1,1.0,9693,19.4,229.0,3.9
16.1,2025-03-16 04:53:31.100000+00:00,75.0,1254,1010.2,1.0,9693,19.4,273.0,1.9
16.0,2025-03-16 04:54:31.095000+00:00,74.0,1254,1010.1,1.0,9693,19.4,252.0,3.0
16.0,2025-03-16 04:55:31.082000+00:00,74.0,1254,1010.1,1.0,9693,19.4,278.0,3.7
16.0,2025-03-16 04:56:31.076000+00:00,75.0,1254,1010.2,1.0,9693,19.4,232.0,2.5
16.0,2025-03-16 04:57:31.098000+00:00,76.0,1254,1010.3,1.0,9693,19.2,242.0,3.8
15.9,2025-03-16 04:58:31.095000+00:00,75.0,1254,1010.3,1.0,9693,19.2,231.0,3.4
15.9,2025-03-16 04:59:31.089000+00:00,76.0,1254,1010.2,1.0,9693,19.2,283.0,2.4
15.9,2025-03-16 05:00:31.103000+00:00,76.0,1254,1010.2,1.0,9693,19.2,275.0,2.0
15.8,2025-03-16 05:01:31.100000+00:00,77.0,1254,1010.1,0.0,9693,19.2,257.0,2.6
15.7,2025-03-16 05:02:31.107000+00:00,75.0,1254,1010.1,0.0,9693,19.2,257.0,3.6
15.7,2025-03-16 05:03:31.105000+00:00,76.0,1254,1010.1,0.0,9693,19.2,257.0,3.7
15.7,2025-03-16 05:04:31.100000+00:00,78.0,1254,1010.2,1.0,9693,19.2,208.0,2.4
15.8,2025-03-16 05:05:31.103000+00:00,77.0,1254,1010.2,0.0,9693,19.2,270.0,3.1
15.7,2025-03-16 05:06:31.095000+00:00,77.0,1254,1010.1,0.0,9693,19.1,249.0,3.2
15.7,2025-03-16 05:07:31.101000+00:00,77.0,1254,1010.2,0.0,9693,19.1,229.0,2.5
15.7,2025-03-16 05:08:31.103000+00:00,78.0,1254,1010.1,0.0,9693,19.1,261.0,2.3
15.7,2025-03-16 05:09:31.136000+00:00,77.0,1254,1010.1,0.0,9693,19.1,250.0,2.7
15.7,2025-03-16 05:10:31.131000+00:00,77.0,1254,1010.1,0.0,9693,19.1,218.0,3.1
15.8,2025-03-16 05:11:31.143000+00:00,77.0,1254,1010.1,0.0,9693,19.1,256.0,2.5
15.8,2025-03-16 05:12:31.153000+00:00,77.0,1254,1010.1,0.0,9693,19.1,245.0,2.1
15.8,2025-03-16 05:13:31.157000+00:00,71.0,1254,1010.1,0.0,9693,19.1,248.0,4.4
15.9,2025-03-16 05:14:31.157000+00:00,71.0,1254,1010.1,0.0,9693,19.0,232.0,4.3
15.9,2025-03-16 05:15:31.196000+00:00,71.0,1254,1009.8,0.0,9693,19.0,267.0,1.2
16.1,2025-03-16 05:16:31.241000+00:00,71.0,1254,1010.1,0.0,9693,19.0,251.0,3.6
16.1,2025-03-16 05:17:31.252000+00:00,71.0,1254,1010.1,0.0,9693,19.0,296.0,2.9
16.1,2025-03-16 05:18:31.234000+00:00,70.0,1254,1010.2,0.0,9693,19.0,253.0,4.9
16.1,2025-03-16 05:19:31.237000+00:00,72.0,1254,1010.2,0.0,9693,19.0,267.0,2.5
16.1,2025-03-16 05:20:31.236000+00:00,71.0,1254,1010.3,0.0,9693,19.0,282.0,3.9
16.1,2025-03-16 05:21:31.239000+00:00,71.0,1254,1010.3,0.0,9693,19.2,259.0,3.7
16.2,2025-03-16 05:22:31.240000+00:00,70.0,1254,1010.3,0.0,9693,19.2,268.0,3.1
16.2,2025-03-16 05:23:31.241000+00:00,71.0,1254,1010.3,0.0,9693,19.2,239.0,3.3
16.3,2025-03-16 05:24:31.238000+00:00,71.0,1254,1010.3,0.0,9693,19.2,277.0,4.0
16.3,2025-03-16 05:25:31.269000+00:00,69.0,1254,1010.3,0.0,9693,19.2,253.0,3.2
16.3,2025-03-16 05:26:31.280000+00:00,68.0,1254,1010.3,0.0,9693,19.2,254.0,3.9
16.3,2025-03-16 05:27:31.279000+00:00,70.0,1254,1010.3,0.0,9693,19.2,258.0,3.5
16.4,2025-03-16 05:28:31.293000+00:00,69.0,1254,1010.3,0.0,9693,19.2,270.0,4.6
16.4,2025-03-16 05:29:31.280000+00:00,68.0,1254,1009.8,0.0,9693,19.2,265.0,3.7
16.4,2025-03-16 05:30:31.327000+00:00,68.0,1254,1010.3,0.0,9693,19.2,284.0,4.8
16.4,2025-03-16 05:31:31.340000+00:00,69.0,1254,1010.3,0.0,9693,19.3,255.0,3.6
16.5,2025-03-16 05:32:31.340000+00:00,70.0,1254,1010.4,0.0,9693,19.3,232.0,4.7
16.5,2025-03-16 05:33:31.317000+00:00,69.0,1254,1010.4,0.0,9693,19.3,262.0,3.9
16.6,2025-03-16 05:34:31.341000+00:00,68.0,1254,1010.6,0.0,9693,19.3,222.0,5.1
16.6,2025-03-16 05:35:31.344000+00:00,71.0,1254,1010.7,0.0,9693,19.3,280.0,2.2
16.6,2025-03-16 05:36:31.344000+00:00,75.0,1254,1010.5,0.0,9693,19.3,201.0,1.3
16.4,2025-03-16 05:37:31.345000+00:00,76.0,1254,1010.4,1.0,9693,19.3,166.0,2.5
16.1,2025-03-16 05:38:31.347000+00:00,77.0,1254,1010.3,1.0,9693,19.3,0.0,3.5
15.9,2025-03-16 05:39:31.324000+00:00,80.0,1254,1010.3,1.0,9693,19.3,141.0,1.4
15.7,2025-03-16 05:40:31.362000+00:00,80.0,1254,1010.4,1.0,9693,19.3,144.0,1.8
15.5,2025-03-16 05:41:31.361000+00:00,80.0,1254,1010.4,1.0,9693,19.3,132.0,2.1
15.3,2025-03-16 05:42:31.365000+00:00,80.0,1254,1010.5,1.0,9693,19.3,176.0,1.6
15.2,2025-03-16 05:43:31.378000+00:00,81.0,1254,1010.5,1.0,9693,18.8,166.0,1.3
15.1,2025-03-16 05:44:31.401000+00:00,81.0,1254,1010.5,1.0,9693,18.8,140.0,1.3
15.1,2025-03-16 05:45:31.405000+00:00,83.0,1254,1010.6,1.0,9693,18.8,238.0,0.7
15.1,2025-03-16 05:46:31.447000+00:00,82.0,1254,1010.6,0.0,9693,18.8,146.0,2.2
15.1,2025-03-16 05:47:31.446000+00:00,83.0,1254,1010.6,0.0,9693,18.8,96.0,1.3
15.1,2025-03-16 05:48:31.432000+00:00,83.0,1254,1010.6,0.0,9693,18.8,0.0,2.2
15.2,2025-03-16 05:49:31.475000+00:00,83.0,1254,1010.6,0.0,9693,18.8,196.0,1.5
15.1,2025-03-16 05:50:31.511000+00:00,81.0,1254,1010.5,0.0,9693,18.8,2.0,1.8
15.1,2025-03-16 05:51:31.492000+00:00,80.0,1254,1010.7,0.0,9693,18.8,139.0,1.5
15.1,2025-03-16 05:52:31.492000+00:00,78.0,1254,1010.6,0.0,9693,18.7,161.0,1.4
15.2,2025-03-16 05:53:31.584000+00:00,77.0,1254,1010.4,0.0,9693,18.7,161.0,1.6
15.4,2025-03-16 05:54:31.538000+00:00,77.0,1254,1010.6,0.0,9693,18.7,154.0,2.3
15.6,2025-03-16 05:55:31.539000+00:00,75.0,1254,1010.6,0.0,9693,18.7,228.0,2.6
15.8,2025-03-16 05:56:31.569000+00:00,76.0,1254,1010.4,0.0,9693,18.7,159.0,1.3
15.9,2025-03-16 05:57:31.598000+00:00,74.0,1254,1010.5,0.0,9693,18.7,199.0,1.5
16.0,2025-03-16 05:58:31.610000+00:00,71.0,1254,1010.5,0.0,9693,18.7,214.0,1.2
16.1,2025-03-16 05:59:31.614000+00:00,72.0,1254,1010.4,0.0,9693,18.7,156.0,0.8
16.1,2025-03-16 06:00:31.624000+00:00,72.0,1254,1010.4,0.0,9693,18.7,170.0,1.4
16.2,2025-03-16 06:01:31.643000+00:00,72.0,1254,1010.6,0.0,9693,18.7,216.0,2.4
16.2,2025-03-16 06:02:31.628000+00:00,71.0,1254,1010.4,0.0,9693,18.7,215.0,2.8
16.2,2025-03-16 06:03:31.638000+00:00,71.0,1254,1010.4,0.0,9693,18.7,215.0,2.8
16.2,2025-03-16 06:04:31.640000+00:00,71.0,1254,1010.4,0.0,9693,18.7,215.0,2.8
21.8,2025-03-22 02:19:13.231000+00:00,26.0,1255,1019.1,0.0,9993,33.0,239.0,3.1
21.9,2025-03-22 02:20:13.222000+00:00,26.0,1255,1019.1,0.0,9993,33.5,225.0,2.0
21.9,2025-03-22 02:21:13.223000+00:00,26.0,1255,1019.0,0.0,9993,33.5,228.0,1.5
22.0,2025-03-22 02:22:13.224000+00:00,26.0,1255,1019.0,0.0,9993,33.5,243.0,2.1
21.9,2025-03-22 02:23:13.230000+00:00,26.0,1255,1019.0,0.0,9993,33.5,239.0,2.4
21.9,2025-03-22 02:24:13.226000+00:00,26.0,1255,1019.0,0.0,9993,33.5,240.0,1.9
22.0,2025-03-22 02:25:13.224000+00:00,27.0,1255,1018.8,0.0,9993,33.5,223.0,1.9
22.0,2025-03-22 02:26:13.225000+00:00,26.0,1255,1018.9,0.0,9993,33.5,234.0,2.9
22.0,2025-03-22 02:27:13.225000+00:00,26.0,1255,1018.8,0.0,9993,33.5,234.0,2.1
22.0,2025-03-22 02:28:13.226000+00:00,26.0,1255,1018.9,0.0,9993,33.5,238.0,1.8
22.0,2025-03-22 02:29:13.232000+00:00,26.0,1255,1018.9,0.0,9993,33.5,235.0,2.1
22.0,2025-03-22 02:30:13.232000+00:00,26.0,1255,1018.8,0.0,9993,33.5,238.0,1.7
22.1,2025-03-22 02:31:13.227000+00:00,26.0,1255,1018.9,0.0,9993,33.5,216.0,2.4
22.2,2025-03-22 02:32:13.231000+00:00,25.0,1255,1018.9,0.0,9993,33.5,233.0,1.8
22.1,2025-03-22 02:33:13.230000+00:00,26.0,1255,1018.9,0.0,9993,33.5,230.0,1.9
22.1,2025-03-22 02:34:13.240000+00:00,26.0,1255,1018.9,0.0,9993,35.2,229.0,2.3
22.1,2025-03-22 02:35:13.235000+00:00,26.0,1255,1018.8,0.0,9993,35.2,236.0,2.3
22.2,2025-03-22 02:36:13.236000+00:00,26.0,1255,1018.8,0.0,9993,35.2,247.0,1.9
22.2,2025-03-22 02:37:13.239000+00:00,26.0,1255,1018.8,0.0,9993,35.2,261.0,2.1
22.3,2025-03-22 02:38:13.237000+00:00,26.0,1255,1018.8,0.0,9993,35.2,264.0,2.2
22.4,2025-03-22 02:39:13.234000+00:00,26.0,1255,1018.8,0.0,9993,35.2,230.0,1.3
22.4,2025-03-22 02:40:13.245000+00:00,26.0,1255,1018.8,0.0,9993,35.2,240.0,1.5
22.4,2025-03-22 02:41:13.238000+00:00,26.0,1255,1018.8,0.0,9993,35.2,212.0,1.7
22.4,2025-03-22 02:42:13.239000+00:00,26.0,1255,1018.8,0.0,9993,35.2,234.0,1.6
22.3,2025-03-22 02:43:13.239000+00:00,26.0,1255,1018.8,0.0,9993,35.2,243.0,2.0
22.3,2025-03-22 02:44:13.240000+00:00,26.0,1255,1018.8,0.0,9993,35.2,230.0,2.3
22.4,2025-03-22 02:45:13.241000+00:00,26.0,1255,1018.8,0.0,9993,35.2,232.0,2.1
22.4,2025-03-22 02:46:13.241000+00:00,26.0,1255,1018.7,0.0,9993,35.2,228.0,1.9
22.5,2025-03-22 02:47:13.244000+00:00,26.0,1255,1018.8,0.0,9993,35.2,237.0,2.0
22.6,2025-03-22 02:48:13.244000+00:00,26.0,1255,1018.8,0.0,9993,35.2,241.0,2.6
22.7,2025-03-22 02:49:13.247000+00:00,25.0,1255,1018.8,0.0,9993,35.2,236.0,2.5
22.6,2025-03-22 02:50:13.243000+00:00,25.0,1255,1018.7,0.0,9993,35.2,237.0,2.7
22.6,2025-03-22 02:51:13.243000+00:00,26.0,1255,1018.7,0.0,9993,35.2,239.0,2.5
22.6,2025-03-22 02:52:13.246000+00:00,26.0,1255,1018.7,0.0,9993,35.5,241.0,2.2
22.5,2025-03-22 02:53:13.238000+00:00,26.0,1255,1018.7,0.0,9993,35.5,239.0,2.1
22.6,2025-03-22 02:54:13.244000+00:00,25.0,1255,1018.8,0.0,9993,35.5,226.0,2.1
22.7,2025-03-22 02:55:13.249000+00:00,26.0,1255,1018.7,0.0,9993,35.5,226.0,2.0
22.6,2025-03-22 02:56:13.245000+00:00,26.0,1255,1018.7,0.0,9993,35.5,214.0,1.5
22.6,2025-03-22 02:57:13.249000+00:00,27.0,1255,1018.7,0.0,9993,35.5,234.0,0.9
22.5,2025-03-22 02:58:13.262000+00:00,27.0,1255,1018.7,0.0,9993,35.5,238.0,1.7
22.6,2025-03-22 02:59:13.273000+00:00,26.0,1255,1018.6,0.0,9993,35.5,246.0,1.8
22.7,2025-03-22 03:00:13.297000+00:00,27.0,1255,1018.7,0.0,9993,35.5,247.0,2.3
22.7,2025-03-22 03:01:13.300000+00:00,26.0,1255,1018.8,0.0,9993,35.5,247.0,2.0
22.8,2025-03-22 03:02:13.301000+00:00,26.0,1255,1018.8,0.0,9993,35.5,247.0,2.6
22.9,2025-03-22 03:03:13.297000+00:00,25.0,1255,1018.7,0.0,9993,36.5,238.0,2.9
23.0,2025-03-22 03:04:13.297000+00:00,25.0,1255,1018.7,0.0,9993,36.5,232.0,2.5
23.1,2025-03-22 03:05:13.321000+00:00,25.0,1255,1018.6,0.0,9993,36.5,201.0,2.4
23.1,2025-03-22 03:06:13.323000+00:00,26.0,1255,1018.7,0.0,9993,36.5,205.0,1.5
23.0,2025-03-22 03:07:13.343000+00:00,26.0,1255,1018.7,0.0,9993,36.5,0.0,1.7
23.0,2025-03-22 03:08:13.324000+00:00,26.0,1255,1018.7,0.0,9993,36.5,219.0,0.9
23.1,2025-03-22 03:09:13.354000+00:00,26.0,1255,1018.7,0.0,9993,36.5,163.0,1.9
23.3,2025-03-22 03:10:13.351000+00:00,26.0,1255,1018.5,0.0,9993,36.5,0.0,0.9
23.4,2025-03-22 03:11:13.343000+00:00,26.0,1255,1018.7,0.0,9993,36.5,260.0,1.2
23.5,2025-03-22 03:12:13.370000+00:00,25.0,1255,1018.7,0.0,9993,36.5,205.0,1.4
23.6,2025-03-22 03:13:13.375000+00:00,25.0,1255,1018.6,0.0,9993,36.5,236.0,1.7
23.4,2025-03-22 03:14:13.391000+00:00,25.0,1255,1018.6,0.0,9993,36.5,232.0,1.1
23.4,2025-03-22 03:15:13.389000+00:00,25.0,1255,1018.6,0.0,9993,36.5,141.0,0.9
23.4,2025-03-22 03:16:13.401000+00:00,25.0,1255,1018.6,0.0,9993,36.5,269.0,1.4
23.4,2025-03-22 03:17:13.427000+00:00,25.0,1255,1018.6,0.0,9993,36.5,200.0,2.6
23.4,2025-03-22 03:18:13.424000+00:00,25.0,1255,1018.6,0.0,9993,36.5,257.0,1.0
23.4,2025-03-22 03:19:13.447000+00:00,25.0,1255,1018.5,0.0,9993,36.5,279.0,1.1
23.5,2025-03-22 03:20:13.430000+00:00,25.0,1255,1018.5,0.0,9993,36.5,201.0,1.2
23.4,2025-03-22 03:21:13.441000+00:00,25.0,1255,1018.5,0.0,9993,36.8,294.0,0.8
23.3,2025-03-22 03:22:13.438000+00:00,25.0,1255,1018.5,0.0,9993,36.8,216.0,0.8
23.3,2025-03-22 03:23:13.431000+00:00,25.0,1255,1018.4,0.0,9993,36.8,248.0,0.5
23.4,2025-03-22 03:24:13.446000+00:00,26.0,1255,1018.4,0.0,9993,36.8,208.0,1.1
23.5,2025-03-22 03:25:13.434000+00:00,25.0,1255,1018.5,0.0,9993,36.8,292.0,1.2
23.6,2025-03-22 03:26:13.432000+00:00,25.0,1255,1018.3,0.0,9993,36.8,245.0,1.6
23.6,2025-03-22 03:27:13.433000+00:00,25.0,1255,1018.4,0.0,9993,36.8,252.0,1.5
23.7,2025-03-22 03:28:13.433000+00:00,25.0,1255,1018.4,0.0,9993,36.8,210.0,2.2
23.7,2025-03-22 03:29:13.451000+00:00,25.0,1255,1018.5,0.0,9993,36.8,269.0,1.8
23.8,2025-03-22 03:30:13.441000+00:00,25.0,1255,1018.2,0.0,9993,36.8,83.0,1.5
23.9,2025-03-22 03:31:13.451000+00:00,25.0,1255,1018.3,0.0,9993,36.8,258.0,1.3
23.9,2025-03-22 03:32:13.442000+00:00,24.0,1255,1018.3,0.0,9993,36.8,213.0,1.0
23.9,2025-03-22 03:33:13.478000+00:00,24.0,1255,1018.2,0.0,9993,36.8,90.0,1.1
24.0,2025-03-22 03:34:13.502000+00:00,25.0,1255,1018.2,0.0,9993,37.1,212.0,0.7
24.0,2025-03-22 03:35:13.498000+00:00,25.0,1255,1018.2,0.0,9993,37.1,73.0,1.0
23.9,2025-03-22 03:36:13.498000+00:00,24.0,1255,1018.3,0.0,9993,37.5,84.0,0.8
24.0,2025-03-22 03:37:13.487000+00:00,23.0,1255,1018.2,0.0,9993,37.5,253.0,0.8
24.0,2025-03-22 03:38:13.496000+00:00,22.0,1255,1018.1,0.0,9993,36.8,230.0,0.6
24.0,2025-03-22 03:39:13.492000+00:00,23.0,1255,1018.1,0.0,9993,36.8,253.0,1.3
24.0,2025-03-22 03:40:13.489000+00:00,23.0,1255,1018.1,0.0,9993,37.0,226.0,2.3
24.0,2025-03-22 03:41:13.514000+00:00,23.0,1255,1018.1,0.0,9993,37.1,228.0,2.3
23.9,2025-03-22 03:42:13.532000+00:00,24.0,1255,1018.2,0.0,9993,37.1,260.0,3.3
27.5,2025-03-23 06:05:20.723000+00:00,16.0,1255,1011.2,0.0,9998,42.2,230.0,2.7
27.5,2025-03-23 06:06:20.723000+00:00,16.0,1255,1011.3,0.0,9998,42.2,258.0,2.6
27.6,2025-03-23 06:07:20.744000+00:00,16.0,1255,1011.3,0.0,9998,42.5,244.0,2.1
27.6,2025-03-23 06:08:20.754000+00:00,16.0,1255,1011.3,0.0,9998,42.6,254.0,2.1
27.7,2025-03-23 06:09:20.776000+00:00,16.0,1255,1011.3,0.0,9998,42.7,248.0,3.3
27.7,2025-03-23 06:10:20.774000+00:00,15.0,1255,1011.4,0.0,9998,42.9,247.0,3.2
27.8,2025-03-23 06:11:20.775000+00:00,15.0,1255,1011.2,0.0,9998,43.0,256.0,2.4
27.8,2025-03-23 06:12:20.794000+00:00,15.0,1255,1011.2,0.0,9998,43.0,242.0,1.9
27.8,2025-03-23 06:13:20.794000+00:00,15.0,1255,1011.2,0.0,9998,43.0,229.0,1.5
27.8,2025-03-23 06:14:20.776000+00:00,15.0,1255,1011.1,0.0,9998,43.0,250.0,0.9
27.9,2025-03-23 06:15:20.778000+00:00,15.0,1255,1011.1,0.0,9998,42.5,232.0,0.7
28.0,2025-03-23 06:16:20.785000+00:00,15.0,1255,1011.3,0.0,9998,42.4,233.0,1.5
28.1,2025-03-23 06:17:20.800000+00:00,15.0,1255,1011.2,0.0,9998,42.5,261.0,2.1
28.1,2025-03-23 06:18:20.797000+00:00,15.0,1255,1011.2,0.0,9998,42.7,240.0,2.2
28.1,2025-03-23 06:19:20.790000+00:00,15.0,1255,1011.1,0.0,9998,42.7,239.0,1.4
28.0,2025-03-23 06:20:20.799000+00:00,14.0,1255,1011.1,0.0,9998,42.7,237.0,2.7
27.9,2025-03-23 06:21:20.799000+00:00,15.0,1255,1011.0,0.0,9998,42.4,237.0,2.3
27.7,2025-03-23 06:22:20.783000+00:00,15.0,1255,1011.0,0.0,9998,42.4,253.0,2.2
27.8,2025-03-23 06:23:20.797000+00:00,15.0,1255,1011.0,0.0,9998,41.9,265.0,1.9
27.7,2025-03-23 06:24:20.802000+00:00,15.0,1255,1011.0,0.0,9998,41.8,239.0,2.2
27.7,2025-03-23 06:25:20.802000+00:00,15.0,1255,1011.0,0.0,9998,41.2,220.0,2.1
27.8,2025-03-23 06:26:20.805000+00:00,15.0,1255,1010.9,0.0,9998,40.5,222.0,2.0
27.8,2025-03-23 06:27:20.803000+00:00,15.0,1255,1010.9,0.0,9998,40.2,240.0,2.8
27.7,2025-03-23 06:28:20.802000+00:00,16.0,1255,1010.8,0.0,9998,39.9,237.0,2.4
27.6,2025-03-23 06:29:20.802000+00:00,16.0,1255,1010.9,0.0,9998,39.9,235.0,2.3
27.6,2025-03-23 06:30:20.822000+00:00,16.0,1255,1010.8,0.0,9998,40.2,247.0,2.2
27.6,2025-03-23 06:31:20.847000+00:00,16.0,1255,1010.8,0.0,9998,40.2,252.0,2.1
27.5,2025-03-23 06:32:20.842000+00:00,16.0,1255,1010.9,0.0,9998,39.4,235.0,2.9
27.6,2025-03-23 06:33:20.843000+00:00,16.0,1255,1010.8,0.0,9998,38.9,249.0,2.3
27.6,2025-03-23 06:34:20.859000+00:00,16.0,1255,1010.7,0.0,9998,38.6,248.0,1.6
27.5,2025-03-23 06:35:20.859000+00:00,16.0,1255,1010.8,0.0,9998,38.6,239.0,2.7
27.4,2025-03-23 06:36:20.876000+00:00,16.0,1255,1010.8,0.0,9998,38.5,244.0,2.7
27.2,2025-03-23 06:37:20.874000+00:00,17.0,1255,1010.7,0.0,9998,38.5,266.0,2.3
27.2,2025-03-23 06:38:20.891000+00:00,17.0,1255,1010.8,0.0,9998,38.5,249.0,2.4
27.3,2025-03-23 06:39:20.899000+00:00,17.0,1255,1010.8,0.0,9998,38.3,244.0,2.3
27.3,2025-03-23 06:40:20.903000+00:00,17.0,1255,1010.8,0.0,9998,38.2,258.0,2.5
27.3,2025-03-23 06:41:20.902000+00:00,17.0,1255,1010.7,0.0,9998,38.0,245.0,2.1
27.3,2025-03-23 06:42:20.908000+00:00,17.0,1255,1010.7,0.0,9998,37.9,280.0,2.2
27.3,2025-03-23 06:43:20.908000+00:00,17.0,1255,1010.6,0.0,9998,37.8,244.0,2.8
27.2,2025-03-23 06:44:20.912000+00:00,18.0,1255,1010.6,0.0,9998,37.8,234.0,1.3
27.1,2025-03-23 06:45:20.912000+00:00,18.0,1255,1010.6,0.0,9998,37.7,257.0,1.0
27.3,2025-03-23 06:46:20.916000+00:00,17.0,1255,1010.6,0.0,9998,37.2,231.0,1.6
27.4,2025-03-23 06:47:20.941000+00:00,18.0,1255,1010.5,0.0,9998,37.2,240.0,1.8
27.4,2025-03-23 06:48:20.954000+00:00,17.0,1255,1010.5,0.0,9998,37.2,246.0,1.9
27.4,2025-03-23 06:49:20.942000+00:00,17.0,1255,1010.6,0.0,9998,36.8,252.0,1.7
27.4,2025-03-23 06:50:20.956000+00:00,17.0,1255,1010.6,0.0,9998,37.4,268.0,2.2
27.4,2025-03-23 06:51:20.939000+00:00,17.0,1255,1010.5,0.0,9998,37.5,280.0,3.3
27.4,2025-03-23 06:52:20.940000+00:00,17.0,1255,1010.6,0.0,9998,37.4,234.0,2.9
27.3,2025-03-23 06:53:20.940000+00:00,17.0,1255,1010.5,0.0,9998,37.4,260.0,2.2
27.2,2025-03-23 06:54:20.946000+00:00,17.0,1255,1010.6,0.0,9998,37.4,251.0,3.0
27.3,2025-03-23 06:55:20.944000+00:00,17.0,1255,1010.5,0.0,9998,37.3,251.0,4.0
27.3,2025-03-23 06:56:20.942000+00:00,17.0,1255,1010.5,0.0,9998,37.2,241.0,3.1
27.3,2025-03-23 06:57:20.964000+00:00,17.0,1255,1010.4,0.0,9998,36.8,249.0,2.9
27.3,2025-03-23 06:58:20.949000+00:00,17.0,1255,1010.5,0.0,9998,35.0,240.0,2.7
27.3,2025-03-23 06:59:20.945000+00:00,18.0,1255,1010.4,0.0,9998,36.1,238.0,2.6
27.3,2025-03-23 07:00:20.948000+00:00,18.0,1255,1010.4,0.0,9998,36.1,242.0,2.1
27.3,2025-03-23 07:01:20.966000+00:00,18.0,1255,1010.3,0.0,9998,36.0,272.0,2.0
27.3,2025-03-23 07:02:20.946000+00:00,18.0,1255,1010.4,0.0,9998,35.9,257.0,1.7
27.3,2025-03-23 07:03:20.949000+00:00,18.0,1255,1010.4,0.0,9998,35.9,261.0,1.8
27.3,2025-03-23 07:04:20.964000+00:00,18.0,1255,1010.4,0.0,9998,35.8,249.0,1.8
27.3,2025-03-23 07:05:20.956000+00:00,18.0,1255,1010.4,0.0,9998,35.6,264.0,2.2
27.4,2025-03-23 07:06:20.951000+00:00,18.0,1255,1010.4,0.0,9998,35.6,233.0,2.7
27.4,2025-03-23 07:07:20.962000+00:00,18.0,1255,1010.4,0.0,9998,35.5,254.0,2.9
27.3,2025-03-23 07:08:20.955000+00:00,18.0,1255,1010.4,0.0,9998,35.1,259.0,3.0
27.3,2025-03-23 07:09:20.968000+00:00,18.0,1255,1010.4,0.0,9998,35.0,258.0,3.0
27.4,2025-03-23 07:10:20.993000+00:00,18.0,1255,1010.3,0.0,9998,35.0,243.0,3.0
27.3,2025-03-23 07:11:21.022000+00:00,18.0,1255,1010.3,0.0,9998,34.9,238.0,2.0
27.3,2025-03-23 07:12:21.025000+00:00,18.0,1255,1010.3,0.0,9998,34.9,0.0,2.4
27.3,2025-03-23 07:13:21.043000+00:00,18.0,1255,1010.3,0.0,9998,35.0,252.0,1.8
27.3,2025-03-23 07:14:21.053000+00:00,18.0,1255,1010.2,0.0,9998,35.0,207.0,1.2
27.4,2025-03-23 07:15:21.059000+00:00,18.0,1255,1010.2,0.0,9998,35.3,257.0,2.1
27.4,2025-03-23 07:16:21.078000+00:00,18.0,1255,1010.3,0.0,9998,35.4,248.0,1.0
27.5,2025-03-23 07:17:21.077000+00:00,17.0,1255,1010.3,0.0,9998,35.4,244.0,2.8
27.5,2025-03-23 07:18:21.079000+00:00,18.0,1255,1010.3,0.0,9998,35.3,216.0,2.3
27.5,2025-03-23 07:19:21.096000+00:00,18.0,1255,1010.2,0.0,9998,35.3,252.0,2.2
27.5,2025-03-23 07:20:21.098000+00:00,17.0,1255,1010.3,0.0,9998,35.0,179.0,3.2
27.5,2025-03-23 07:21:21.097000+00:00,18.0,1255,1010.3,0.0,9998,35.0,237.0,1.9
27.6,2025-03-23 07:22:21.093000+00:00,17.0,1255,1010.2,0.0,9998,34.6,252.0,2.7
27.6,2025-03-23 07:23:21.099000+00:00,18.0,1255,1010.2,0.0,9998,34.5,248.0,1.9
27.5,2025-03-23 07:24:21.098000+00:00,18.0,1255,1010.2,0.0,9998,34.4,239.0,2.3
27.4,2025-03-23 07:25:21.100000+00:00,18.0,1255,1010.2,0.0,9998,34.4,253.0,3.0
27.4,2025-03-23 07:26:21.101000+00:00,18.0,1255,1010.2,0.0,9998,34.2,245.0,2.8
27.3,2025-03-23 07:27:21.099000+00:00,18.0,1255,1010.2,0.0,9998,34.1,254.0,2.8
27.2,2025-03-23 07:28:21.108000+00:00,18.0,1255,1010.2,0.0,9998,34.0,245.0,3.1
27.2,2025-03-23 07:29:21.129000+00:00,18.0,1255,1010.1,0.0,9998,33.9,234.0,2.3
27.1,2025-03-23 07:30:21.147000+00:00,18.0,1255,1010.2,0.0,9998,33.9,247.0,2.0
27.2,2025-03-23 07:31:21.158000+00:00,18.0,1255,1010.1,0.0,9998,34.6,248.0,2.0
27.2,2025-03-23 07:32:21.160000+00:00,18.0,1255,1010.1,0.0,9998,34.7,229.0,1.6
27.3,2025-03-23 07:33:21.182000+00:00,18.0,1255,1010.1,0.0,9998,34.8,250.0,2.5
27.3,2025-03-23 07:34:21.185000+00:00,19.0,1255,1010.1,0.0,9998,34.8,188.0,1.2
27.3,2025-03-23 07:35:21.185000+00:00,19.0,1255,1010.2,0.0,9998,34.8,246.0,2.1
27.4,2025-03-23 07:36:21.201000+00:00,18.0,1255,1010.1,0.0,9998,35.0,256.0,2.3
27.4,2025-03-23 07:37:21.190000+00:00,19.0,1255,1010.1,0.0,9998,35.2,261.0,3.0
27.4,2025-03-23 07:38:21.204000+00:00,18.0,1255,1010.1,0.0,9998,35.3,237.0,4.3
27.4,2025-03-23 07:39:21.205000+00:00,18.0,1255,1010.1,0.0,9998,35.6,242.0,3.3
27.4,2025-03-23 07:40:21.206000+00:00,18.0,1255,1010.1,0.0,9998,35.6,243.0,2.8
27.4,2025-03-23 07:41:21.213000+00:00,19.0,1255,1010.1,0.0,9998,35.6,247.0,2.3
27.4,2025-03-23 07:42:21.194000+00:00,19.0,1255,1010.0,0.0,9998,35.6,246.0,2.5
27.4,2025-03-23 07:43:21.194000+00:00,19.0,1255,1010.1,0.0,9998,35.6,263.0,1.8
27.4,2025-03-23 07:44:21.215000+00:00,19.0,1255,1010.1,0.0,9998,35.4,260.0,2.0
27.4,2025-03-23 07:45:21.235000+00:00,19.0,1255,1010.1,0.0,9998,35.3,257.0,2.8
27.5,2025-03-23 07:46:21.236000+00:00,19.0,1255,1010.1,0.0,9998,35.0,247.0,3.1
27.5,2025-03-23 07:47:21.240000+00:00,19.0,1255,1010.1,0.0,9998,34.7,248.0,3.6
27.3,2025-03-23 07:48:21.225000+00:00,19.0,1255,1010.1,0.0,9998,34.4,243.0,3.2
27.1,2025-03-23 07:49:21.279000+00:00,19.0,1255,1010.2,0.0,9998,34.3,241.0,3.2
27.1,2025-03-23 07:50:21.248000+00:00,19.0,1255,1010.2,0.0,9998,34.1,246.0,3.2
27.0,2025-03-23 07:51:21.292000+00:00,19.0,1255,1010.2,0.0,9998,33.9,250.0,2.9
26.9,2025-03-23 07:52:21.276000+00:00,20.0,1255,1010.2,0.0,9998,33.8,256.0,2.2
26.9,2025-03-23 07:53:21.286000+00:00,20.0,1255,1010.2,0.0,9998,33.7,232.0,2.5
26.9,2025-03-23 07:54:21.294000+00:00,20.0,1255,1010.1,0.0,9998,33.7,245.0,2.0
27.0,2025-03-23 07:55:21.290000+00:00,20.0,1255,1010.1,0.0,9998,33.5,258.0,3.2
26.9,2025-03-23 07:56:21.291000+00:00,20.0,1255,1010.2,0.0,9998,33.3,254.0,3.5
26.8,2025-03-23 07:57:21.295000+00:00,20.0,1255,1010.1,0.0,9998,33.2,269.0,2.8
26.8,2025-03-23 07:58:21.290000+00:00,20.0,1255,1010.1,0.0,9998,33.2,264.0,2.4
26.8,2025-03-23 07:59:21.356000+00:00,20.0,1255,1010.1,0.0,9998,33.1,246.0,2.5
26.8,2025-03-23 08:00:21.315000+00:00,20.0,1255,1010.1,0.0,9998,33.0,261.0,1.8
26.8,2025-03-23 08:01:21.319000+00:00,20.0,1255,1010.2,0.0,9998,33.0,239.0,1.6
26.8,2025-03-23 08:02:21.333000+00:00,20.0,1255,1010.2,0.0,9998,32.9,249.0,2.9
26.8,2025-03-23 08:03:21.337000+00:00,20.0,1255,1010.1,0.0,9998,32.9,268.0,2.6
26.8,2025-03-23 08:04:21.344000+00:00,20.0,1255,1010.1,0.0,9998,32.8,261.0,2.1
26.8,2025-03-23 08:05:21.325000+00:00,21.0,1255,1010.2,0.0,9998,32.7,256.0,1.2
26.8,2025-03-23 08:06:21.343000+00:00,20.0,1255,1010.2,0.0,9998,32.7,267.0,2.6
26.8,2025-03-23 08:07:21.347000+00:00,20.0,1255,1010.1,0.0,9998,32.6,279.0,1.3
26.8,2025-03-23 08:08:21.350000+00:00,21.0,1255,1010.1,0.0,9998,32.5,266.0,1.6
26.8,2025-03-23 08:09:21.347000+00:00,21.0,1255,1010.1,0.0,9998,32.4,269.0,1.3
26.8,2025-03-23 08:10:21.359000+00:00,21.0,1255,1010.2,0.0,9998,32.3,258.0,1.2
26.8,2025-03-23 08:11:21.360000+00:00,20.0,1255,1010.2,0.0,9998,32.2,201.0,1.1
26.8,2025-03-23 08:12:21.358000+00:00,21.0,1255,1010.1,0.0,9998,32.2,277.0,0.9
26.7,2025-03-23 08:13:21.368000+00:00,21.0,1255,1010.1,0.0,9998,32.1,212.0,1.5
26.7,2025-03-23 08:14:21.375000+00:00,21.0,1255,1010.1,0.0,9998,32.1,255.0,1.2
26.7,2025-03-23 08:15:21.369000+00:00,20.0,1255,1010.1,0.0,9998,32.1,264.0,2.3
26.6,2025-03-23 08:16:21.359000+00:00,20.0,1255,1010.1,0.0,9998,32.0,267.0,2.1
26.6,2025-03-23 08:17:21.376000+00:00,21.0,1255,1010.1,0.0,9998,31.9,233.0,2.2
26.6,2025-03-23 08:18:21.393000+00:00,21.0,1255,1010.1,0.0,9998,31.8,237.0,2.5
26.5,2025-03-23 08:19:21.407000+00:00,21.0,1255,1010.1,0.0,9998,31.7,271.0,2.1
26.5,2025-03-23 08:20:21.404000+00:00,21.0,1255,1010.1,0.0,9998,31.7,254.0,2.1
26.5,2025-03-23 08:21:21.407000+00:00,21.0,1255,1010.2,0.0,9998,31.7,265.0,1.7
26.6,2025-03-23 08:22:21.408000+00:00,21.0,1255,1010.2,0.0,9998,31.6,0.0,1.1
26.6,2025-03-23 08:23:21.431000+00:00,21.0,1255,1010.2,0.0,9998,31.6,269.0,1.0
26.5,2025-03-23 08:24:21.432000+00:00,21.0,1255,1010.2,0.0,9998,31.6,0.0,0.9
26.6,2025-03-23 08:25:21.436000+00:00,21.0,1255,1010.1,0.0,9998,31.5,44.0,0.7
26.6,2025-03-23 08:26:21.457000+00:00,21.0,1255,1010.0,0.0,9998,31.4,256.0,1.3
26.6,2025-03-23 08:27:21.453000+00:00,21.0,1255,1010.0,0.0,9998,31.3,224.0,1.5
26.5,2025-03-23 08:28:21.462000+00:00,21.0,1255,1010.1,0.0,9998,31.3,254.0,1.0
26.5,2025-03-23 08:29:21.484000+00:00,21.0,1255,1010.1,0.0,9998,31.2,247.0,0.6
26.5,2025-03-23 08:30:21.486000+00:00,21.0,1255,1010.2,0.0,9998,31.2,265.0,1.2
26.6,2025-03-23 08:31:21.485000+00:00,21.0,1255,1010.1,0.0,9998,31.2,221.0,1.9
26.5,2025-03-23 08:32:21.498000+00:00,21.0,1255,1010.2,0.0,9998,31.0,245.0,1.8
26.5,2025-03-23 08:33:21.485000+00:00,21.0,1255,1010.2,0.0,9998,30.8,259.0,1.5
26.5,2025-03-23 08:34:21.485000+00:00,21.0,1255,1010.3,0.0,9998,30.7,219.0,2.6
26.5,2025-03-23 08:35:21.490000+00:00,22.0,1255,1010.2,0.0,9998,30.7,259.0,1.1
26.4,2025-03-23 08:36:21.508000+00:00,22.0,1255,1010.2,0.0,9998,30.7,288.0,1.0
26.4,2025-03-23 08:37:21.507000+00:00,22.0,1255,1010.2,0.0,9998,30.6,262.0,2.2
26.4,2025-03-23 08:38:21.507000+00:00,22.0,1255,1010.1,0.0,9998,30.5,238.0,2.1
14.6,2025-04-06 04:08:06.132000+00:00,76.0,1256,1009.9,0.0,10006,22.5,324.0,1.1
14.5,2025-04-06 04:09:06.133000+00:00,75.0,1256,1009.9,0.0,10006,22.6,121.0,0.4
14.4,2025-04-06 04:10:06.117000+00:00,75.0,1256,1009.9,0.0,10006,22.8,132.0,1.5
14.5,2025-04-06 04:11:06.133000+00:00,76.0,1256,1010.0,0.0,10006,23.0,136.0,0.6
14.6,2025-04-06 04:12:06.134000+00:00,74.0,1256,1009.9,0.0,10006,22.9,152.0,0.9
14.6,2025-04-06 04:13:06.119000+00:00,75.0,1256,1009.9,0.0,10006,23.0,196.0,1.6
14.6,2025-04-06 04:14:06.135000+00:00,74.0,1256,1009.8,0.0,10006,23.0,113.0,1.3
14.6,2025-04-06 04:15:06.135000+00:00,74.0,1256,1009.8,0.0,10006,22.9,167.0,1.1
14.6,2025-04-06 04:16:06.136000+00:00,75.0,1256,1009.9,0.0,10006,22.9,157.0,0.8
14.6,2025-04-06 04:17:06.152000+00:00,75.0,1256,1009.9,0.0,10006,23.0,170.0,1.6
14.7,2025-04-06 04:18:06.136000+00:00,73.0,1256,1009.9,0.0,10006,23.0,184.0,1.7
14.6,2025-04-06 04:19:06.168000+00:00,74.0,1256,1009.8,0.0,10006,22.7,175.0,1.3
14.5,2025-04-06 04:20:06.131000+00:00,74.0,1256,1009.9,0.0,10006,22.7,0.0,1.0
14.5,2025-04-06 04:21:06.147000+00:00,76.0,1256,1009.8,0.0,10006,22.5,343.0,0.4
14.5,2025-04-06 04:22:06.141000+00:00,75.0,1256,1009.8,0.0,10006,22.3,194.0,0.7
14.5,2025-04-06 04:23:06.161000+00:00,74.0,1256,1009.8,0.0,10006,22.2,246.0,1.8
14.5,2025-04-06 04:24:06.161000+00:00,74.0,1256,1009.8,0.0,10006,21.9,340.0,2.1
14.5,2025-04-06 04:25:06.161000+00:00,74.0,1256,1009.8,0.0,10006,21.2,355.0,1.1
14.5,2025-04-06 04:26:06.243000+00:00,74.0,1256,1009.8,0.0,10006,20.9,6.0,1.3
14.4,2025-04-06 04:27:06.181000+00:00,75.0,1256,1009.8,0.0,10006,20.9,286.0,1.1
14.4,2025-04-06 04:28:06.186000+00:00,76.0,1256,1009.7,0.0,10006,21.0,201.0,0.9
14.4,2025-04-06 04:29:06.184000+00:00,76.0,1256,1009.8,0.0,10006,21.0,242.0,1.7
14.4,2025-04-06 04:30:06.200000+00:00,76.0,1256,1009.8,0.0,10006,20.8,322.0,0.5
14.4,2025-04-06 04:31:06.191000+00:00,75.0,1256,1009.8,0.0,10006,20.8,156.0,1.3
14.4,2025-04-06 04:32:06.209000+00:00,75.0,1256,1009.8,0.0,10006,20.9,219.0,1.2
14.4,2025-04-06 04:33:06.209000+00:00,74.0,1256,1009.8,0.0,10006,20.8,231.0,1.4
14.3,2025-04-06 04:34:06.225000+00:00,75.0,1256,1009.8,0.0,10006,20.5,292.0,1.1
14.2,2025-04-06 04:35:06.222000+00:00,75.0,1256,1009.7,0.0,10006,20.2,4.0,0.9
14.2,2025-04-06 04:36:06.238000+00:00,75.0,1256,1009.7,0.0,10006,20.1,326.0,1.3
14.2,2025-04-06 04:37:06.239000+00:00,76.0,1256,1009.7,0.0,10006,20.2,336.0,0.9
14.2,2025-04-06 04:38:06.258000+00:00,76.0,1256,1009.7,0.0,10006,20.4,324.0,1.4
14.2,2025-04-06 04:39:06.277000+00:00,76.0,1256,1009.6,0.0,10006,20.4,324.0,0.6
14.2,2025-04-06 04:40:06.262000+00:00,76.0,1256,1009.6,0.0,10006,20.5,310.0,1.1
14.2,2025-04-06 04:41:06.263000+00:00,75.0,1256,1009.6,0.0,10006,20.5,281.0,1.0
14.2,2025-04-06 04:42:06.279000+00:00,75.0,1256,1009.6,0.0,10006,20.5,340.0,0.9
14.2,2025-04-06 04:43:06.279000+00:00,76.0,1256,1009.6,0.0,10006,20.6,3.0,1.2
14.3,2025-04-06 04:44:06.289000+00:00,76.0,1256,1009.5,0.0,10006,20.7,17.0,1.1
14.3,2025-04-06 04:45:06.306000+00:00,76.0,1256,1009.5,0.0,10006,21.2,0.0,0.8
14.4,2025-04-06 04:46:06.328000+00:00,75.0,1256,1009.4,0.0,10006,21.5,100.0,0.6
14.4,2025-04-06 04:47:06.353000+00:00,75.0,1256,1009.5,0.0,10006,21.7,169.0,0.7
14.5,2025-04-06 04:48:06.369000+00:00,74.0,1256,1009.5,0.0,10006,21.7,0.0,0.7
14.4,2025-04-06 04:49:06.385000+00:00,75.0,1256,1009.5,0.0,10006,21.7,349.0,0.7
14.4,2025-04-06 04:50:06.385000+00:00,74.0,1256,1009.5,0.0,10006,21.7,232.0,1.2
14.5,2025-04-06 04:51:06.383000+00:00,74.0,1256,1009.5,0.0,10006,21.5,334.0,1.6
14.5,2025-04-06 04:52:06.376000+00:00,74.0,1256,1009.4,0.0,10006,21.3,319.0,1.5
14.4,2025-04-06 04:53:06.373000+00:00,75.0,1256,1009.5,0.0,10006,21.3,323.0,1.5
14.4,2025-04-06 04:54:06.387000+00:00,75.0,1256,1009.4,0.0,10006,21.5,343.0,1.1
14.3,2025-04-06 04:55:06.386000+00:00,76.0,1256,1009.5,0.0,10006,21.5,335.0,0.5
14.4,2025-04-06 04:56:06.416000+00:00,75.0,1256,1009.3,0.0,10006,21.6,323.0,1.0
14.4,2025-04-06 04:57:06.432000+00:00,75.0,1256,1009.3,0.0,10006,21.4,288.0,1.4
14.4,2025-04-06 04:58:06.417000+00:00,75.0,1256,1009.4,0.0,10006,21.4,0.0,1.2
14.4,2025-04-06 04:59:06.418000+00:00,76.0,1256,1009.4,0.0,10006,21.3,322.0,1.3
14.3,2025-04-06 05:00:06.434000+00:00,77.0,1256,1009.5,0.0,10006,21.3,318.0,0.9
14.4,2025-04-06 05:01:06.450000+00:00,76.0,1256,1009.4,0.0,10006,21.3,290.0,1.2
14.4,2025-04-06 05:02:06.476000+00:00,76.0,1256,1009.4,0.0,10006,21.1,357.0,2.1
14.3,2025-04-06 05:03:06.470000+00:00,76.0,1256,1009.5,0.0,10006,21.0,218.0,1.6
14.3,2025-04-06 05:04:06.470000+00:00,77.0,1256,1009.5,0.0,10006,21.0,231.0,0.9
14.3,2025-04-06 05:05:06.461000+00:00,77.0,1256,1009.4,0.0,10006,21.0,217.0,0.9
14.2,2025-04-06 05:06:06.462000+00:00,77.0,1256,1009.5,0.0,10006,20.8,118.0,0.7
14.3,2025-04-06 05:07:06.462000+00:00,77.0,1256,1009.5,0.0,10006,20.8,319.0,1.5
14.2,2025-04-06 05:08:06.478000+00:00,77.0,1256,1009.5,0.0,10006,20.9,223.0,1.1
14.3,2025-04-06 05:09:06.479000+00:00,77.0,1256,1009.5,0.0,10006,20.9,239.0,1.1
14.3,2025-04-06 05:10:06.463000+00:00,77.0,1256,1009.4,0.0,10006,20.7,317.0,1.5
14.2,2025-04-06 05:11:06.479000+00:00,77.0,1256,1009.4,0.0,10006,20.6,15.0,1.3
14.3,2025-04-06 05:12:06.495000+00:00,77.0,1256,1009.2,0.0,10006,20.7,60.0,1.1
14.3,2025-04-06 05:13:06.496000+00:00,78.0,1256,1009.3,0.0,10006,20.6,349.0,1.7
14.3,2025-04-06 05:14:06.512000+00:00,78.0,1256,1009.3,0.0,10006,20.6,339.0,1.4
14.3,2025-04-06 05:15:06.519000+00:00,77.0,1256,1009.2,0.0,10006,20.7,341.0,2.3
14.3,2025-04-06 05:16:06.535000+00:00,78.0,1256,1009.3,0.0,10006,20.6,204.0,1.7
14.3,2025-04-06 05:17:06.516000+00:00,78.0,1256,1009.2,0.0,10006,20.7,238.0,1.2
14.3,2025-04-06 05:18:06.526000+00:00,77.0,1256,1009.2,0.0,10006,20.7,336.0,1.7
14.3,2025-04-06 05:19:06.527000+00:00,78.0,1256,1009.2,0.0,10006,20.6,345.0,1.7
14.3,2025-04-06 05:20:06.540000+00:00,78.0,1256,1009.2,0.0,10006,20.6,342.0,0.8
14.3,2025-04-06 05:21:06.553000+00:00,78.0,1256,1009.2,0.0,10006,20.2,256.0,1.1
14.3,2025-04-06 05:22:06.539000+00:00,78.0,1256,1009.2,0.0,10006,20.4,346.0,1.0
14.3,2025-04-06 05:23:06.539000+00:00,78.0,1256,1009.2,0.0,10006,20.4,333.0,1.0
14.3,2025-04-06 05:24:06.554000+00:00,78.0,1256,1009.2,0.0,10006,20.4,333.0,1.0
14.3,2025-04-06 05:25:06.561000+00:00,78.0,1256,1009.2,0.0,10006,20.4,333.0,1.0
14.3,2025-04-06 05:26:06.561000+00:00,77.0,1256,1009.2,0.0,10006,20.3,333.0,1.3
14.4,2025-04-06 05:27:06.546000+00:00,77.0,1256,1009.2,0.0,10006,20.3,256.0,1.5
14.5,2025-04-06 05:28:06.594000+00:00,76.0,1256,1009.2,0.0,10006,20.1,71.0,1.8
14.5,2025-04-06 05:29:06.572000+00:00,76.0,1256,1009.2,0.0,10006,19.9,213.0,1.6
14.4,2025-04-06 05:30:06.573000+00:00,76.0,1256,1009.1,0.0,10006,20.0,203.0,1.4
14.4,2025-04-06 05:31:06.573000+00:00,77.0,1256,1009.1,0.0,10006,20.0,281.0,1.9
14.4,2025-04-06 05:32:06.574000+00:00,77.0,1256,1009.1,0.0,10006,20.1,189.0,1.3
14.4,2025-04-06 05:33:06.635000+00:00,77.0,1256,1009.2,0.0,10006,20.1,321.0,1.2
14.4,2025-04-06 05:34:06.573000+00:00,76.0,1256,1009.3,0.0,10006,20.1,322.0,0.9
14.5,2025-04-06 05:35:06.566000+00:00,77.0,1256,1009.2,0.0,10006,20.0,349.0,1.0
14.4,2025-04-06 05:36:06.553000+00:00,77.0,1256,1009.1,0.0,10006,20.0,181.0,0.9
14.4,2025-04-06 05:37:06.566000+00:00,77.0,1256,1009.1,0.0,10006,20.0,342.0,1.4
14.4,2025-04-06 05:38:06.567000+00:00,77.0,1256,1009.2,0.0,10006,20.0,290.0,1.1
14.5,2025-04-06 05:39:06.614000+00:00,77.0,1256,1009.2,0.0,10006,20.0,346.0,1.0
14.5,2025-04-06 05:40:06.630000+00:00,77.0,1256,1009.2,0.0,10006,19.9,332.0,0.9
14.5,2025-04-06 05:41:06.615000+00:00,77.0,1256,1009.1,0.0,10006,19.7,264.0,1.6
14.4,2025-04-06 05:42:06.613000+00:00,77.0,1256,1009.1,0.0,10006,19.6,246.0,0.7
14.4,2025-04-06 05:43:06.601000+00:00,77.0,1256,1009.1,0.0,10006,19.6,316.0,1.6
14.4,2025-04-06 05:44:06.617000+00:00,78.0,1256,1009.1,0.0,10006,19.6,350.0,1.8
14.4,2025-04-06 05:45:06.617000+00:00,77.0,1256,1009.1,0.0,10006,19.6,274.0,1.1
14.4,2025-04-06 05:46:06.649000+00:00,78.0,1256,1009.1,0.0,10006,19.4,207.0,0.7
14.5,2025-04-06 05:47:06.650000+00:00,78.0,1256,1009.2,0.0,10006,19.5,325.0,0.5
14.5,2025-04-06 05:48:06.641000+00:00,78.0,1256,1009.1,0.0,10006,19.5,268.0,0.7
14.5,2025-04-06 05:49:06.657000+00:00,78.0,1256,1009.2,0.0,10006,19.6,334.0,0.6
14.6,2025-04-06 05:50:06.664000+00:00,77.0,1256,1009.1,0.0,10006,19.7,330.0,0.7
14.6,2025-04-06 05:51:06.664000+00:00,77.0,1256,1009.1,0.0,10006,19.7,333.0,0.7
14.5,2025-04-06 05:52:06.682000+00:00,77.0,1256,1009.0,0.0,10006,19.5,355.0,1.2
14.6,2025-04-06 05:53:06.665000+00:00,77.0,1256,1009.0,0.0,10006,19.5,335.0,1.2
14.6,2025-04-06 05:54:06.681000+00:00,77.0,1256,1009.0,0.0,10006,19.4,47.0,1.4
14.6,2025-04-06 05:55:06.660000+00:00,77.0,1256,1009.0,0.0,10006,19.4,312.0,1.2
14.5,2025-04-06 05:56:06.688000+00:00,78.0,1256,1009.0,0.0,10006,19.4,352.0,0.9
14.6,2025-04-06 05:57:06.673000+00:00,77.0,1256,1009.0,0.0,10006,19.4,217.0,1.1
14.5,2025-04-06 05:58:06.689000+00:00,78.0,1256,1009.0,0.0,10006,19.5,339.0,1.4
14.5,2025-04-06 05:59:06.693000+00:00,78.0,1256,1009.0,0.0,10006,19.4,287.0,1.4
14.4,2025-04-06 06:00:06.693000+00:00,78.0,1256,1008.9,0.0,10006,19.3,293.0,0.9
14.4,2025-04-06 06:01:06.709000+00:00,77.0,1256,1008.9,0.0,10006,19.3,333.0,1.4
14.5,2025-04-06 06:02:06.709000+00:00,78.0,1256,1009.0,0.0,10006,19.3,171.0,1.2
14.5,2025-04-06 06:03:06.710000+00:00,77.0,1256,1009.0,0.0,10006,19.2,275.0,1.9
14.5,2025-04-06 06:04:06.738000+00:00,78.0,1256,1008.9,0.0,10006,19.2,307.0,0.7
14.4,2025-04-06 06:05:06.717000+00:00,78.0,1256,1009.0,0.0,10006,19.3,312.0,0.8
14.5,2025-04-06 06:06:06.733000+00:00,77.0,1256,1008.9,0.0,10006,19.2,340.0,0.5
14.5,2025-04-06 06:07:06.756000+00:00,77.0,1256,1008.9,0.0,10006,19.4,315.0,1.6
14.5,2025-04-06 06:08:06.759000+00:00,77.0,1256,1008.9,0.0,10006,19.4,0.0,1.6
14.5,2025-04-06 06:09:06.743000+00:00,78.0,1256,1008.9,0.0,10006,19.4,337.0,1.2
14.5,2025-04-06 06:10:06.769000+00:00,78.0,1256,1008.9,0.0,10006,19.4,332.0,1.4
14.5,2025-04-06 06:11:06.769000+00:00,77.0,1256,1008.9,0.0,10006,19.4,332.0,1.1
14.5,2025-04-06 06:12:06.770000+00:00,77.0,1256,1008.9,0.0,10006,19.4,308.0,1.1
14.5,2025-04-06 06:13:06.749000+00:00,77.0,1256,1008.8,0.0,10006,19.4,301.0,1.1
14.5,2025-04-06 06:14:06.765000+00:00,77.0,1256,1008.9,0.0,10006,19.4,311.0,1.1
14.5,2025-04-06 06:15:06.781000+00:00,77.0,1256,1008.8,0.0,10006,19.4,299.0,1.5
14.6,2025-04-06 06:16:06.791000+00:00,77.0,1256,1008.8,0.0,10006,19.4,264.0,1.4
14.5,2025-04-06 06:17:06.776000+00:00,77.0,1256,1008.8,0.0,10006,19.2,0.0,1.3
14.6,2025-04-06 06:18:06.792000+00:00,77.0,1256,1008.9,0.0,10006,19.2,317.0,1.0
14.5,2025-04-06 06:19:06.817000+00:00,77.0,1256,1008.9,0.0,10006,19.2,348.0,1.2
14.6,2025-04-06 06:20:06.799000+00:00,77.0,1256,1008.9,0.0,10006,19.3,302.0,1.4
14.6,2025-04-06 06:21:06.846000+00:00,77.0,1256,1008.8,0.0,10006,19.4,329.0,1.2
14.6,2025-04-06 06:22:06.831000+00:00,77.0,1256,1008.8,0.0,10006,19.4,301.0,2.4
14.6,2025-04-06 06:23:06.831000+00:00,77.0,1256,1008.8,0.0,10006,19.3,325.0,1.3
14.7,2025-04-06 06:24:06.827000+00:00,77.0,1256,1008.7,0.0,10006,19.2,339.0,1.7
14.6,2025-04-06 06:25:06.820000+00:00,76.0,1256,1008.8,0.0,10006,19.0,6.0,2.1
14.6,2025-04-06 06:26:06.821000+00:00,77.0,1256,1008.8,0.0,10006,19.1,326.0,2.1
14.6,2025-04-06 06:27:06.806000+00:00,77.0,1256,1008.9,0.0,10006,19.0,334.0,1.2
27.9,2025-04-13 14:08:28.808000+00:00,45.0,1257,1007.9,0.0,10014,34.5,29.0,2.9
27.8,2025-04-13 14:09:28.836000+00:00,45.0,1257,1007.9,0.0,10014,34.4,9.0,2.9
27.9,2025-04-13 14:10:28.840000+00:00,45.0,1257,1007.9,0.0,10014,34.6,9.0,2.7
27.9,2025-04-13 14:11:28.856000+00:00,45.0,1257,1007.9,0.0,10014,34.4,25.0,3.2
27.8,2025-04-13 14:12:28.874000+00:00,45.0,1257,1007.8,0.0,10014,34.4,17.0,2.9
27.7,2025-04-13 14:13:28.873000+00:00,45.0,1257,1007.9,0.0,10014,34.5,13.0,2.7
27.7,2025-04-13 14:14:28.893000+00:00,45.0,1257,1007.8,0.0,10014,34.5,26.0,2.7
27.7,2025-04-13 14:15:28.875000+00:00,45.0,1257,1007.8,0.0,10014,34.8,12.0,2.7
27.6,2025-04-13 14:16:28.895000+00:00,46.0,1257,1007.9,0.0,10014,34.4,26.0,3.0
27.5,2025-04-13 14:17:28.884000+00:00,46.0,1257,1007.8,0.0,10014,34.1,26.0,3.4
27.5,2025-04-13 14:18:29.021000+00:00,46.0,1257,1008.0,0.0,10014,34.0,30.0,2.9
27.5,2025-04-13 14:19:28.892000+00:00,46.0,1257,1008.0,0.0,10014,34.0,26.0,3.3
27.5,2025-04-13 14:20:28.893000+00:00,45.0,1257,1007.8,0.0,10014,34.0,23.0,3.1
27.5,2025-04-13 14:21:28.912000+00:00,45.0,1257,1007.9,0.0,10014,33.8,17.0,3.4
27.6,2025-04-13 14:22:28.905000+00:00,45.0,1257,1007.9,0.0,10014,33.7,20.0,2.8
27.6,2025-04-13 14:23:28.904000+00:00,46.0,1257,1007.9,0.0,10014,33.8,22.0,2.0
27.6,2025-04-13 14:24:28.926000+00:00,46.0,1257,1007.9,0.0,10014,33.6,42.0,2.0
27.5,2025-04-13 14:25:28.919000+00:00,46.0,1257,1007.9,0.0,10014,33.6,18.0,1.8
27.5,2025-04-13 14:26:28.935000+00:00,46.0,1257,1007.9,0.0,10014,33.4,19.0,2.1
27.5,2025-04-13 14:27:28.952000+00:00,46.0,1257,1007.8,0.0,10014,33.4,18.0,2.5
27.5,2025-04-13 14:28:28.944000+00:00,46.0,1257,1007.9,0.0,10014,33.6,13.0,1.6
27.5,2025-04-13 14:29:28.977000+00:00,46.0,1257,1007.9,0.0,10014,33.4,9.0,2.6
27.5,2025-04-13 14:30:28.999000+00:00,46.0,1257,1007.9,0.0,10014,33.3,34.0,2.1
27.5,2025-04-13 14:31:28.994000+00:00,46.0,1257,1008.0,0.0,10014,32.9,27.0,1.5
27.6,2025-04-13 14:32:29.025000+00:00,46.0,1257,1008.0,0.0,10014,31.6,6.0,2.5
27.6,2025-04-13 14:33:29.034000+00:00,45.0,1257,1008.0,0.0,10014,33.4,0.0,2.4
27.5,2025-04-13 14:34:29.032000+00:00,45.0,1257,1007.9,0.0,10014,33.8,32.0,2.7
27.5,2025-04-13 14:35:29.059000+00:00,45.0,1257,1007.9,0.0,10014,33.5,34.0,2.3
27.5,2025-04-13 14:36:29.073000+00:00,45.0,1257,1007.8,0.0,10014,33.6,14.0,2.1
27.4,2025-04-13 14:37:29.081000+00:00,46.0,1257,1007.9,0.0,10014,33.6,28.0,1.8
27.4,2025-04-13 14:38:29.080000+00:00,46.0,1257,1007.9,0.0,10014,33.5,23.0,1.6
27.3,2025-04-13 14:39:29.079000+00:00,46.0,1257,1007.9,0.0,10014,33.4,21.0,1.5
27.3,2025-04-13 14:40:29.082000+00:00,46.0,1257,1007.9,0.0,10014,33.4,28.0,1.8
27.3,2025-04-13 14:41:29.083000+00:00,46.0,1257,1007.9,0.0,10014,33.5,31.0,1.5
27.3,2025-04-13 14:42:29.072000+00:00,46.0,1257,1007.9,0.0,10014,33.4,11.0,2.1
27.3,2025-04-13 14:43:29.083000+00:00,46.0,1257,1007.9,0.0,10014,33.1,19.0,2.3
27.3,2025-04-13 14:44:29.083000+00:00,46.0,1257,1007.9,0.0,10014,33.1,34.0,1.8
27.4,2025-04-13 14:45:29.112000+00:00,45.0,1257,1007.9,0.0,10014,33.3,8.0,1.9
27.4,2025-04-13 14:46:29.121000+00:00,44.0,1257,1007.9,0.0,10014,33.5,5.0,2.2
27.3,2025-04-13 14:47:29.156000+00:00,43.0,1257,1007.9,0.0,10014,33.4,59.0,2.5
27.3,2025-04-13 14:48:29.134000+00:00,43.0,1257,1007.8,0.0,10014,33.4,26.0,3.0
27.3,2025-04-13 14:49:29.137000+00:00,43.0,1257,1007.9,0.0,10014,33.2,8.0,2.5
27.2,2025-04-13 14:50:29.134000+00:00,43.0,1257,1007.8,0.0,10014,33.1,16.0,2.8
27.2,2025-04-13 14:51:29.158000+00:00,43.0,1257,1007.9,0.0,10014,33.0,11.0,2.2
27.3,2025-04-13 14:52:29.138000+00:00,43.0,1257,1007.9,0.0,10014,33.0,29.0,3.0
27.2,2025-04-13 14:53:29.168000+00:00,43.0,1257,1007.9,0.0,10014,32.8,14.0,2.6
27.1,2025-04-13 14:54:29.171000+00:00,43.0,1257,1007.9,0.0,10014,32.7,18.0,2.7
27.1,2025-04-13 14:55:29.180000+00:00,44.0,1257,1008.0,0.0,10014,32.7,30.0,2.0
27.2,2025-04-13 14:56:29.169000+00:00,44.0,1257,1008.0,0.0,10014,32.6,31.0,1.8
27.3,2025-04-13 14:57:29.155000+00:00,44.0,1257,1008.0,0.0,10014,32.6,35.0,2.1
27.3,2025-04-13 14:58:29.155000+00:00,45.0,1257,1007.9,0.0,10014,32.5,24.0,2.4
27.3,2025-04-13 14:59:29.170000+00:00,44.0,1257,1008.0,0.0,10014,32.3,51.0,3.2
27.2,2025-04-13 15:00:29.173000+00:00,44.0,1257,1008.0,0.0,10014,32.2,24.0,2.9
27.2,2025-04-13 15:01:29.170000+00:00,44.0,1257,1008.0,0.0,10014,32.4,35.0,2.9
27.2,2025-04-13 15:02:29.174000+00:00,44.0,1257,1008.1,0.0,10014,32.2,30.0,2.7
27.2,2025-04-13 15:03:29.178000+00:00,44.0,1257,1008.1,0.0,10014,32.2,21.0,2.6
27.2,2025-04-13 15:04:29.180000+00:00,44.0,1257,1008.0,0.0,10014,31.9,37.0,3.6
27.2,2025-04-13 15:05:29.168000+00:00,44.0,1257,1008.0,0.0,10014,31.9,20.0,3.2
27.1,2025-04-13 15:06:29.179000+00:00,45.0,1257,1008.0,0.0,10014,31.9,30.0,2.7
27.1,2025-04-13 15:07:29.201000+00:00,45.0,1257,1008.0,0.0,10014,31.8,19.0,2.8
27.1,2025-04-13 15:08:29.201000+00:00,45.0,1257,1008.0,0.0,10014,31.9,31.0,1.4
27.1,2025-04-13 15:09:29.212000+00:00,46.0,1257,1008.1,0.0,10014,31.9,23.0,2.2
27.0,2025-04-13 15:10:29.230000+00:00,46.0,1257,1008.0,0.0,10014,31.6,344.0,2.1
27.0,2025-04-13 15:11:29.216000+00:00,46.0,1257,1008.0,0.0,10014,31.8,24.0,1.9
27.0,2025-04-13 15:12:29.224000+00:00,46.0,1257,1008.0,0.0,10014,31.9,17.0,1.2
27.0,2025-04-13 15:13:29.224000+00:00,46.0,1257,1008.0,0.0,10014,31.9,17.0,2.4
27.0,2025-04-13 15:14:29.218000+00:00,46.0,1257,1008.1,0.0,10014,32.0,26.0,2.4
27.0,2025-04-13 15:15:29.235000+00:00,46.0,1257,1008.1,0.0,10014,32.0,34.0,2.6
27.0,2025-04-13 15:16:29.232000+00:00,46.0,1257,1008.0,0.0,10014,32.0,36.0,1.5
27.0,2025-04-13 15:17:29.218000+00:00,45.0,1257,1008.0,0.0,10014,32.0,38.0,2.6
27.0,2025-04-13 15:18:29.232000+00:00,45.0,1257,1008.1,0.0,10014,31.9,16.0,2.3
27.0,2025-04-13 15:19:29.224000+00:00,45.0,1257,1008.1,0.0,10014,31.8,16.0,1.9
27.0,2025-04-13 15:20:29.246000+00:00,46.0,1257,1008.0,0.0,10014,31.7,14.0,2.5
27.0,2025-04-13 15:21:29.236000+00:00,46.0,1257,1008.1,0.0,10014,31.5,5.0,2.2
26.9,2025-04-13 15:22:29.264000+00:00,46.0,1257,1008.0,0.0,10014,31.5,21.0,1.9
26.9,2025-04-13 15:23:29.239000+00:00,46.0,1257,1008.0,0.0,10014,31.9,38.0,1.0
26.9,2025-04-13 15:24:29.230000+00:00,46.0,1257,1008.1,0.0,10014,31.9,36.0,1.2
26.9,2025-04-13 15:25:29.244000+00:00,46.0,1257,1008.0,0.0,10014,31.9,39.0,1.1
26.9,2025-04-13 15:26:29.238000+00:00,46.0,1257,1008.1,0.0,10014,31.7,16.0,1.8
26.9,2025-04-13 15:27:29.258000+00:00,47.0,1257,1008.1,0.0,10014,31.7,14.0,2.0
26.8,2025-04-13 15:28:29.260000+00:00,47.0,1257,1008.1,0.0,10014,31.7,49.0,1.5
26.8,2025-04-13 15:29:29.242000+00:00,47.0,1257,1008.0,0.0,10014,31.4,16.0,2.7
26.8,2025-04-13 15:30:29.279000+00:00,48.0,1257,1008.0,0.0,10014,31.2,23.0,2.6
26.8,2025-04-13 15:31:29.292000+00:00,48.0,1257,1008.1,0.0,10014,31.1,38.0,2.6
26.7,2025-04-13 15:32:29.327000+00:00,48.0,1257,1008.1,0.0,10014,31.2,25.0,2.2
26.7,2025-04-13 15:33:29.297000+00:00,48.0,1257,1008.1,0.0,10014,31.2,6.0,2.3
26.8,2025-04-13 15:34:29.321000+00:00,48.0,1257,1008.1,0.0,10014,31.1,28.0,2.1
26.7,2025-04-13 15:35:29.316000+00:00,48.0,1257,1008.1,0.0,10014,31.1,26.0,2.3
26.7,2025-04-13 15:36:29.323000+00:00,47.0,1257,1008.2,0.0,10014,31.1,43.0,2.3
26.7,2025-04-13 15:37:29.330000+00:00,48.0,1257,1008.1,0.0,10014,31.0,26.0,2.2
26.7,2025-04-13 15:38:29.325000+00:00,47.0,1257,1008.2,0.0,10014,31.1,24.0,1.8
26.7,2025-04-13 15:39:29.338000+00:00,47.0,1257,1008.2,0.0,10014,31.2,247.0,1.1
26.7,2025-04-13 15:40:29.349000+00:00,47.0,1257,1008.3,0.0,10014,31.2,40.0,0.7
26.8,2025-04-13 15:41:29.361000+00:00,47.0,1257,1008.3,0.0,10014,31.2,10.0,1.7
26.7,2025-04-13 15:42:29.378000+00:00,47.0,1257,1008.2,0.0,10014,31.1,16.0,2.0
26.7,2025-04-13 15:43:29.379000+00:00,46.0,1257,1008.2,0.0,10014,31.1,57.0,1.9
26.7,2025-04-13 15:44:29.374000+00:00,46.0,1257,1008.2,0.0,10014,31.1,45.0,2.4
26.7,2025-04-13 15:45:29.379000+00:00,46.0,1257,1008.1,0.0,10014,31.1,37.0,2.1
26.7,2025-04-13 15:46:29.405000+00:00,46.0,1257,1008.2,0.0,10014,31.1,35.0,2.2
26.7,2025-04-13 15:47:29.417000+00:00,47.0,1257,1008.1,0.0,10014,30.8,6.0,2.0
26.7,2025-04-13 15:48:29.396000+00:00,47.0,1257,1008.1,0.0,10014,30.9,38.0,2.3
26.7,2025-04-13 15:49:29.426000+00:00,47.0,1257,1008.1,0.0,10014,31.0,358.0,1.2
26.7,2025-04-13 15:50:29.427000+00:00,46.0,1257,1008.2,0.0,10014,31.1,14.0,2.7
26.7,2025-04-13 15:51:29.430000+00:00,47.0,1257,1008.2,0.0,10014,31.0,32.0,1.8
26.7,2025-04-13 15:52:29.447000+00:00,47.0,1257,1008.3,0.0,10014,31.2,57.0,1.1
26.8,2025-04-13 15:53:29.467000+00:00,46.0,1257,1008.3,0.0,10014,31.3,61.0,1.4
26.8,2025-04-13 15:54:29.466000+00:00,46.0,1257,1008.3,0.0,10014,31.4,37.0,1.9
26.8,2025-04-13 15:55:29.463000+00:00,46.0,1257,1008.3,0.0,10014,31.0,60.0,1.0
26.8,2025-04-13 15:56:29.451000+00:00,46.0,1257,1008.2,0.0,10014,30.9,43.0,2.0
26.9,2025-04-13 15:57:29.453000+00:00,45.0,1257,1008.3,0.0,10014,30.9,14.0,1.8
26.9,2025-04-13 15:58:29.457000+00:00,46.0,1257,1008.3,0.0,10014,30.8,45.0,2.5
26.8,2025-04-13 15:59:29.468000+00:00,46.0,1257,1008.3,0.0,10014,30.8,62.0,1.9
26.8,2025-04-13 16:00:29.469000+00:00,46.0,1257,1008.3,0.0,10014,30.8,34.0,1.6
26.7,2025-04-13 16:01:29.451000+00:00,46.0,1257,1008.4,0.0,10014,30.9,11.0,2.1
26.7,2025-04-13 16:02:29.467000+00:00,46.0,1257,1008.4,0.0,10014,30.6,52.0,2.9
26.7,2025-04-13 16:03:29.472000+00:00,46.0,1257,1008.3,0.0,10014,30.6,22.0,1.9
26.6,2025-04-13 16:04:29.494000+00:00,46.0,1257,1008.4,0.0,10014,30.8,50.0,2.0
26.7,2025-04-13 16:05:29.520000+00:00,46.0,1257,1008.4,0.0,10014,31.0,11.0,1.2
26.7,2025-04-13 16:06:29.521000+00:00,46.0,1257,1008.2,0.0,10014,30.9,62.0,1.7
26.7,2025-04-13 16:07:29.520000+00:00,45.0,1257,1008.3,0.0,10014,30.7,22.0,2.4
26.8,2025-04-13 16:08:29.507000+00:00,46.0,1257,1008.3,0.0,10014,30.8,44.0,1.3
26.8,2025-04-13 16:09:29.523000+00:00,45.0,1257,1008.4,0.0,10014,30.7,2.0,1.8
26.8,2025-04-13 16:10:29.518000+00:00,45.0,1257,1008.4,0.0,10014,30.7,28.0,1.9
26.8,2025-04-13 16:11:29.527000+00:00,45.0,1257,1008.4,0.0,10014,30.5,34.0,2.5
26.8,2025-04-13 16:12:29.522000+00:00,46.0,1257,1008.4,0.0,10014,30.6,37.0,1.9
26.7,2025-04-13 16:13:29.549000+00:00,46.0,1257,1008.5,0.0,10014,30.6,46.0,1.9
26.7,2025-04-13 16:14:29.529000+00:00,46.0,1257,1008.4,0.0,10014,30.6,22.0,1.6
26.8,2025-04-13 16:15:29.543000+00:00,46.0,1257,1008.4,0.0,10014,30.6,31.0,1.7
26.7,2025-04-13 16:16:29.543000+00:00,46.0,1257,1008.4,0.0,10014,30.6,17.0,1.8
26.7,2025-04-13 16:17:29.566000+00:00,46.0,1257,1008.4,0.0,10014,30.6,18.0,2.3
26.8,2025-04-13 16:18:29.550000+00:00,45.0,1257,1008.4,0.0,10014,30.7,46.0,2.1
26.8,2025-04-13 16:19:29.582000+00:00,46.0,1257,1008.4,0.0,10014,30.5,35.0,2.0
26.8,2025-04-13 16:20:29.589000+00:00,45.0,1257,1008.4,0.0,10014,30.6,42.0,2.3
26.8,2025-04-13 16:21:29.589000+00:00,45.0,1257,1008.4,0.0,10014,30.6,37.0,1.9
26.8,2025-04-13 16:22:29.575000+00:00,45.0,1257,1008.4,0.0,10014,30.5,33.0,1.8
26.8,2025-04-13 16:23:29.593000+00:00,45.0,1257,1008.3,0.0,10014,30.5,25.0,1.6
26.8,2025-04-13 16:24:29.611000+00:00,45.0,1257,1008.4,0.0,10014,30.7,49.0,1.7
26.8,2025-04-13 16:25:29.615000+00:00,45.0,1257,1008.4,0.0,10014,30.4,53.0,1.8
26.8,2025-04-13 16:26:29.604000+00:00,45.0,1257,1008.4,0.0,10014,30.7,48.0,1.0
26.8,2025-04-13 16:27:29.601000+00:00,45.0,1257,1008.4,0.0,10014,30.5,58.0,1.5
26.9,2025-04-13 16:28:29.618000+00:00,45.0,1257,1008.4,0.0,10014,30.4,24.0,1.5
26.9,2025-04-13 16:29:29.614000+00:00,44.0,1257,1008.4,0.0,10014,30.4,32.0,2.2
26.9,2025-04-13 16:30:29.598000+00:00,44.0,1257,1008.4,0.0,10014,30.4,8.0,1.8
26.9,2025-04-13 16:31:29.605000+00:00,44.0,1257,1008.4,0.0,10014,30.2,42.0,1.8
26.9,2025-04-13 16:32:29.618000+00:00,44.0,1257,1008.4,0.0,10014,30.2,353.0,1.8
26.9,2025-04-13 16:33:29.624000+00:00,44.0,1257,1008.4,0.0,10014,30.4,8.0,1.5
26.9,2025-04-13 16:34:29.617000+00:00,44.0,1257,1008.4,0.0,10014,30.5,33.0,1.9
26.9,2025-04-13 16:35:29.618000+00:00,44.0,1257,1008.4,0.0,10014,30.3,54.0,1.6
26.9,2025-04-13 16:36:29.606000+00:00,43.0,1257,1008.4,0.0,10014,30.3,44.0,1.2
26.9,2025-04-13 16:37:29.612000+00:00,43.0,1257,1008.5,0.0,10014,30.3,57.0,1.8
26.9,2025-04-13 16:38:29.623000+00:00,43.0,1257,1008.4,0.0,10014,30.4,44.0,1.4
26.9,2025-04-13 16:39:29.621000+00:00,43.0,1257,1008.5,0.0,10014,30.4,21.0,1.7
26.9,2025-04-13 16:40:29.624000+00:00,42.0,1257,1008.4,0.0,10014,30.4,53.0,1.8
26.9,2025-04-13 16:41:29.622000+00:00,43.0,1257,1008.4,0.0,10014,30.3,27.0,1.6
26.9,2025-04-13 16:42:29.624000+00:00,42.0,1257,1008.5,0.0,10014,30.5,244.0,1.2
26.9,2025-04-13 16:43:29.631000+00:00,41.0,1257,1008.4,0.0,10014,30.6,6.0,1.5
26.9,2025-04-13 16:44:29.612000+00:00,42.0,1257,1008.4,0.0,10014,30.5,9.0,2.3
26.9,2025-04-13 16:45:29.626000+00:00,42.0,1257,1008.4,0.0,10014,30.2,27.0,1.9
28.7,2025-04-20 16:07:00.731000+00:00,71.0,1258,1006.3,0.0,10022,39.4,315.0,1.2
28.7,2025-04-20 16:08:00.728000+00:00,71.0,1258,1006.3,0.0,10022,39.4,284.0,1.4
28.7,2025-04-20 16:09:00.727000+00:00,70.0,1258,1006.4,0.0,10022,39.4,261.0,0.9
28.7,2025-04-20 16:10:00.741000+00:00,71.0,1258,1006.3,0.0,10022,39.4,265.0,0.9
28.7,2025-04-20 16:11:00.736000+00:00,70.0,1258,1006.3,0.0,10022,39.2,283.0,1.8
28.7,2025-04-20 16:12:00.736000+00:00,70.0,1258,1006.3,0.0,10022,39.2,265.0,2.2
28.6,2025-04-20 16:13:00.743000+00:00,71.0,1258,1006.4,0.0,10022,39.0,284.0,1.6
28.6,2025-04-20 16:14:00.736000+00:00,71.0,1258,1006.4,0.0,10022,39.0,285.0,1.3
28.6,2025-04-20 16:15:00.741000+00:00,71.0,1258,1006.3,0.0,10022,38.9,287.0,1.1
28.6,2025-04-20 16:16:00.741000+00:00,71.0,1258,1006.3,0.0,10022,38.9,290.0,0.9
28.6,2025-04-20 16:17:00.751000+00:00,71.0,1258,1006.4,0.0,10022,39.1,283.0,0.9
28.6,2025-04-20 16:18:00.744000+00:00,71.0,1258,1006.4,0.0,10022,39.2,335.0,1.0
28.5,2025-04-20 16:19:00.747000+00:00,71.0,1258,1006.4,0.0,10022,39.2,287.0,0.8
28.5,2025-04-20 16:20:00.741000+00:00,70.0,1258,1006.4,0.0,10022,39.1,338.0,1.4
28.5,2025-04-20 16:21:00.745000+00:00,69.0,1258,1006.3,0.0,10022,39.1,321.0,1.4
28.5,2025-04-20 16:22:00.751000+00:00,69.0,1258,1006.3,0.0,10022,38.8,348.0,1.4
28.6,2025-04-20 16:23:00.740000+00:00,69.0,1258,1006.3,0.0,10022,39.0,317.0,0.9
28.7,2025-04-20 16:24:00.746000+00:00,68.0,1258,1006.3,0.0,10022,39.0,255.0,1.2
28.7,2025-04-20 16:25:00.752000+00:00,68.0,1258,1006.3,0.0,10022,39.0,353.0,1.2
28.8,2025-04-20 16:26:00.772000+00:00,69.0,1258,1006.4,0.0,10022,38.6,302.0,1.1
28.8,2025-04-20 16:27:00.775000+00:00,69.0,1258,1006.4,0.0,10022,38.4,282.0,1.1
28.8,2025-04-20 16:28:00.769000+00:00,70.0,1258,1006.4,0.0,10022,38.3,303.0,1.2
28.7,2025-04-20 16:29:00.773000+00:00,70.0,1258,1006.4,0.0,10022,38.6,278.0,1.1
28.7,2025-04-20 16:30:00.758000+00:00,70.0,1258,1006.4,0.0,10022,38.6,268.0,2.0
28.7,2025-04-20 16:31:00.786000+00:00,71.0,1258,1006.4,0.0,10022,38.5,285.0,1.3
28.6,2025-04-20 16:32:00.786000+00:00,71.0,1258,1006.4,0.0,10022,38.4,272.0,1.3
28.6,2025-04-20 16:33:00.795000+00:00,71.0,1258,1006.4,0.0,10022,38.6,273.0,1.0
28.6,2025-04-20 16:34:00.801000+00:00,71.0,1258,1006.4,0.0,10022,38.7,323.0,1.1
28.6,2025-04-20 16:35:00.858000+00:00,71.0,1258,1006.4,0.0,10022,38.7,285.0,0.9
28.6,2025-04-20 16:36:00.817000+00:00,71.0,1258,1006.5,0.0,10022,38.7,284.0,0.9
28.6,2025-04-20 16:37:00.836000+00:00,71.0,1258,1006.5,0.0,10022,38.8,301.0,0.9
28.6,2025-04-20 16:38:00.828000+00:00,71.0,1258,1006.5,0.0,10022,38.8,265.0,1.1
28.6,2025-04-20 16:39:00.852000+00:00,71.0,1258,1006.3,0.0,10022,38.7,287.0,1.3
28.6,2025-04-20 16:40:00.857000+00:00,72.0,1258,1006.4,0.0,10022,38.7,337.0,1.3
28.5,2025-04-20 16:41:00.858000+00:00,72.0,1258,1006.4,0.0,10022,38.5,287.0,0.8
28.5,2025-04-20 16:42:00.878000+00:00,72.0,1258,1006.4,0.0,10022,38.5,30.0,0.5
28.5,2025-04-20 16:43:00.890000+00:00,71.0,1258,1006.4,0.0,10022,38.6,234.0,1.1
28.5,2025-04-20 16:44:00.877000+00:00,71.0,1258,1006.5,0.0,10022,38.7,263.0,0.8
28.5,2025-04-20 16:45:00.877000+00:00,71.0,1258,1006.4,0.0,10022,38.7,329.0,1.3
28.5,2025-04-20 16:46:00.936000+00:00,70.0,1258,1006.4,0.0,10022,38.2,289.0,0.8
28.5,2025-04-20 16:47:00.887000+00:00,71.0,1258,1006.5,0.0,10022,38.4,266.0,1.2
28.5,2025-04-20 16:48:00.891000+00:00,71.0,1258,1006.5,0.0,10022,38.3,267.0,1.1
28.6,2025-04-20 16:49:00.895000+00:00,72.0,1258,1006.4,0.0,10022,38.3,275.0,1.4
28.6,2025-04-20 16:50:00.892000+00:00,72.0,1258,1006.5,0.0,10022,38.0,290.0,1.5
28.6,2025-04-20 16:51:00.892000+00:00,73.0,1258,1006.4,0.0,10022,37.6,279.0,1.9
28.5,2025-04-20 16:52:00.895000+00:00,74.0,1258,1006.4,0.0,10022,37.6,284.0,1.5
28.5,2025-04-20 16:53:00.904000+00:00,74.0,1258,1006.5,0.0,10022,37.4,281.0,1.5
28.4,2025-04-20 16:54:00.893000+00:00,74.0,1258,1006.6,0.0,10022,37.6,268.0,1.3
28.4,2025-04-20 16:55:00.902000+00:00,74.0,1258,1006.5,0.0,10022,37.9,287.0,1.3
28.3,2025-04-20 16:56:00.903000+00:00,74.0,1258,1006.5,0.0,10022,38.2,285.0,1.1
28.4,2025-04-20 16:57:00.897000+00:00,74.0,1258,1006.5,0.0,10022,37.9,298.0,1.2
28.4,2025-04-20 16:58:00.897000+00:00,74.0,1258,1006.6,0.0,10022,37.9,277.0,1.0
28.4,2025-04-20 16:59:00.900000+00:00,73.0,1258,1006.5,0.0,10022,37.9,282.0,0.8
28.4,2025-04-20 17:00:00.898000+00:00,73.0,1258,1006.5,0.0,10022,38.1,290.0,1.1
28.4,2025-04-20 17:01:00.898000+00:00,72.0,1258,1006.5,0.0,10022,38.1,298.0,0.7
28.5,2025-04-20 17:02:00.894000+00:00,71.0,1258,1006.5,0.0,10022,38.4,266.0,0.7
28.5,2025-04-20 17:03:00.896000+00:00,71.0,1258,1006.5,0.0,10022,38.4,274.0,0.8
28.5,2025-04-20 17:04:00.902000+00:00,70.0,1258,1006.6,0.0,10022,38.1,269.0,0.9
28.5,2025-04-20 17:05:00.896000+00:00,70.0,1258,1006.5,0.0,10022,38.2,345.0,1.1
28.6,2025-04-20 17:06:00.910000+00:00,69.0,1258,1006.6,0.0,10022,38.4,318.0,0.8
28.6,2025-04-20 17:07:00.895000+00:00,69.0,1258,1006.5,0.0,10022,38.4,274.0,0.8
28.7,2025-04-20 17:08:00.897000+00:00,69.0,1258,1006.6,0.0,10022,37.9,0.0,0.6
28.7,2025-04-20 17:09:00.905000+00:00,68.0,1258,1006.7,0.0,10022,38.1,268.0,1.0
28.8,2025-04-20 17:10:00.896000+00:00,67.0,1258,1006.7,0.0,10022,38.3,300.0,1.2
28.8,2025-04-20 17:11:00.907000+00:00,67.0,1258,1006.7,0.0,10022,38.6,300.0,0.8
28.9,2025-04-20 17:12:00.920000+00:00,67.0,1258,1006.6,0.0,10022,38.1,330.0,1.0
28.9,2025-04-20 17:13:00.908000+00:00,67.0,1258,1006.7,0.0,10022,38.1,158.0,0.4
28.9,2025-04-20 17:14:00.899000+00:00,67.0,1258,1006.7,0.0,10022,38.3,0.0,1.2
28.9,2025-04-20 17:15:00.912000+00:00,67.0,1258,1006.8,0.0,10022,38.3,139.0,0.0
28.9,2025-04-20 17:16:00.912000+00:00,66.0,1258,1006.7,0.0,10022,38.2,213.0,1.5
29.0,2025-04-20 17:17:00.903000+00:00,66.0,1258,1006.7,0.0,10022,38.2,258.0,0.9
29.1,2025-04-20 17:18:00.903000+00:00,66.0,1258,1006.7,0.0,10022,38.2,258.0,0.9
29.1,2025-04-20 17:19:00.907000+00:00,65.0,1258,1006.7,0.0,10022,38.1,280.0,0.8
29.2,2025-04-20 17:20:00.915000+00:00,65.0,1258,1006.8,0.0,10022,38.2,265.0,1.3
29.2,2025-04-20 17:21:00.920000+00:00,66.0,1258,1006.7,0.0,10022,38.0,176.0,1.2
29.2,2025-04-20 17:22:00.905000+00:00,66.0,1258,1006.8,0.0,10022,38.0,280.0,1.1
29.3,2025-04-20 17:23:00.916000+00:00,66.0,1258,1006.9,0.0,10022,38.0,264.0,0.9
29.2,2025-04-20 17:24:00.915000+00:00,66.0,1258,1006.8,0.0,10022,37.4,251.0,1.0
29.3,2025-04-20 17:25:00.915000+00:00,65.0,1258,1006.9,0.0,10022,37.3,0.0,0.8
29.2,2025-04-20 17:26:00.915000+00:00,66.0,1258,1007.0,0.0,10022,37.1,149.0,0.4
29.2,2025-04-20 17:27:00.925000+00:00,66.0,1258,1007.0,0.0,10022,37.1,270.0,0.9
29.2,2025-04-20 17:28:00.912000+00:00,65.0,1258,1006.9,0.0,10022,37.9,260.0,0.9
29.2,2025-04-20 17:29:00.920000+00:00,65.0,1258,1006.9,0.0,10022,37.3,0.0,0.0
29.3,2025-04-20 17:30:00.923000+00:00,65.0,1258,1006.9,0.0,10022,37.5,280.0,0.4
29.2,2025-04-20 17:31:00.923000+00:00,65.0,1258,1006.9,0.0,10022,37.7,85.0,0.7
29.3,2025-04-20 17:32:00.925000+00:00,64.0,1258,1006.9,0.0,10022,37.7,271.0,0.7
29.3,2025-04-20 17:33:00.913000+00:00,64.0,1258,1006.9,0.0,10022,37.7,152.0,0.8
29.3,2025-04-20 17:34:00.915000+00:00,64.0,1258,1006.9,0.0,10022,37.7,152.0,0.8
29.4,2025-04-20 17:35:00.931000+00:00,64.0,1258,1007.0,0.0,10022,37.3,271.0,1.1
29.4,2025-04-20 17:36:00.926000+00:00,62.0,1258,1006.9,0.0,10022,37.7,229.0,0.9
29.4,2025-04-20 17:37:00.926000+00:00,63.0,1258,1007.0,0.0,10022,37.7,169.0,0.9
29.5,2025-04-20 17:38:00.923000+00:00,64.0,1258,1007.0,0.0,10022,37.7,0.0,0.5
29.5,2025-04-20 17:39:00.920000+00:00,63.0,1258,1007.1,0.0,10022,38.2,220.0,0.5
29.5,2025-04-20 17:40:00.930000+00:00,63.0,1258,1007.0,0.0,10022,37.8,156.0,0.5
29.5,2025-04-20 17:41:00.933000+00:00,58.0,1258,1006.9,0.0,10022,37.9,124.0,1.5
29.6,2025-04-20 17:42:00.932000+00:00,57.0,1258,1007.1,0.0,10022,38.1,148.0,0.6
29.6,2025-04-20 17:43:00.932000+00:00,56.0,1258,1007.0,0.0,10022,38.1,128.0,1.6
29.7,2025-04-20 17:44:00.946000+00:00,56.0,1258,1007.1,0.0,10022,38.1,96.0,0.9
29.8,2025-04-20 17:45:00.925000+00:00,55.0,1258,1007.0,0.0,10022,37.6,176.0,0.5
29.9,2025-04-20 17:46:00.927000+00:00,54.0,1258,1007.1,0.0,10022,37.5,110.0,1.0
29.9,2025-04-20 17:47:00.976000+00:00,54.0,1258,1007.2,0.0,10022,37.6,0.0,1.2
29.9,2025-04-20 17:48:00.945000+00:00,54.0,1258,1007.1,0.0,10022,37.7,65.0,0.6
29.9,2025-04-20 17:49:00.937000+00:00,54.0,1258,1007.1,0.0,10022,37.7,48.0,1.8
30.0,2025-04-20 17:50:00.927000+00:00,53.0,1258,1007.2,0.0,10022,37.3,171.0,1.6
30.0,2025-04-20 17:51:00.946000+00:00,53.0,1258,1007.0,0.0,10022,37.2,110.0,1.3
30.0,2025-04-20 17:52:00.939000+00:00,54.0,1258,1007.1,0.0,10022,37.4,148.0,1.5
30.0,2025-04-20 17:53:00.941000+00:00,53.0,1258,1007.1,0.0,10022,37.4,153.0,1.5
30.1,2025-04-20 17:54:00.946000+00:00,52.0,1258,1007.1,0.0,10022,37.3,182.0,0.4
30.1,2025-04-20 17:55:00.937000+00:00,52.0,1258,1007.1,0.0,10022,37.1,141.0,1.1
30.3,2025-04-20 17:56:00.945000+00:00,51.0,1258,1007.1,0.0,10022,36.9,178.0,1.2
30.3,2025-04-20 17:57:00.943000+00:00,52.0,1258,1007.1,0.0,10022,36.7,197.0,0.8
30.4,2025-04-20 17:58:00.939000+00:00,52.0,1258,1007.1,0.0,10022,36.6,0.0,0.8
30.5,2025-04-20 17:59:00.946000+00:00,51.0,1258,1007.2,0.0,10022,36.6,0.0,0.9
30.5,2025-04-20 18:00:00.947000+00:00,52.0,1258,1007.1,0.0,10022,36.9,239.0,0.3
30.7,2025-04-20 18:01:00.946000+00:00,51.0,1258,1007.1,0.0,10022,37.0,157.0,0.9
31.0,2025-04-20 18:02:00.947000+00:00,50.0,1258,1007.1,0.0,10022,37.0,178.0,1.2
31.1,2025-04-20 18:03:00.955000+00:00,49.0,1258,1007.1,0.0,10022,37.0,121.0,1.6
31.3,2025-04-20 18:04:00.944000+00:00,48.0,1258,1007.2,0.0,10022,36.9,150.0,1.0
31.4,2025-04-20 18:05:00.941000+00:00,48.0,1258,1007.1,0.0,10022,36.7,236.0,0.7
31.4,2025-04-20 18:06:00.941000+00:00,48.0,1258,1007.2,0.0,10022,36.6,163.0,1.1
31.5,2025-04-20 18:07:00.948000+00:00,48.0,1258,1007.3,0.0,10022,36.6,176.0,1.0
31.5,2025-04-20 18:08:00.955000+00:00,48.0,1258,1007.2,0.0,10022,36.7,265.0,1.3
31.5,2025-04-20 18:09:00.944000+00:00,48.0,1258,1007.2,0.0,10022,36.5,58.0,0.6
31.5,2025-04-20 18:10:00.949000+00:00,48.0,1258,1007.3,0.0,10022,36.6,132.0,0.7
31.6,2025-04-20 18:11:00.961000+00:00,48.0,1258,1007.2,0.0,10022,36.7,135.0,1.0
31.6,2025-04-20 18:12:00.946000+00:00,47.0,1258,1007.3,0.0,10022,36.7,337.0,1.5
31.6,2025-04-20 18:13:00.958000+00:00,47.0,1258,1007.1,0.0,10022,36.4,150.0,1.2
31.7,2025-04-20 18:14:00.957000+00:00,47.0,1258,1007.2,0.0,10022,36.5,161.0,1.3
31.6,2025-04-20 18:15:00.960000+00:00,47.0,1258,1007.2,0.0,10022,36.5,141.0,0.8
31.6,2025-04-20 18:16:00.970000+00:00,47.0,1258,1007.2,0.0,10022,36.4,121.0,1.6
31.6,2025-04-20 18:17:00.958000+00:00,47.0,1258,1007.2,0.0,10022,36.3,162.0,1.5
31.6,2025-04-20 18:18:00.961000+00:00,47.0,1258,1007.2,0.0,10022,36.3,78.0,1.3
31.6,2025-04-20 18:19:00.948000+00:00,47.0,1258,1007.2,0.0,10022,36.3,127.0,0.7
31.6,2025-04-20 18:20:00.960000+00:00,47.0,1258,1007.3,0.0,10022,36.1,183.0,0.7
31.6,2025-04-20 18:21:00.952000+00:00,48.0,1258,1007.3,0.0,10022,36.2,148.0,1.3
31.7,2025-04-20 18:22:00.997000+00:00,48.0,1258,1007.2,0.0,10022,36.2,35.0,0.8
31.6,2025-04-20 18:23:00.959000+00:00,48.0,1258,1007.2,0.0,10022,36.2,0.0,0.5
31.6,2025-04-20 18:24:00.960000+00:00,48.0,1258,1007.3,0.0,10022,36.0,0.0,0.3
31.6,2025-04-20 18:25:00.963000+00:00,48.0,1258,1007.2,0.0,10022,35.9,153.0,0.4
31.6,2025-04-20 18:26:00.961000+00:00,48.0,1258,1007.2,0.0,10022,36.0,267.0,1.1
31.6,2025-04-20 18:27:00.970000+00:00,48.0,1258,1007.2,0.0,10022,36.2,275.0,0.5
31.6,2025-04-20 18:28:01.027000+00:00,48.0,1258,1007.3,0.0,10022,36.1,301.0,1.3
23.6,2025-05-03 15:17:34.225000+00:00,81.0,1259,1016.1,1.0,10028,29.2,325.0,1.3
23.4,2025-05-03 15:18:34.193000+00:00,82.0,1259,1016.1,1.0,10028,29.3,340.0,1.1
23.4,2025-05-03 15:19:34.203000+00:00,81.0,1259,1016.1,1.0,10028,29.5,292.0,1.0
23.5,2025-05-03 15:20:34.220000+00:00,82.0,1259,1016.1,1.0,10028,29.8,335.0,1.0
23.5,2025-05-03 15:21:34.208000+00:00,83.0,1259,1016.2,0.0,10028,30.1,323.0,0.8
23.5,2025-05-03 15:22:34.209000+00:00,83.0,1259,1016.1,0.0,10028,30.2,322.0,0.6
23.5,2025-05-03 15:23:34.222000+00:00,82.0,1259,1016.1,0.0,10028,30.2,355.0,0.7
23.7,2025-05-03 15:24:34.238000+00:00,83.0,1259,1016.2,0.0,10028,30.2,95.0,0.6
23.7,2025-05-03 15:25:34.229000+00:00,81.0,1259,1016.2,0.0,10028,30.0,120.0,1.0
23.7,2025-05-03 15:26:34.223000+00:00,82.0,1259,1016.2,1.0,10028,30.0,68.0,0.8
23.8,2025-05-03 15:27:34.236000+00:00,82.0,1259,1016.2,1.0,10028,30.0,46.0,0.5
23.8,2025-05-03 15:28:34.239000+00:00,82.0,1259,1016.2,1.0,10028,30.0,70.0,0.5
23.8,2025-05-03 15:29:34.260000+00:00,82.0,1259,1016.2,1.0,10028,30.0,0.0,0.3
23.8,2025-05-03 15:30:34.256000+00:00,83.0,1259,1016.2,1.0,10028,30.1,103.0,0.5
23.8,2025-05-03 15:31:34.273000+00:00,84.0,1259,1016.3,1.0,10028,30.2,113.0,1.4
23.7,2025-05-03 15:32:34.259000+00:00,85.0,1259,1016.2,1.0,10028,30.4,100.0,1.1
23.6,2025-05-03 15:33:34.274000+00:00,85.0,1259,1016.2,1.0,10028,28.6,97.0,1.9
23.4,2025-05-03 15:34:34.278000+00:00,85.0,1259,1016.3,1.0,10028,28.2,98.0,2.0
23.3,2025-05-03 15:35:34.288000+00:00,86.0,1259,1016.3,1.0,10028,26.9,109.0,2.5
23.3,2025-05-03 15:36:34.302000+00:00,86.0,1259,1016.3,1.0,10028,26.9,101.0,2.3
23.1,2025-05-03 15:37:34.323000+00:00,86.0,1259,1016.3,1.0,10028,28.4,106.0,2.1
23.0,2025-05-03 15:38:34.307000+00:00,85.0,1259,1016.4,1.0,10028,28.4,99.0,2.4
22.8,2025-05-03 15:39:34.318000+00:00,86.0,1259,1016.3,1.0,10028,28.4,88.0,1.5
22.9,2025-05-03 15:40:34.345000+00:00,86.0,1259,1016.2,1.0,10028,28.6,105.0,1.9
22.8,2025-05-03 15:41:34.391000+00:00,85.0,1259,1016.3,1.0,10028,28.7,104.0,2.4
22.8,2025-05-03 15:42:34.583000+00:00,86.0,1259,1016.3,1.0,10028,29.0,116.0,2.0
22.8,2025-05-03 15:43:34.380000+00:00,86.0,1259,1016.2,0.0,10028,29.1,105.0,1.9
22.9,2025-05-03 15:44:34.365000+00:00,86.0,1259,1016.2,0.0,10028,29.1,105.0,1.9
22.8,2025-05-03 15:45:34.384000+00:00,86.0,1259,1016.2,0.0,10028,29.1,105.0,1.9
22.9,2025-05-03 15:46:34.407000+00:00,85.0,1259,1016.2,0.0,10028,29.3,100.0,2.0
22.9,2025-05-03 15:47:34.385000+00:00,86.0,1259,1016.3,0.0,10028,29.5,116.0,1.5
23.0,2025-05-03 15:48:34.395000+00:00,86.0,1259,1016.3,0.0,10028,29.8,113.0,1.7
23.0,2025-05-03 15:49:34.401000+00:00,86.0,1259,1016.3,0.0,10028,30.4,88.0,1.4
23.0,2025-05-03 15:50:34.411000+00:00,85.0,1259,1016.3,0.0,10028,30.4,102.0,1.5
23.0,2025-05-03 15:51:34.395000+00:00,85.0,1259,1016.4,0.0,10028,30.1,114.0,1.2
23.0,2025-05-03 15:52:34.405000+00:00,84.0,1259,1016.4,0.0,10028,30.4,114.0,1.0
23.0,2025-05-03 15:53:34.386000+00:00,86.0,1259,1016.3,0.0,10028,30.9,89.0,1.5
23.1,2025-05-03 15:54:34.387000+00:00,84.0,1259,1016.2,0.0,10028,30.7,104.0,1.8
23.1,2025-05-03 15:55:34.397000+00:00,84.0,1259,1016.2,0.0,10028,30.5,96.0,2.1
23.2,2025-05-03 15:56:34.420000+00:00,83.0,1259,1016.2,1.0,10028,30.3,99.0,1.3
23.3,2025-05-03 15:57:34.398000+00:00,84.0,1259,1016.2,1.0,10028,30.5,100.0,1.3
23.4,2025-05-03 15:58:34.429000+00:00,85.0,1259,1016.1,1.0,10028,30.9,122.0,1.2
23.5,2025-05-03 15:59:34.443000+00:00,84.0,1259,1016.1,1.0,10028,30.9,109.0,1.8
23.5,2025-05-03 16:00:34.462000+00:00,84.0,1259,1016.0,1.0,10028,30.6,124.0,2.4
23.6,2025-05-03 16:01:34.459000+00:00,84.0,1259,1016.0,1.0,10028,30.8,106.0,2.3
23.6,2025-05-03 16:02:34.494000+00:00,85.0,1259,1016.0,1.0,10028,31.2,103.0,2.5
23.6,2025-05-03 16:03:34.485000+00:00,84.0,1259,1016.0,0.0,10028,31.2,118.0,2.6
23.6,2025-05-03 16:04:34.501000+00:00,82.0,1259,1016.0,0.0,10028,31.1,124.0,3.4
23.9,2025-05-03 16:05:34.494000+00:00,84.0,1259,1016.0,0.0,10028,31.1,108.0,1.8
23.9,2025-05-03 16:06:34.488000+00:00,83.0,1259,1016.0,0.0,10028,31.5,115.0,2.6
23.9,2025-05-03 16:07:34.495000+00:00,82.0,1259,1016.0,0.0,10028,31.7,120.0,2.8
24.0,2025-05-03 16:08:34.513000+00:00,82.0,1259,1016.0,0.0,10028,32.1,117.0,3.2
24.0,2025-05-03 16:09:34.510000+00:00,79.0,1259,1016.0,0.0,10028,32.2,130.0,2.0
24.2,2025-05-03 16:10:34.504000+00:00,79.0,1259,1015.9,0.0,10028,32.1,121.0,2.2
24.4,2025-05-03 16:11:34.510000+00:00,78.0,1259,1016.0,0.0,10028,32.1,113.0,3.1
24.5,2025-05-03 16:12:34.527000+00:00,76.0,1259,1016.0,0.0,10028,31.7,107.0,2.7
24.5,2025-05-03 16:13:34.524000+00:00,76.0,1259,1015.8,0.0,10028,31.5,116.0,3.4
24.6,2025-05-03 16:14:34.537000+00:00,74.0,1259,1015.8,0.0,10028,31.0,108.0,3.3
24.7,2025-05-03 16:15:34.535000+00:00,76.0,1259,1015.8,0.0,10028,31.2,124.0,2.2
24.8,2025-05-03 16:16:34.548000+00:00,75.0,1259,1015.9,0.0,10028,31.2,119.0,2.5
25.0,2025-05-03 16:17:34.535000+00:00,74.0,1259,1015.9,0.0,10028,31.2,117.0,2.2
25.1,2025-05-03 16:18:34.555000+00:00,76.0,1259,1015.8,0.0,10028,31.2,112.0,2.0
25.1,2025-05-03 16:19:34.565000+00:00,76.0,1259,1015.9,0.0,10028,31.0,92.0,2.2
25.2,2025-05-03 16:20:34.565000+00:00,76.0,1259,1015.7,0.0,10028,31.0,117.0,2.2
25.3,2025-05-03 16:21:34.575000+00:00,77.0,1259,1015.7,0.0,10028,31.5,119.0,2.4
25.3,2025-05-03 16:22:34.604000+00:00,76.0,1259,1015.7,0.0,10028,31.5,110.0,3.4
25.2,2025-05-03 16:23:34.602000+00:00,75.0,1259,1015.7,0.0,10028,31.3,121.0,3.6
25.3,2025-05-03 16:24:34.603000+00:00,76.0,1259,1015.6,0.0,10028,31.4,119.0,2.6
25.5,2025-05-03 16:25:34.599000+00:00,75.0,1259,1015.6,0.0,10028,31.5,119.0,3.3
25.5,2025-05-03 16:26:34.604000+00:00,76.0,1259,1015.6,0.0,10028,31.7,108.0,2.8
25.5,2025-05-03 16:27:34.617000+00:00,77.0,1259,1015.7,0.0,10028,32.0,113.0,2.8
25.7,2025-05-03 16:28:34.606000+00:00,76.0,1259,1015.7,0.0,10028,32.1,101.0,1.5
25.7,2025-05-03 16:29:34.645000+00:00,78.0,1259,1015.6,0.0,10028,32.4,109.0,2.3
25.8,2025-05-03 16:30:34.650000+00:00,76.0,1259,1015.7,0.0,10028,32.4,99.0,2.7
25.8,2025-05-03 16:31:34.641000+00:00,75.0,1259,1015.7,0.0,10028,32.2,102.0,1.4
25.8,2025-05-03 16:32:34.656000+00:00,77.0,1259,1015.6,0.0,10028,32.1,301.0,1.5
25.9,2025-05-03 16:33:34.679000+00:00,78.0,1259,1015.7,0.0,10028,32.4,61.0,1.0
26.0,2025-05-03 16:34:34.732000+00:00,79.0,1259,1015.6,0.0,10028,32.4,113.0,1.0
26.0,2025-05-03 16:35:34.712000+00:00,77.0,1259,1015.7,0.0,10028,32.6,34.0,1.0
26.0,2025-05-03 16:36:34.718000+00:00,79.0,1259,1015.7,0.0,10028,32.6,126.0,0.7
26.1,2025-05-03 16:37:34.731000+00:00,76.0,1259,1015.7,0.0,10028,32.4,109.0,2.0
26.2,2025-05-03 16:38:34.725000+00:00,76.0,1259,1015.7,0.0,10028,31.9,54.0,1.5
26.2,2025-05-03 16:39:34.734000+00:00,76.0,1259,1015.7,0.0,10028,31.5,107.0,1.0
26.1,2025-05-03 16:40:34.730000+00:00,77.0,1259,1015.7,0.0,10028,31.5,74.0,1.0
26.2,2025-05-03 16:41:34.734000+00:00,77.0,1259,1015.6,0.0,10028,31.5,259.0,0.6
26.2,2025-05-03 16:42:34.743000+00:00,75.0,1259,1015.6,0.0,10028,31.7,56.0,0.6
26.1,2025-05-03 16:43:34.735000+00:00,75.0,1259,1015.4,0.0,10028,31.3,348.0,1.1
26.2,2025-05-03 16:44:34.775000+00:00,76.0,1259,1015.5,0.0,10028,31.3,91.0,0.9
26.3,2025-05-03 16:45:34.762000+00:00,76.0,1259,1015.5,0.0,10028,31.3,354.0,0.8
26.4,2025-05-03 16:46:34.782000+00:00,76.0,1259,1015.4,0.0,10028,31.4,321.0,0.6
26.5,2025-05-03 16:47:34.776000+00:00,76.0,1259,1015.4,0.0,10028,32.2,307.0,1.0
26.6,2025-05-03 16:48:34.813000+00:00,76.0,1259,1015.4,0.0,10028,32.3,0.0,0.5
26.7,2025-05-03 16:49:34.808000+00:00,74.0,1259,1015.5,0.0,10028,32.3,334.0,0.6
26.7,2025-05-03 16:50:34.830000+00:00,75.0,1259,1015.4,0.0,10028,31.5,277.0,1.1
26.8,2025-05-03 16:51:34.824000+00:00,76.0,1259,1015.3,0.0,10028,31.4,295.0,0.9
26.7,2025-05-03 16:52:34.845000+00:00,75.0,1259,1015.4,0.0,10028,31.4,317.0,1.6
26.9,2025-05-03 16:53:34.860000+00:00,75.0,1259,1015.4,0.0,10028,31.4,315.0,1.2
26.8,2025-05-03 16:54:34.874000+00:00,75.0,1259,1015.3,0.0,10028,31.3,330.0,0.9
26.9,2025-05-03 16:55:34.926000+00:00,73.0,1259,1015.3,0.0,10028,31.0,320.0,1.0
26.8,2025-05-03 16:56:34.933000+00:00,73.0,1259,1015.3,0.0,10028,30.5,292.0,0.7
26.8,2025-05-03 16:57:34.968000+00:00,74.0,1259,1015.3,0.0,10028,30.2,236.0,1.1
26.8,2025-05-03 16:58:34.964000+00:00,73.0,1259,1015.3,0.0,10028,30.2,104.0,1.5
26.8,2025-05-03 16:59:34.969000+00:00,74.0,1259,1015.3,0.0,10028,30.0,310.0,1.4
26.7,2025-05-03 17:00:35.008000+00:00,74.0,1259,1015.3,0.0,10028,30.0,90.0,1.2
26.7,2025-05-03 17:01:35.002000+00:00,73.0,1259,1015.3,0.0,10028,29.6,149.0,0.7
26.6,2025-05-03 17:02:35.008000+00:00,73.0,1259,1015.3,0.0,10028,29.3,30.0,0.6
26.6,2025-05-03 17:03:35.018000+00:00,74.0,1259,1015.2,0.0,10028,29.3,59.0,0.8
26.6,2025-05-03 17:04:35.018000+00:00,73.0,1259,1015.2,0.0,10028,29.5,325.0,1.1
26.5,2025-05-03 17:05:35.052000+00:00,74.0,1259,1015.2,0.0,10028,29.8,317.0,1.0
26.6,2025-05-03 17:06:35.046000+00:00,73.0,1259,1015.2,0.0,10028,30.0,287.0,0.6
26.6,2025-05-03 17:07:35.035000+00:00,73.0,1259,1015.3,0.0,10028,30.4,278.0,1.3
26.7,2025-05-03 17:08:35.064000+00:00,72.0,1259,1015.2,0.0,10028,30.3,126.0,1.0
26.6,2025-05-03 17:09:35.058000+00:00,72.0,1259,1015.1,0.0,10028,30.3,105.0,1.5
26.7,2025-05-03 17:10:35.076000+00:00,72.0,1259,1015.1,0.0,10028,30.2,103.0,1.8
26.5,2025-05-04 19:06:44.804000+00:00,68.0,1259,1012.0,0.0,10033,39.9,34.0,0.8
26.5,2025-05-04 19:07:44.839000+00:00,67.0,1259,1012.1,0.0,10033,40.6,12.0,1.6
26.6,2025-05-04 19:08:44.869000+00:00,68.0,1259,1012.2,0.0,10033,40.7,343.0,1.9
26.7,2025-05-04 19:09:44.857000+00:00,68.0,1259,1012.1,0.0,10033,41.7,308.0,1.2
26.8,2025-05-04 19:10:44.860000+00:00,68.0,1259,1012.3,0.0,10033,42.2,313.0,1.4
26.9,2025-05-04 19:11:44.893000+00:00,69.0,1259,1012.2,0.0,10033,42.1,329.0,0.8
26.9,2025-05-04 19:12:44.903000+00:00,66.0,1259,1012.3,0.0,10033,42.6,283.0,1.6
27.0,2025-05-04 19:13:44.912000+00:00,67.0,1259,1012.3,0.0,10033,43.2,311.0,1.2
27.0,2025-05-04 19:14:44.912000+00:00,66.0,1259,1012.2,0.0,10033,43.2,309.0,2.0
27.1,2025-05-04 19:15:44.923000+00:00,66.0,1259,1012.1,0.0,10033,43.1,285.0,1.8
27.1,2025-05-04 19:16:44.942000+00:00,67.0,1259,1012.1,0.0,10033,43.2,328.0,1.0
27.2,2025-05-04 19:17:44.943000+00:00,65.0,1259,1012.1,0.0,10033,42.7,103.0,0.8
27.3,2025-05-04 19:18:44.943000+00:00,65.0,1259,1012.1,0.0,10033,43.0,108.0,1.3
27.4,2025-05-04 19:19:44.947000+00:00,65.0,1259,1012.1,0.0,10033,43.0,67.0,0.9
27.6,2025-05-04 19:20:44.962000+00:00,66.0,1259,1012.2,0.0,10033,42.9,80.0,0.8
27.8,2025-05-04 19:21:44.984000+00:00,65.0,1259,1012.2,0.0,10033,44.1,98.0,1.4
28.0,2025-05-04 19:22:44.979000+00:00,63.0,1259,1012.4,0.0,10033,44.5,66.0,1.5
27.9,2025-05-04 19:23:44.986000+00:00,63.0,1259,1012.5,0.0,10033,44.5,0.0,0.7
27.9,2025-05-04 19:24:44.984000+00:00,59.0,1259,1012.5,0.0,10033,45.2,89.0,0.4
27.8,2025-05-04 19:25:44.986000+00:00,60.0,1259,1012.5,0.0,10033,44.6,7.0,1.4
27.7,2025-05-04 19:26:45.008000+00:00,59.0,1259,1012.6,0.0,10033,43.3,3.0,1.4
27.6,2025-05-04 19:27:45.010000+00:00,59.0,1259,1012.5,0.0,10033,42.8,339.0,1.1
27.6,2025-05-04 19:28:45.039000+00:00,59.0,1259,1012.5,0.0,10033,41.9,43.0,0.8
27.5,2025-05-04 19:29:45.047000+00:00,59.0,1259,1012.5,0.0,10033,43.2,95.0,1.6
27.3,2025-05-04 19:30:45.047000+00:00,60.0,1259,1012.5,0.0,10033,40.7,64.0,2.4
27.2,2025-05-04 19:31:45.024000+00:00,61.0,1259,1012.6,0.0,10033,39.8,70.0,1.2
27.1,2025-05-04 19:32:45.041000+00:00,59.0,1259,1012.5,0.0,10033,39.8,65.0,1.7
27.0,2025-05-04 19:33:45.039000+00:00,62.0,1259,1012.5,0.0,10033,40.8,354.0,2.0
26.9,2025-05-04 19:34:45.064000+00:00,63.0,1259,1012.6,0.0,10033,43.2,121.0,1.3
26.9,2025-05-04 19:35:45.064000+00:00,63.0,1259,1012.5,0.0,10033,43.9,105.0,1.7
26.9,2025-05-04 19:36:45.077000+00:00,64.0,1259,1012.6,0.0,10033,43.6,120.0,2.0
27.0,2025-05-04 19:37:45.080000+00:00,63.0,1259,1012.6,0.0,10033,43.6,109.0,2.0
27.1,2025-05-04 19:38:45.115000+00:00,63.0,1259,1012.7,0.0,10033,42.8,95.0,2.4
27.1,2025-05-04 19:39:45.128000+00:00,63.0,1259,1012.8,0.0,10033,42.6,82.0,1.6
27.1,2025-05-04 19:40:45.128000+00:00,64.0,1259,1012.7,0.0,10033,41.8,0.0,0.9
27.1,2025-05-04 19:41:45.102000+00:00,64.0,1259,1012.8,0.0,10033,41.8,0.0,1.0
27.0,2025-05-04 19:42:45.129000+00:00,63.0,1259,1012.8,0.0,10033,42.0,358.0,0.7
26.9,2025-05-04 19:43:45.125000+00:00,63.0,1259,1012.7,0.0,10033,41.7,351.0,1.0
26.8,2025-05-04 19:44:45.136000+00:00,64.0,1259,1012.7,0.0,10033,40.7,349.0,2.3
26.7,2025-05-04 19:45:45.152000+00:00,65.0,1259,1012.7,0.0,10033,40.3,10.0,1.4
26.5,2025-05-04 19:46:45.170000+00:00,65.0,1259,1012.8,0.0,10033,40.3,99.0,0.5
26.5,2025-05-04 19:47:45.174000+00:00,66.0,1259,1012.8,0.0,10033,40.3,105.0,1.2
26.4,2025-05-04 19:48:45.160000+00:00,65.0,1259,1012.7,0.0,10033,40.3,337.0,0.5
26.4,2025-05-04 19:49:45.195000+00:00,65.0,1259,1012.7,0.0,10033,40.3,330.0,1.8
26.4,2025-05-04 19:50:45.195000+00:00,65.0,1259,1012.7,0.0,10033,40.2,2.0,1.8
26.3,2025-05-04 19:51:45.217000+00:00,65.0,1259,1012.8,0.0,10033,40.2,307.0,1.3
26.3,2025-05-04 19:52:45.217000+00:00,64.0,1259,1012.7,0.0,10033,37.4,324.0,1.2
26.2,2025-05-04 19:53:45.246000+00:00,63.0,1259,1012.6,0.0,10033,37.4,68.0,1.1
26.1,2025-05-04 19:54:45.256000+00:00,64.0,1259,1012.6,0.0,10033,39.8,104.0,1.3
26.1,2025-05-04 19:55:45.245000+00:00,64.0,1259,1012.6,0.0,10033,39.8,0.0,0.6
26.1,2025-05-04 19:56:45.258000+00:00,65.0,1259,1012.5,0.0,10033,39.4,161.0,0.7
26.1,2025-05-04 19:57:45.268000+00:00,65.0,1259,1012.6,0.0,10033,40.0,245.0,0.3
26.2,2025-05-04 19:58:45.288000+00:00,64.0,1259,1012.6,0.0,10033,40.8,310.0,0.4
26.3,2025-05-04 19:59:45.299000+00:00,64.0,1259,1012.5,0.0,10033,40.9,0.0,0.4
26.3,2025-05-04 20:00:45.299000+00:00,64.0,1259,1012.5,0.0,10033,40.9,15.0,0.6
26.3,2025-05-04 20:01:45.299000+00:00,65.0,1259,1012.5,0.0,10033,39.8,283.0,1.2
26.3,2025-05-04 20:02:45.301000+00:00,65.0,1259,1012.5,0.0,10033,39.8,283.0,1.2
26.3,2025-05-04 20:03:45.310000+00:00,65.0,1259,1012.5,0.0,10033,39.7,243.0,1.2
26.4,2025-05-04 20:04:45.321000+00:00,64.0,1259,1012.4,0.0,10033,40.0,147.0,1.3
26.4,2025-05-04 20:05:45.337000+00:00,64.0,1259,1012.3,0.0,10033,40.3,105.0,1.2
26.5,2025-05-04 20:06:45.342000+00:00,62.0,1259,1012.4,0.0,10033,40.1,89.0,1.2
26.7,2025-05-04 20:07:45.348000+00:00,63.0,1259,1012.3,0.0,10033,39.8,219.0,0.8
26.7,2025-05-04 20:08:45.351000+00:00,62.0,1259,1012.3,0.0,10033,39.1,10.0,0.7
26.6,2025-05-04 20:09:45.337000+00:00,63.0,1259,1012.4,0.0,10033,39.0,4.0,0.4
26.5,2025-05-04 20:10:45.361000+00:00,63.0,1259,1012.5,0.0,10033,38.6,10.0,1.4
26.4,2025-05-04 20:11:45.377000+00:00,64.0,1259,1012.5,0.0,10033,38.5,229.0,1.3
26.4,2025-05-04 20:12:45.377000+00:00,64.0,1259,1012.5,0.0,10033,38.4,0.0,0.0
26.5,2025-05-04 20:13:45.381000+00:00,65.0,1259,1012.6,0.0,10033,38.5,355.0,1.0
26.6,2025-05-04 20:14:45.386000+00:00,64.0,1259,1012.5,0.0,10033,38.9,346.0,0.8
26.6,2025-05-04 20:15:45.399000+00:00,63.0,1259,1012.6,0.0,10033,38.9,0.0,0.7
26.6,2025-05-04 20:16:45.401000+00:00,63.0,1259,1012.5,0.0,10033,38.9,189.0,0.9
26.7,2025-05-04 20:17:45.389000+00:00,62.0,1259,1012.4,0.0,10033,38.9,302.0,1.0
26.7,2025-05-04 20:18:45.385000+00:00,61.0,1259,1012.6,0.0,10033,39.0,40.0,1.0
26.7,2025-05-04 20:19:45.384000+00:00,62.0,1259,1012.6,0.0,10033,38.9,324.0,1.4
26.6,2025-05-04 20:20:45.390000+00:00,62.0,1259,1012.6,0.0,10033,38.5,338.0,1.3
26.6,2025-05-04 20:21:45.392000+00:00,62.0,1259,1012.6,0.0,10033,38.5,95.0,1.1
26.6,2025-05-04 20:22:45.381000+00:00,62.0,1259,1012.5,0.0,10033,38.4,356.0,1.1
26.8,2025-05-04 20:23:45.409000+00:00,62.0,1259,1012.5,0.0,10033,38.2,296.0,0.5
26.7,2025-05-04 20:24:45.407000+00:00,62.0,1259,1012.5,0.0,10033,38.2,28.0,1.4
26.6,2025-05-04 20:25:45.417000+00:00,62.0,1259,1012.4,0.0,10033,38.1,270.0,1.4
26.6,2025-05-04 20:26:45.463000+00:00,63.0,1259,1012.4,0.0,10033,37.6,235.0,0.8
26.5,2025-05-04 20:27:45.456000+00:00,63.0,1259,1012.4,0.0,10033,37.6,193.0,0.8
26.5,2025-05-04 20:28:45.462000+00:00,63.0,1259,1012.3,0.0,10033,37.7,282.0,0.6
26.6,2025-05-04 20:29:45.458000+00:00,62.0,1259,1012.5,0.0,10033,37.7,306.0,0.6
26.5,2025-05-04 20:30:45.448000+00:00,63.0,1259,1012.4,0.0,10033,37.6,332.0,0.7
26.7,2025-05-04 20:31:45.459000+00:00,63.0,1259,1012.5,0.0,10033,37.6,247.0,0.7
26.8,2025-05-04 20:32:45.447000+00:00,61.0,1259,1012.5,0.0,10033,37.8,283.0,0.6
26.8,2025-05-04 20:33:45.458000+00:00,61.0,1259,1012.4,0.0,10033,38.0,343.0,0.7
26.8,2025-05-04 20:34:45.465000+00:00,61.0,1259,1012.5,0.0,10033,37.9,291.0,0.8
26.6,2025-05-04 20:35:45.476000+00:00,61.0,1259,1012.3,0.0,10033,37.6,306.0,0.6
26.5,2025-05-04 20:36:45.501000+00:00,61.0,1259,1012.3,0.0,10033,37.6,318.0,0.9
26.6,2025-05-04 20:37:45.498000+00:00,61.0,1259,1012.2,0.0,10033,37.8,267.0,0.9
26.7,2025-05-04 20:38:45.491000+00:00,61.0,1259,1012.1,0.0,10033,37.8,266.0,0.7
26.8,2025-05-04 20:39:45.512000+00:00,60.0,1259,1012.0,0.0,10033,37.8,204.0,0.4
26.8,2025-05-04 20:40:45.510000+00:00,59.0,1259,1012.0,0.0,10033,37.9,159.0,0.0
26.8,2025-05-04 20:41:45.555000+00:00,59.0,1259,1012.0,0.0,10033,37.7,259.0,0.8
26.8,2025-05-04 20:42:45.564000+00:00,59.0,1259,1011.9,0.0,10033,37.7,250.0,0.8
26.8,2025-05-04 20:43:45.564000+00:00,60.0,1259,1011.9,0.0,10033,37.5,326.0,0.9
26.7,2025-05-04 20:44:45.581000+00:00,60.0,1259,1011.9,0.0,10033,37.3,336.0,0.8
26.6,2025-05-04 20:45:45.574000+00:00,60.0,1259,1011.9,0.0,10033,37.2,314.0,0.8
26.6,2025-05-04 20:46:45.594000+00:00,59.0,1259,1011.8,0.0,10033,37.0,323.0,1.3
26.6,2025-05-04 20:47:45.603000+00:00,59.0,1259,1011.8,0.0,10033,36.9,316.0,1.7
26.6,2025-05-04 20:48:45.625000+00:00,60.0,1259,1012.0,0.0,10033,36.6,293.0,1.4
26.6,2025-05-04 20:49:45.598000+00:00,61.0,1259,1012.0,1.0,10033,36.4,302.0,0.9
26.6,2025-05-04 20:50:45.620000+00:00,61.0,1259,1011.9,1.0,10033,36.4,315.0,1.0
26.5,2025-05-04 20:51:45.630000+00:00,60.0,1259,1011.9,1.0,10033,36.4,331.0,1.0
26.5,2025-05-04 20:52:45.627000+00:00,60.0,1259,1012.2,0.0,10033,36.0,324.0,1.1
26.5,2025-05-04 20:53:45.616000+00:00,60.0,1259,1012.1,0.0,10033,36.0,288.0,1.2
26.4,2025-05-04 20:54:45.616000+00:00,59.0,1259,1012.2,1.0,10033,36.4,335.0,0.7
26.4,2025-05-04 20:55:45.627000+00:00,60.0,1259,1012.1,1.0,10033,35.8,300.0,1.4
26.3,2025-05-04 20:56:45.621000+00:00,61.0,1259,1012.3,0.0,10033,35.5,300.0,1.1
26.2,2025-05-04 20:57:45.622000+00:00,61.0,1259,1012.3,0.0,10033,36.1,329.0,0.9
26.2,2025-05-04 20:58:45.633000+00:00,61.0,1259,1012.3,0.0,10033,36.1,311.0,0.9
26.1,2025-05-04 20:59:45.641000+00:00,61.0,1259,1012.3,0.0,10033,35.9,322.0,1.2
26.1,2025-05-04 21:00:45.621000+00:00,62.0,1259,1012.3,0.0,10033,35.8,309.0,1.1
26.1,2025-05-04 21:01:45.630000+00:00,63.0,1259,1012.2,0.0,10033,35.5,309.0,1.8
26.1,2025-05-04 21:02:45.619000+00:00,62.0,1259,1012.2,0.0,10033,35.7,306.0,1.5
26.1,2025-05-04 21:03:45.620000+00:00,62.0,1259,1012.3,0.0,10033,36.0,301.0,0.9
26.2,2025-05-04 21:04:45.642000+00:00,62.0,1259,1012.3,0.0,10033,36.0,301.0,0.9
26.2,2025-05-04 21:05:45.642000+00:00,63.0,1259,1012.3,0.0,10033,35.7,335.0,1.0
26.2,2025-05-04 21:06:45.639000+00:00,63.0,1259,1012.3,0.0,10033,35.7,309.0,1.0
26.2,2025-05-04 21:07:45.642000+00:00,63.0,1259,1012.4,0.0,10033,35.5,351.0,1.2
26.2,2025-05-04 21:08:45.646000+00:00,64.0,1259,1012.3,0.0,10033,35.1,307.0,0.9
26.1,2025-05-04 21:09:45.656000+00:00,64.0,1259,1012.2,0.0,10033,34.9,353.0,0.8
26.1,2025-05-04 21:10:45.663000+00:00,64.0,1259,1012.2,0.0,10033,34.9,345.0,0.0
26.0,2025-05-04 21:11:45.660000+00:00,65.0,1259,1012.2,0.0,10033,35.2,305.0,0.5
26.0,2025-05-04 21:12:45.660000+00:00,64.0,1259,1012.1,0.0,10033,35.3,318.0,0.9
26.0,2025-05-04 21:13:45.684000+00:00,64.0,1259,1012.1,0.0,10033,35.6,0.0,0.6
26.0,2025-05-04 21:14:45.697000+00:00,63.0,1259,1012.1,0.0,10033,35.8,211.0,0.0
26.0,2025-05-04 21:15:45.699000+00:00,64.0,1259,1011.9,0.0,10033,35.7,65.0,0.4
26.0,2025-05-04 21:16:45.684000+00:00,64.0,1259,1011.7,0.0,10033,35.4,5.0,0.8
26.1,2025-05-04 21:17:45.692000+00:00,64.0,1259,1011.7,0.0,10033,35.3,296.0,1.0
26.0,2025-05-04 21:18:45.694000+00:00,64.0,1259,1011.6,0.0,10033,35.3,313.0,1.1
26.0,2025-05-04 21:19:45.707000+00:00,64.0,1259,1011.7,0.0,10033,35.3,291.0,1.1
26.1,2025-05-04 21:20:45.699000+00:00,64.0,1259,1011.6,0.0,10033,35.0,276.0,1.3
26.0,2025-05-04 21:21:45.736000+00:00,65.0,1259,1011.7,0.0,10033,35.0,294.0,0.9
26.0,2025-05-04 21:22:45.727000+00:00,64.0,1259,1011.7,0.0,10033,35.1,317.0,0.5
26.0,2025-05-04 21:23:45.753000+00:00,64.0,1259,1011.7,0.0,10033,35.0,339.0,1.1
26.0,2025-05-04 21:24:45.737000+00:00,64.0,1259,1011.8,0.0,10033,34.9,341.0,0.7
25.9,2025-05-04 21:25:45.747000+00:00,64.0,1259,1011.8,0.0,10033,34.9,346.0,1.0
26.0,2025-05-04 21:26:45.766000+00:00,64.0,1259,1011.9,0.0,10033,35.0,321.0,0.9
26.0,2025-05-04 21:27:45.754000+00:00,64.0,1259,1011.9,0.0,10033,34.8,321.0,1.3
25.9,2025-05-04 21:28:45.776000+00:00,64.0,1259,1011.9,0.0,10033,34.9,0.0,1.1
25.9,2025-05-04 21:29:45.785000+00:00,64.0,1259,1012.0,0.0,10033,34.9,327.0,0.7
25.9,2025-05-04 21:30:45.802000+00:00,64.0,1259,1011.9,0.0,10033,34.9,318.0,0.8
26.0,2025-05-04 21:31:45.817000+00:00,64.0,1259,1012.0,0.0,10033,34.9,329.0,0.9
26.0,2025-05-04 21:32:45.819000+00:00,64.0,1259,1012.0,0.0,10033,34.9,324.0,1.4
26.0,2025-05-04 21:33:45.814000+00:00,65.0,1259,1012.0,0.0,10033,34.9,329.0,0.9
25.9,2025-05-04 21:34:45.829000+00:00,65.0,1259,1011.9,0.0,10033,34.9,336.0,1.1
23.8,2025-05-18 12:08:08.577000+00:00,40.0,1260,1010.2,0.0,9987,45.1,292.0,3.4
23.7,2025-05-18 12:09:08.575000+00:00,39.0,1260,1010.2,0.0,9987,45.0,285.0,3.4
23.5,2025-05-18 12:10:08.568000+00:00,39.0,1260,1010.1,0.0,9987,44.6,297.0,3.5
23.4,2025-05-18 12:11:08.578000+00:00,39.0,1260,1010.2,0.0,9987,45.0,311.0,3.4
23.5,2025-05-18 12:12:08.579000+00:00,39.0,1260,1010.2,0.0,9987,44.7,291.0,4.0
23.5,2025-05-18 12:13:08.578000+00:00,38.0,1260,1010.2,0.0,9987,44.7,328.0,3.0
23.6,2025-05-18 12:14:08.573000+00:00,39.0,1260,1010.1,0.0,9987,44.6,314.0,2.3
23.6,2025-05-18 12:15:08.562000+00:00,39.0,1260,1010.1,0.0,9987,45.5,296.0,3.5
23.6,2025-05-18 12:16:08.571000+00:00,39.0,1260,1010.2,0.0,9987,45.6,283.0,3.8
23.8,2025-05-18 12:17:08.590000+00:00,38.0,1260,1010.2,0.0,9987,45.2,342.0,3.4
23.8,2025-05-18 12:18:08.575000+00:00,38.0,1260,1010.1,0.0,9987,45.0,287.0,3.1
23.7,2025-05-18 12:19:08.582000+00:00,38.0,1260,1010.2,0.0,9987,45.0,271.0,3.1
23.8,2025-05-18 12:20:08.582000+00:00,37.0,1260,1010.2,0.0,9987,45.0,305.0,3.5
23.8,2025-05-18 12:21:08.589000+00:00,37.0,1260,1010.2,0.0,9987,45.0,309.0,2.7
23.8,2025-05-18 12:22:08.603000+00:00,38.0,1260,1010.1,0.0,9987,45.1,287.0,2.8
23.9,2025-05-18 12:23:08.605000+00:00,39.0,1260,1010.1,0.0,9987,45.1,283.0,2.8
23.9,2025-05-18 12:24:08.578000+00:00,39.0,1260,1010.0,0.0,9987,45.5,292.0,3.0
23.9,2025-05-18 12:25:08.588000+00:00,38.0,1260,1010.1,0.0,9987,45.6,327.0,3.6
24.0,2025-05-18 12:26:08.606000+00:00,37.0,1260,1010.1,0.0,9987,45.5,298.0,4.5
24.0,2025-05-18 12:27:08.623000+00:00,37.0,1260,1010.1,0.0,9987,45.2,276.0,3.2
24.0,2025-05-18 12:28:08.637000+00:00,38.0,1260,1010.1,0.0,9987,45.3,287.0,2.4
24.0,2025-05-18 12:29:08.623000+00:00,38.0,1260,1010.1,0.0,9987,45.6,329.0,2.9
24.0,2025-05-18 12:30:08.642000+00:00,38.0,1260,1010.1,0.0,9987,45.9,284.0,3.2
24.1,2025-05-18 12:31:08.635000+00:00,38.0,1260,1010.0,0.0,9987,45.9,317.0,2.2
24.2,2025-05-18 12:32:08.653000+00:00,37.0,1260,1010.2,0.0,9987,45.8,310.0,3.2
24.2,2025-05-18 12:33:08.644000+00:00,37.0,1260,1009.9,0.0,9987,45.7,326.0,3.5
24.0,2025-05-18 12:34:08.670000+00:00,38.0,1260,1010.1,0.0,9987,44.6,288.0,3.4
23.9,2025-05-18 12:35:08.680000+00:00,37.0,1260,1010.0,0.0,9987,44.6,270.0,3.1
23.8,2025-05-18 12:36:08.681000+00:00,37.0,1260,1010.1,0.0,9987,45.2,256.0,3.0
23.6,2025-05-18 12:37:08.693000+00:00,39.0,1260,1010.0,0.0,9987,45.2,288.0,3.0
23.6,2025-05-18 12:38:08.687000+00:00,39.0,1260,1009.9,0.0,9987,45.8,267.0,2.6
23.5,2025-05-18 12:39:08.687000+00:00,39.0,1260,1010.0,0.0,9987,45.8,268.0,2.9
23.6,2025-05-18 12:40:08.690000+00:00,38.0,1260,1010.0,0.0,9987,45.9,312.0,3.6
23.8,2025-05-18 12:41:08.685000+00:00,37.0,1260,1010.0,0.0,9987,45.5,314.0,3.9
23.9,2025-05-18 12:42:08.713000+00:00,37.0,1260,1010.1,0.0,9987,45.3,288.0,3.3
23.9,2025-05-18 12:43:08.765000+00:00,39.0,1260,1010.0,0.0,9987,45.0,356.0,2.7
23.8,2025-05-18 12:44:08.721000+00:00,39.0,1260,1010.2,0.0,9987,45.6,264.0,3.7
23.8,2025-05-18 12:45:08.722000+00:00,39.0,1260,1010.0,0.0,9987,45.9,288.0,3.2
23.9,2025-05-18 12:46:08.722000+00:00,38.0,1260,1010.0,0.0,9987,45.6,320.0,4.1
24.0,2025-05-18 12:47:08.723000+00:00,38.0,1260,1010.1,0.0,9987,45.0,295.0,5.0
24.0,2025-05-18 12:48:08.714000+00:00,39.0,1260,1010.2,0.0,9987,45.4,313.0,3.5
24.0,2025-05-18 12:49:08.719000+00:00,39.0,1260,1009.9,0.0,9987,45.4,296.0,3.1
24.0,2025-05-18 12:50:08.747000+00:00,39.0,1260,1010.1,0.0,9987,45.4,291.0,3.4
23.9,2025-05-18 12:51:08.760000+00:00,40.0,1260,1010.1,0.0,9987,45.3,293.0,2.6
23.7,2025-05-18 12:52:08.754000+00:00,40.0,1260,1010.0,0.0,9987,45.1,291.0,3.8
23.8,2025-05-18 12:53:08.773000+00:00,39.0,1260,1010.1,0.0,9987,45.2,296.0,3.9
23.8,2025-05-18 12:54:08.768000+00:00,38.0,1260,1010.0,0.0,9987,45.2,288.0,3.5
23.9,2025-05-18 12:55:08.778000+00:00,37.0,1260,1010.1,0.0,9987,44.8,274.0,4.7
23.9,2025-05-18 12:56:08.771000+00:00,39.0,1260,1009.9,0.0,9987,45.0,279.0,1.4
23.9,2025-05-18 12:57:08.799000+00:00,39.0,1260,1010.0,0.0,9987,45.1,296.0,2.8
23.8,2025-05-18 12:58:08.800000+00:00,39.0,1260,1009.8,0.0,9987,45.4,298.0,3.8
24.0,2025-05-18 12:59:08.798000+00:00,39.0,1260,1009.9,0.0,9987,45.3,267.0,3.9
24.1,2025-05-18 13:00:08.821000+00:00,39.0,1260,1009.9,0.0,9987,45.1,307.0,2.2
24.1,2025-05-18 13:01:08.842000+00:00,39.0,1260,1009.8,0.0,9987,45.1,281.0,3.7
24.0,2025-05-18 13:02:08.839000+00:00,38.0,1260,1010.1,0.0,9987,45.4,278.0,4.4
24.0,2025-05-18 13:03:08.850000+00:00,39.0,1260,1009.9,0.0,9987,44.8,286.0,4.7
24.0,2025-05-18 13:04:08.867000+00:00,39.0,1260,1009.9,0.0,9987,45.0,298.0,3.4
24.0,2025-05-18 13:05:08.884000+00:00,39.0,1260,1010.0,0.0,9987,45.2,266.0,3.5
24.1,2025-05-18 13:06:08.867000+00:00,39.0,1260,1010.0,0.0,9987,45.3,296.0,3.8
24.0,2025-05-18 13:07:08.870000+00:00,39.0,1260,1009.9,0.0,9987,45.4,280.0,2.6
24.1,2025-05-18 13:08:08.855000+00:00,38.0,1260,1009.9,0.0,9987,44.8,286.0,4.1
24.0,2025-05-18 13:09:08.868000+00:00,38.0,1260,1010.0,0.0,9987,44.7,241.0,4.6
23.9,2025-05-18 13:10:08.871000+00:00,38.0,1260,1010.0,0.0,9987,43.4,286.0,3.0
23.9,2025-05-18 13:11:08.898000+00:00,40.0,1260,1010.0,0.0,9987,43.4,279.0,1.5
23.8,2025-05-18 13:12:08.885000+00:00,40.0,1260,1009.9,0.0,9987,43.5,277.0,2.4
23.9,2025-05-18 13:13:08.864000+00:00,39.0,1260,1009.8,0.0,9987,43.2,317.0,4.3
24.0,2025-05-18 13:14:08.867000+00:00,39.0,1260,1010.1,0.0,9987,43.1,284.0,3.3
24.1,2025-05-18 13:15:08.896000+00:00,39.0,1260,1009.8,0.0,9987,43.2,309.0,3.6
24.0,2025-05-18 13:16:08.877000+00:00,40.0,1260,1009.8,0.0,9987,43.2,120.0,3.0
24.0,2025-05-18 13:17:08.875000+00:00,38.0,1260,1009.8,0.0,9987,43.2,251.0,2.2
24.2,2025-05-18 13:18:08.865000+00:00,39.0,1260,1009.7,0.0,9987,42.7,297.0,3.1
24.2,2025-05-18 13:19:08.904000+00:00,39.0,1260,1009.7,0.0,9987,42.9,297.0,4.1
24.1,2025-05-18 13:20:08.970000+00:00,38.0,1260,1010.0,0.0,9987,42.9,315.0,4.6
24.1,2025-05-18 13:21:08.951000+00:00,38.0,1260,1009.9,0.0,9987,42.7,286.0,3.9
24.1,2025-05-18 13:22:08.918000+00:00,39.0,1260,1009.8,0.0,9987,42.5,342.0,3.7
24.1,2025-05-18 13:23:08.977000+00:00,39.0,1260,1009.7,0.0,9987,42.7,302.0,2.6
24.0,2025-05-18 13:24:08.928000+00:00,39.0,1260,1009.8,0.0,9987,42.8,305.0,2.5
24.0,2025-05-18 13:25:08.932000+00:00,39.0,1260,1009.6,0.0,9987,42.5,300.0,3.1
24.2,2025-05-18 13:26:08.949000+00:00,39.0,1260,1009.8,0.0,9987,42.5,353.0,3.1
24.1,2025-05-18 13:27:08.942000+00:00,39.0,1260,1009.8,0.0,9987,42.5,235.0,3.5
24.3,2025-05-18 13:28:08.949000+00:00,39.0,1260,1009.9,0.0,9987,42.3,290.0,1.6
24.3,2025-05-18 13:29:08.984000+00:00,39.0,1260,1009.9,0.0,9987,41.7,284.0,4.8
24.1,2025-05-18 13:30:08.959000+00:00,39.0,1260,1009.9,0.0,9987,41.7,243.0,3.2
24.0,2025-05-18 13:31:08.979000+00:00,40.0,1260,1010.0,0.0,9987,41.7,314.0,3.2
23.9,2025-05-18 13:32:09.024000+00:00,40.0,1260,1009.8,0.0,9987,41.6,329.0,2.9
23.9,2025-05-18 13:33:08.969000+00:00,40.0,1260,1009.9,0.0,9987,41.8,265.0,2.1
23.8,2025-05-18 13:34:08.976000+00:00,38.0,1260,1009.9,0.0,9987,41.7,285.0,2.7
23.8,2025-05-18 13:35:08.971000+00:00,40.0,1260,1009.8,0.0,9987,41.7,268.0,3.3
23.8,2025-05-18 13:36:08.982000+00:00,40.0,1260,1009.7,0.0,9987,41.6,288.0,1.8
23.8,2025-05-18 13:37:08.990000+00:00,39.0,1260,1009.6,0.0,9987,41.8,328.0,2.5
24.0,2025-05-18 13:38:08.984000+00:00,38.0,1260,1009.7,0.0,9987,41.4,132.0,2.7
24.2,2025-05-18 13:39:09.015000+00:00,40.0,1260,1009.6,0.0,9987,41.5,63.0,2.5
24.1,2025-05-18 13:40:09.011000+00:00,38.0,1260,1009.6,0.0,9987,41.8,344.0,2.6
24.0,2025-05-18 13:41:09.021000+00:00,39.0,1260,1009.7,0.0,9987,41.8,318.0,1.4
24.2,2025-05-18 13:42:09.028000+00:00,37.0,1260,1009.6,0.0,9987,41.8,289.0,2.9
24.3,2025-05-18 13:43:09.032000+00:00,38.0,1260,1009.6,0.0,9987,41.7,286.0,2.4
24.2,2025-05-18 13:44:09.042000+00:00,37.0,1260,1009.7,0.0,9987,40.9,276.0,3.0
24.3,2025-05-18 13:45:09.004000+00:00,37.0,1260,1009.7,0.0,9987,40.9,294.0,3.8
24.2,2025-05-18 13:46:09.013000+00:00,37.0,1260,1009.6,0.0,9987,41.3,288.0,3.4
24.0,2025-05-18 13:47:09.018000+00:00,38.0,1260,1009.7,0.0,9987,41.6,282.0,3.8
24.0,2025-05-18 13:48:09.025000+00:00,38.0,1260,1009.8,0.0,9987,41.9,292.0,2.0
23.9,2025-05-18 13:49:09.018000+00:00,38.0,1260,1009.7,0.0,9987,41.9,216.0,3.2
24.0,2025-05-18 13:50:09.019000+00:00,37.0,1260,1009.7,0.0,9987,41.6,328.0,2.8
24.2,2025-05-18 13:51:09.032000+00:00,38.0,1260,1009.6,0.0,9987,41.4,286.0,3.9
24.2,2025-05-18 13:52:09.018000+00:00,38.0,1260,1009.6,0.0,9987,41.3,286.0,4.2
24.1,2025-05-18 13:53:09.020000+00:00,38.0,1260,1009.7,0.0,9987,41.2,90.0,3.0
24.1,2025-05-18 13:54:09.022000+00:00,39.0,1260,1009.7,0.0,9987,40.9,244.0,3.5
24.1,2025-05-18 13:55:09.024000+00:00,39.0,1260,1009.7,0.0,9987,39.9,322.0,3.0
24.0,2025-05-18 13:56:09.017000+00:00,39.0,1260,1009.7,0.0,9987,38.9,288.0,2.1
23.9,2025-05-18 13:57:09.022000+00:00,39.0,1260,1009.7,0.0,9987,38.6,123.0,3.1
23.9,2025-05-18 13:58:09.047000+00:00,39.0,1260,1009.5,0.0,9987,39.3,331.0,2.4
23.7,2025-05-18 13:59:09.036000+00:00,38.0,1260,1009.3,0.0,9987,39.8,318.0,2.9
23.8,2025-05-18 14:00:09.038000+00:00,38.0,1260,1009.6,0.0,9987,39.3,272.0,3.9
24.0,2025-05-18 14:01:09.022000+00:00,38.0,1260,1009.5,0.0,9987,38.7,300.0,3.1
24.0,2025-05-18 14:02:09.037000+00:00,38.0,1260,1009.6,0.0,9987,38.7,292.0,3.4
24.0,2025-05-18 14:03:09.046000+00:00,38.0,1260,1009.5,0.0,9987,39.4,296.0,1.9
24.0,2025-05-18 14:04:09.053000+00:00,38.0,1260,1009.6,0.0,9987,39.7,251.0,2.5
24.1,2025-05-18 14:05:09.038000+00:00,38.0,1260,1009.6,0.0,9987,39.7,228.0,3.1
24.1,2025-05-18 14:06:09.041000+00:00,38.0,1260,1009.5,0.0,9987,40.1,291.0,2.9
24.1,2025-05-18 14:07:09.035000+00:00,37.0,1260,1009.6,0.0,9987,40.1,288.0,2.6
24.1,2025-05-18 14:08:09.039000+00:00,38.0,1260,1009.7,0.0,9987,39.4,291.0,4.1
24.0,2025-05-18 14:09:09.036000+00:00,38.0,1260,1009.5,0.0,9987,39.5,284.0,3.2
24.0,2025-05-18 14:10:09.040000+00:00,38.0,1260,1009.5,0.0,9987,39.6,323.0,3.5
24.0,2025-05-18 14:11:09.027000+00:00,37.0,1260,1009.4,0.0,9987,40.1,283.0,3.3
24.0,2025-05-18 14:12:09.042000+00:00,38.0,1260,1009.4,0.0,9987,40.1,332.0,2.6
24.2,2025-05-18 14:13:09.029000+00:00,38.0,1260,1009.4,0.0,9987,40.5,289.0,3.3
24.3,2025-05-18 14:14:09.030000+00:00,38.0,1260,1009.5,0.0,9987,40.5,315.0,3.2
24.3,2025-05-18 14:15:09.040000+00:00,37.0,1260,1009.5,0.0,9987,40.2,238.0,3.8
24.3,2025-05-18 14:16:09.028000+00:00,38.0,1260,1009.5,0.0,9987,40.1,294.0,3.3
24.3,2025-05-18 14:17:09.034000+00:00,37.0,1260,1009.6,0.0,9987,39.7,305.0,4.1
24.3,2025-05-18 14:18:09.053000+00:00,38.0,1260,1009.3,0.0,9987,39.7,302.0,4.4
24.3,2025-05-18 14:19:09.066000+00:00,38.0,1260,1009.5,0.0,9987,39.6,313.0,4.7
24.2,2025-05-18 14:20:09.077000+00:00,38.0,1260,1009.6,0.0,9987,39.6,287.0,4.7
24.1,2025-05-18 14:21:09.080000+00:00,38.0,1260,1009.3,0.0,9987,39.6,296.0,4.9
24.0,2025-05-18 14:22:09.114000+00:00,38.0,1260,1009.5,0.0,9987,39.7,284.0,3.2
24.0,2025-05-18 14:23:09.112000+00:00,39.0,1260,1009.4,0.0,9987,39.7,273.0,3.0
24.1,2025-05-18 14:24:09.153000+00:00,38.0,1260,1009.3,0.0,9987,39.9,329.0,3.3
24.0,2025-05-18 14:25:09.150000+00:00,37.0,1260,1009.5,0.0,9987,39.9,308.0,4.0
24.0,2025-05-18 14:26:09.174000+00:00,37.0,1260,1009.3,0.0,9987,39.7,324.0,3.7
24.0,2025-05-18 14:27:09.160000+00:00,37.0,1260,1009.4,0.0,9987,39.3,287.0,3.1
24.0,2025-05-18 14:28:09.161000+00:00,36.0,1260,1009.5,0.0,9987,39.3,282.0,3.9
24.0,2025-05-18 14:29:09.173000+00:00,38.0,1260,1009.4,0.0,9987,39.5,282.0,3.8
24.0,2025-05-18 14:30:09.171000+00:00,38.0,1260,1009.3,0.0,9987,39.5,336.0,2.0
23.9,2025-05-18 14:31:09.169000+00:00,37.0,1260,1009.3,0.0,9987,39.4,298.0,3.9
24.0,2025-05-18 14:32:09.170000+00:00,37.0,1260,1009.3,0.0,9987,39.4,310.0,3.3
23.9,2025-05-18 14:33:09.172000+00:00,37.0,1260,1009.4,0.0,9987,39.0,297.0,3.3
23.9,2025-05-18 14:34:09.173000+00:00,37.0,1260,1009.5,0.0,9987,38.9,328.0,2.9
23.8,2025-05-18 14:35:09.185000+00:00,37.0,1260,1009.3,0.0,9987,38.6,301.0,1.7
23.6,2025-05-18 14:36:09.182000+00:00,38.0,1260,1009.2,0.0,9987,38.7,276.0,3.9
23.7,2025-05-18 14:37:09.176000+00:00,38.0,1260,1009.3,0.0,9987,38.7,0.0,3.2
21.5,2025-05-25 12:07:18.971000+00:00,55.0,1261,1017.3,0.0,9979,42.6,298.0,1.0
21.6,2025-05-25 12:08:18.969000+00:00,54.0,1261,1017.3,0.0,9979,43.6,176.0,0.7
21.3,2025-05-25 12:11:19.017000+00:00,55.0,1261,1017.1,0.0,9979,43.2,341.0,0.4
21.4,2025-05-25 12:12:19.027000+00:00,55.0,1261,1017.2,0.0,9979,43.0,319.0,1.1
21.5,2025-05-25 12:13:19.024000+00:00,54.0,1261,1017.2,0.0,9979,43.0,327.0,1.6
21.5,2025-05-25 12:14:19.033000+00:00,56.0,1261,1017.1,0.0,9979,43.0,330.0,2.2
21.6,2025-05-25 12:15:19.028000+00:00,56.0,1261,1017.2,0.0,9979,43.0,334.0,1.1
21.8,2025-05-25 12:16:19.064000+00:00,53.0,1261,1017.0,0.0,9979,44.1,331.0,1.1
21.8,2025-05-25 12:17:19.072000+00:00,51.0,1261,1017.1,0.0,9979,44.1,315.0,0.9
21.6,2025-05-25 12:18:19.072000+00:00,53.0,1261,1017.1,0.0,9979,43.5,332.0,1.4
21.5,2025-05-25 12:19:19.088000+00:00,54.0,1261,1017.1,0.0,9979,43.2,345.0,1.3
21.5,2025-05-25 12:20:19.077000+00:00,55.0,1261,1017.0,0.0,9979,42.7,333.0,1.0
21.5,2025-05-25 12:21:19.075000+00:00,56.0,1261,1017.1,0.0,9979,43.2,302.0,1.8
21.6,2025-05-25 12:22:19.067000+00:00,55.0,1261,1017.1,0.0,9979,44.2,330.0,1.2
21.6,2025-05-25 12:23:19.073000+00:00,55.0,1261,1017.0,0.0,9979,44.4,337.0,1.4
21.8,2025-05-25 12:24:19.084000+00:00,54.0,1261,1017.0,0.0,9979,44.5,323.0,1.5
21.9,2025-05-25 12:25:19.078000+00:00,54.0,1261,1017.0,0.0,9979,44.5,242.0,1.3
21.7,2025-05-25 12:26:19.067000+00:00,54.0,1261,1017.0,0.0,9979,44.1,0.0,0.9
21.7,2025-05-25 12:27:19.073000+00:00,55.0,1261,1017.0,0.0,9979,43.7,327.0,0.6
21.9,2025-05-25 12:28:19.082000+00:00,54.0,1261,1016.9,0.0,9979,44.1,335.0,0.6
21.8,2025-05-25 12:29:19.092000+00:00,54.0,1261,1017.0,0.0,9979,44.2,327.0,1.7
21.8,2025-05-25 12:30:19.111000+00:00,54.0,1261,1016.9,0.0,9979,43.9,305.0,1.5
21.8,2025-05-25 12:31:19.114000+00:00,55.0,1261,1017.0,0.0,9979,43.9,325.0,0.8
22.1,2025-05-25 12:32:19.117000+00:00,52.0,1261,1017.0,0.0,9979,43.9,216.0,0.9
22.1,2025-05-25 12:33:19.114000+00:00,52.0,1261,1017.1,0.0,9979,44.5,2.0,0.8
22.0,2025-05-25 12:34:19.115000+00:00,53.0,1261,1017.1,0.0,9979,44.5,321.0,0.9
21.9,2025-05-25 12:35:19.104000+00:00,54.0,1261,1017.0,0.0,9979,43.5,325.0,0.9
22.0,2025-05-25 12:36:19.105000+00:00,54.0,1261,1017.1,0.0,9979,43.5,328.0,0.7
21.8,2025-05-25 12:37:19.117000+00:00,54.0,1261,1017.0,0.0,9979,43.7,252.0,1.1
21.7,2025-05-25 12:38:19.129000+00:00,54.0,1261,1017.0,0.0,9979,43.7,302.0,1.3
21.5,2025-05-25 12:39:19.112000+00:00,56.0,1261,1017.0,0.0,9979,43.4,0.0,1.0
21.5,2025-05-25 12:40:19.124000+00:00,56.0,1261,1017.0,0.0,9979,42.7,221.0,0.7
21.4,2025-05-25 12:41:19.121000+00:00,56.0,1261,1017.0,0.0,9979,43.0,332.0,0.3
21.4,2025-05-25 12:42:19.115000+00:00,55.0,1261,1017.0,0.0,9979,43.3,335.0,1.1
21.5,2025-05-25 12:43:19.125000+00:00,53.0,1261,1017.1,0.0,9979,43.3,328.0,0.4
21.6,2025-05-25 12:44:19.118000+00:00,53.0,1261,1017.0,0.0,9979,42.9,335.0,1.5
21.7,2025-05-25 12:45:19.118000+00:00,53.0,1261,1017.1,0.0,9979,42.2,338.0,0.9
21.8,2025-05-25 12:46:19.125000+00:00,53.0,1261,1017.1,0.0,9979,42.1,240.0,1.3
21.8,2025-05-25 12:47:19.116000+00:00,53.0,1261,1017.1,0.0,9979,42.6,145.0,0.5
21.9,2025-05-25 12:48:19.127000+00:00,52.0,1261,1017.0,0.0,9979,43.3,0.0,0.8
22.1,2025-05-25 12:49:19.125000+00:00,51.0,1261,1016.9,0.0,9979,44.0,330.0,1.0
22.1,2025-05-25 12:50:19.133000+00:00,49.0,1261,1016.9,0.0,9979,44.8,328.0,0.9
22.0,2025-05-25 12:51:19.125000+00:00,50.0,1261,1016.9,0.0,9979,44.8,230.0,0.7
22.1,2025-05-25 12:52:19.126000+00:00,50.0,1261,1017.0,0.0,9979,44.4,191.0,0.5
22.1,2025-05-25 12:53:19.124000+00:00,49.0,1261,1017.0,0.0,9979,44.4,192.0,0.7
22.1,2025-05-25 12:54:19.140000+00:00,50.0,1261,1016.9,0.0,9979,44.1,222.0,0.6
22.0,2025-05-25 12:55:19.141000+00:00,50.0,1261,1017.1,0.0,9979,44.1,189.0,0.4
21.9,2025-05-25 12:56:19.135000+00:00,51.0,1261,1017.0,0.0,9979,43.7,335.0,1.4
21.9,2025-05-25 12:57:19.129000+00:00,52.0,1261,1016.9,0.0,9979,43.5,355.0,1.0
21.9,2025-05-25 12:58:19.130000+00:00,51.0,1261,1016.9,0.0,9979,44.5,339.0,1.7
21.9,2025-05-25 12:59:19.149000+00:00,51.0,1261,1016.9,0.0,9979,44.7,330.0,1.8
21.9,2025-05-25 13:00:19.130000+00:00,51.0,1261,1016.9,0.0,9979,44.6,329.0,1.5
21.9,2025-05-25 13:01:19.131000+00:00,51.0,1261,1016.9,0.0,9979,44.6,295.0,1.8
21.9,2025-05-25 13:02:19.147000+00:00,51.0,1261,1016.9,0.0,9979,45.0,318.0,1.1
22.0,2025-05-25 13:03:19.132000+00:00,51.0,1261,1016.8,0.0,9979,45.2,345.0,0.8
22.0,2025-05-25 13:04:19.138000+00:00,51.0,1261,1016.9,0.0,9979,43.9,44.0,1.2
21.9,2025-05-25 13:05:19.148000+00:00,53.0,1261,1016.9,0.0,9979,42.7,331.0,0.9
21.7,2025-05-25 13:06:19.139000+00:00,53.0,1261,1016.9,0.0,9979,42.7,205.0,0.9
21.8,2025-05-25 13:07:19.155000+00:00,52.0,1261,1016.9,0.0,9979,43.2,346.0,1.6
21.9,2025-05-25 13:08:19.203000+00:00,51.0,1261,1016.9,0.0,9979,43.2,0.0,1.0
22.0,2025-05-25 13:09:19.215000+00:00,53.0,1261,1016.9,0.0,9979,42.7,190.0,0.8
22.0,2025-05-25 13:10:19.275000+00:00,55.0,1261,1016.9,0.0,9979,41.3,318.0,0.5
21.9,2025-05-25 13:11:19.251000+00:00,54.0,1261,1016.8,0.0,9979,42.0,171.0,0.9
21.9,2025-05-25 13:12:19.282000+00:00,54.0,1261,1016.9,0.0,9979,42.2,294.0,1.1
22.0,2025-05-25 13:13:19.267000+00:00,54.0,1261,1016.9,0.0,9979,43.1,341.0,1.0
22.1,2025-05-25 13:14:19.278000+00:00,52.0,1261,1016.9,0.0,9979,44.1,317.0,0.8
22.3,2025-05-25 13:15:19.283000+00:00,51.0,1261,1016.9,0.0,9979,44.2,16.0,1.3
22.4,2025-05-25 13:16:19.305000+00:00,50.0,1261,1017.0,0.0,9979,44.6,0.0,1.1
22.5,2025-05-25 13:17:19.290000+00:00,48.0,1261,1017.0,0.0,9979,44.7,331.0,1.3
22.6,2025-05-25 13:18:19.299000+00:00,49.0,1261,1017.0,0.0,9979,45.0,162.0,1.1
22.6,2025-05-25 13:19:19.331000+00:00,50.0,1261,1016.9,0.0,9979,43.7,29.0,1.5
22.5,2025-05-25 13:20:19.310000+00:00,52.0,1261,1016.9,0.0,9979,43.7,0.0,0.4
22.3,2025-05-25 13:21:19.366000+00:00,52.0,1261,1017.0,0.0,9979,44.0,265.0,0.9
22.4,2025-05-25 13:22:19.348000+00:00,53.0,1261,1017.0,0.0,9979,44.0,149.0,0.8
22.4,2025-05-25 13:23:19.333000+00:00,53.0,1261,1016.9,0.0,9979,44.0,0.0,0.6
22.5,2025-05-25 13:24:19.348000+00:00,51.0,1261,1016.9,0.0,9979,44.3,327.0,0.8
22.5,2025-05-25 13:25:19.361000+00:00,50.0,1261,1016.9,0.0,9979,45.2,173.0,1.2
22.6,2025-05-25 13:26:19.375000+00:00,48.0,1261,1016.7,0.0,9979,45.2,189.0,0.5
22.7,2025-05-25 13:27:19.369000+00:00,49.0,1261,1016.9,0.0,9979,44.9,238.0,0.6
22.8,2025-05-25 13:28:19.372000+00:00,49.0,1261,1016.9,0.0,9979,44.5,163.0,1.2
22.8,2025-05-25 13:29:19.388000+00:00,50.0,1261,1016.9,0.0,9979,44.5,177.0,1.6
22.6,2025-05-25 13:30:19.371000+00:00,51.0,1261,1016.8,0.0,9979,44.0,157.0,0.8
22.5,2025-05-25 13:31:19.386000+00:00,51.0,1261,1016.8,0.0,9979,44.0,349.0,0.8
22.4,2025-05-25 13:32:19.370000+00:00,52.0,1261,1016.9,0.0,9979,44.0,259.0,0.5
22.4,2025-05-25 13:33:19.371000+00:00,51.0,1261,1016.9,0.0,9979,43.8,295.0,0.6
22.5,2025-05-25 13:34:19.384000+00:00,52.0,1261,1016.8,0.0,9979,43.1,192.0,0.8
22.3,2025-05-25 13:35:19.393000+00:00,53.0,1261,1016.9,0.0,9979,43.2,193.0,0.6
22.4,2025-05-25 13:36:19.393000+00:00,53.0,1261,1016.9,0.0,9979,43.8,86.0,1.4
22.4,2025-05-25 13:37:19.383000+00:00,54.0,1261,1016.8,0.0,9979,43.8,169.0,0.7
22.3,2025-05-25 13:38:19.401000+00:00,53.0,1261,1016.8,0.0,9979,43.6,0.0,0.6
22.4,2025-05-25 13:39:19.418000+00:00,52.0,1261,1016.8,0.0,9979,43.6,165.0,0.9
22.4,2025-05-25 13:40:19.419000+00:00,52.0,1261,1016.8,0.0,9979,43.7,335.0,1.0
22.4,2025-05-25 13:41:19.403000+00:00,53.0,1261,1016.9,0.0,9979,43.6,196.0,1.3
22.5,2025-05-25 13:42:19.417000+00:00,54.0,1261,1016.8,0.0,9979,43.3,51.0,1.1
22.5,2025-05-25 13:43:19.417000+00:00,55.0,1261,1016.8,0.0,9979,43.7,117.0,0.8
22.4,2025-05-25 13:44:19.433000+00:00,54.0,1261,1016.8,0.0,9979,43.7,181.0,1.0
22.5,2025-05-25 13:45:19.434000+00:00,54.0,1261,1016.8,0.0,9979,43.7,353.0,0.8
22.7,2025-05-25 13:46:19.443000+00:00,53.0,1261,1016.9,0.0,9979,43.6,185.0,1.1
22.6,2025-05-25 13:47:19.434000+00:00,54.0,1261,1016.8,0.0,9979,43.2,169.0,1.5
22.5,2025-05-25 13:48:19.440000+00:00,53.0,1261,1016.7,0.0,9979,43.1,0.0,0.8
22.6,2025-05-25 13:49:19.456000+00:00,54.0,1261,1016.8,0.0,9979,43.2,141.0,0.9
22.5,2025-05-25 13:50:19.490000+00:00,55.0,1261,1016.7,0.0,9979,43.6,289.0,0.0
22.5,2025-05-25 13:51:19.490000+00:00,55.0,1261,1016.6,0.0,9979,43.7,75.0,0.8
22.5,2025-05-25 13:52:19.493000+00:00,54.0,1261,1016.6,0.0,9979,43.7,183.0,0.6
22.6,2025-05-25 13:53:19.509000+00:00,53.0,1261,1016.7,0.0,9979,43.5,202.0,0.7
22.8,2025-05-25 13:54:19.509000+00:00,52.0,1261,1016.7,0.0,9979,43.2,197.0,0.7
22.7,2025-05-25 13:55:19.521000+00:00,54.0,1261,1016.7,0.0,9979,43.2,203.0,0.6
22.8,2025-05-25 13:56:19.515000+00:00,54.0,1261,1016.6,0.0,9979,43.4,260.0,0.9
22.9,2025-05-25 13:57:19.526000+00:00,52.0,1261,1016.7,0.0,9979,43.5,0.0,0.7
22.9,2025-05-25 13:58:19.542000+00:00,51.0,1261,1016.7,0.0,9979,43.7,0.0,0.5
22.6,2025-05-25 13:59:19.548000+00:00,54.0,1261,1016.6,0.0,9979,42.9,345.0,0.8
22.5,2025-05-25 14:00:19.539000+00:00,55.0,1261,1016.6,0.0,9979,42.7,194.0,0.5
22.5,2025-05-25 14:01:19.563000+00:00,54.0,1261,1016.5,0.0,9979,43.0,180.0,0.9
22.5,2025-05-25 14:02:19.555000+00:00,54.0,1261,1016.6,0.0,9979,43.4,304.0,0.8
22.5,2025-05-25 14:03:19.561000+00:00,55.0,1261,1016.7,0.0,9979,43.2,170.0,0.7
22.5,2025-05-25 14:04:19.572000+00:00,53.0,1261,1016.5,0.0,9979,43.2,34.0,0.5
22.5,2025-05-25 14:05:19.595000+00:00,55.0,1261,1016.7,0.0,9979,42.4,181.0,0.9
22.5,2025-05-25 14:06:19.591000+00:00,56.0,1261,1016.7,0.0,9979,42.4,178.0,0.9
22.5,2025-05-25 14:07:19.607000+00:00,56.0,1261,1016.7,0.0,9979,42.3,146.0,1.1
22.5,2025-05-25 14:08:19.607000+00:00,56.0,1261,1016.6,0.0,9979,42.2,151.0,1.7
22.6,2025-05-25 14:09:19.623000+00:00,55.0,1261,1016.5,0.0,9979,42.2,197.0,1.1
22.5,2025-05-25 14:10:19.617000+00:00,55.0,1261,1016.5,0.0,9979,42.2,296.0,0.9
22.4,2025-05-25 14:11:19.640000+00:00,55.0,1261,1016.5,0.0,9979,42.1,70.0,0.8
22.5,2025-05-25 14:12:19.638000+00:00,55.0,1261,1016.5,0.0,9979,42.2,239.0,0.8
22.4,2025-05-25 14:13:19.665000+00:00,54.0,1261,1016.6,0.0,9979,42.2,331.0,1.0
22.5,2025-05-25 14:14:19.651000+00:00,54.0,1261,1016.5,0.0,9979,42.2,245.0,1.1
22.5,2025-05-25 14:15:19.663000+00:00,53.0,1261,1016.5,0.0,9979,42.9,225.0,0.7
22.6,2025-05-25 14:16:19.659000+00:00,53.0,1261,1016.4,0.0,9979,42.9,195.0,0.7
22.6,2025-05-25 14:17:19.682000+00:00,53.0,1261,1016.5,0.0,9979,43.9,348.0,1.3
22.7,2025-05-25 14:18:19.686000+00:00,51.0,1261,1016.5,0.0,9979,43.9,196.0,0.8
22.8,2025-05-25 14:19:19.700000+00:00,50.0,1261,1016.5,0.0,9979,43.9,4.0,1.1
22.6,2025-05-25 14:20:19.687000+00:00,52.0,1261,1016.5,0.0,9979,42.2,0.0,1.0
22.5,2025-05-25 14:21:19.703000+00:00,52.0,1261,1016.4,0.0,9979,42.2,0.0,0.6
22.5,2025-05-25 14:22:19.681000+00:00,52.0,1261,1016.4,0.0,9979,42.5,324.0,0.0
22.5,2025-05-25 14:23:19.694000+00:00,52.0,1261,1016.4,0.0,9979,42.5,201.0,1.0
22.6,2025-05-25 14:24:19.689000+00:00,51.0,1261,1016.3,0.0,9979,43.0,147.0,0.4
22.7,2025-05-25 14:25:19.690000+00:00,50.0,1261,1016.4,0.0,9979,43.0,179.0,0.8
22.8,2025-05-25 14:26:19.713000+00:00,49.0,1261,1016.4,0.0,9979,42.8,65.0,1.0
22.8,2025-05-25 14:27:19.708000+00:00,48.0,1261,1016.5,0.0,9979,42.8,197.0,1.0
22.7,2025-05-25 14:28:19.703000+00:00,48.0,1261,1016.4,0.0,9979,43.1,0.0,1.0
22.6,2025-05-25 14:29:19.718000+00:00,48.0,1261,1016.4,0.0,9979,42.7,314.0,0.8
22.5,2025-05-25 14:30:19.699000+00:00,49.0,1261,1016.3,0.0,9979,42.7,0.0,0.9
22.5,2025-05-25 14:31:19.709000+00:00,50.0,1261,1016.5,0.0,9979,41.7,195.0,0.4
22.4,2025-05-25 14:32:19.703000+00:00,51.0,1261,1016.3,0.0,9979,41.3,0.0,1.5
22.4,2025-05-25 14:33:19.711000+00:00,51.0,1261,1016.4,0.0,9979,41.8,0.0,0.4
22.5,2025-05-25 14:34:19.711000+00:00,51.0,1261,1016.2,0.0,9979,42.6,0.0,0.8
22.5,2025-05-25 14:35:19.706000+00:00,50.0,1261,1016.3,0.0,9979,42.2,198.0,0.6
22.5,2025-05-25 14:36:19.721000+00:00,51.0,1261,1016.3,0.0,9979,42.3,182.0,1.9
22.6,2025-05-25 14:37:19.711000+00:00,50.0,1261,1016.3,0.0,9979,42.7,185.0,1.4
22.5,2025-05-25 14:38:19.708000+00:00,50.0,1261,1016.3,0.0,9979,42.0,151.0,1.2
22.3,2025-05-25 14:39:19.705000+00:00,51.0,1261,1016.3,0.0,9979,41.8,242.0,1.6
22.3,2025-05-25 14:40:19.717000+00:00,51.0,1261,1016.3,0.0,9979,41.6,169.0,1.5
22.2,2025-05-25 14:41:19.718000+00:00,52.0,1261,1016.2,0.0,9979,41.3,203.0,1.5
22.3,2025-05-25 14:42:19.722000+00:00,51.0,1261,1016.2,0.0,9979,41.3,185.0,0.9
22.4,2025-05-25 14:43:19.722000+00:00,50.0,1261,1016.2,0.0,9979,41.9,195.0,1.5
22.4,2025-05-25 14:44:19.722000+00:00,50.0,1261,1016.2,0.0,9979,41.7,264.0,1.0
22.4,2025-05-25 14:45:19.707000+00:00,51.0,1261,1016.2,0.0,9979,41.4,192.0,1.5
22.5,2025-05-25 14:46:19.712000+00:00,50.0,1261,1016.2,0.0,9979,41.6,159.0,0.8
29.9,2025-06-01 12:04:21.972000+00:00,49.0,1262,1003.5,0.0,9971,48.2,224.0,2.3
30.0,2025-06-01 12:05:21.970000+00:00,49.0,1262,1003.6,0.0,9971,48.4,221.0,1.1
30.0,2025-06-01 12:06:21.971000+00:00,49.0,1262,1003.5,0.0,9971,48.6,291.0,1.6
30.0,2025-06-01 12:07:21.959000+00:00,49.0,1262,1003.5,0.0,9971,48.8,217.0,1.1
30.0,2025-06-01 12:08:21.998000+00:00,49.0,1262,1003.4,0.0,9971,48.8,6.0,1.1
30.0,2025-06-01 12:09:21.977000+00:00,50.0,1262,1003.4,0.0,9971,48.1,34.0,1.1
30.0,2025-06-01 12:10:21.999000+00:00,50.0,1262,1003.4,0.0,9971,49.2,345.0,1.1
29.7,2025-06-01 12:11:22.002000+00:00,49.0,1262,1003.4,0.0,9971,49.2,345.0,1.4
29.6,2025-06-01 12:12:22.007000+00:00,49.0,1262,1003.4,0.0,9971,49.0,324.0,1.3
29.6,2025-06-01 12:13:22.001000+00:00,49.0,1262,1003.5,0.0,9971,48.9,212.0,1.8
29.6,2025-06-01 12:14:22.014000+00:00,49.0,1262,1003.3,0.0,9971,48.5,166.0,1.2
29.5,2025-06-01 12:15:22.021000+00:00,50.0,1262,1003.4,0.0,9971,48.5,191.0,1.9
29.6,2025-06-01 12:16:22.018000+00:00,49.0,1262,1003.5,0.0,9971,49.1,234.0,1.8
29.5,2025-06-01 12:17:22.025000+00:00,49.0,1262,1003.4,0.0,9971,48.7,217.0,1.6
29.5,2025-06-01 12:18:22.057000+00:00,49.0,1262,1003.4,0.0,9971,49.4,187.0,1.2
29.5,2025-06-01 12:19:22.050000+00:00,49.0,1262,1003.4,0.0,9971,49.4,205.0,0.8
29.6,2025-06-01 12:20:22.068000+00:00,48.0,1262,1003.4,0.0,9971,49.4,163.0,1.4
29.6,2025-06-01 12:21:22.072000+00:00,48.0,1262,1003.4,0.0,9971,48.6,166.0,1.3
29.5,2025-06-01 12:22:22.094000+00:00,48.0,1262,1003.3,0.0,9971,48.3,302.0,1.6
29.4,2025-06-01 12:23:22.092000+00:00,49.0,1262,1003.3,0.0,9971,48.3,306.0,1.5
29.3,2025-06-01 12:24:22.096000+00:00,49.0,1262,1003.3,0.0,9971,48.7,1.0,1.1
29.3,2025-06-01 12:25:22.106000+00:00,49.0,1262,1003.3,0.0,9971,49.4,0.0,1.1
29.2,2025-06-01 12:26:22.091000+00:00,49.0,1262,1003.3,0.0,9971,49.4,311.0,0.8
29.3,2025-06-01 12:27:22.087000+00:00,48.0,1262,1003.3,0.0,9971,49.6,188.0,1.3
29.3,2025-06-01 12:28:22.088000+00:00,48.0,1262,1003.4,0.0,9971,48.9,236.0,1.5
29.4,2025-06-01 12:29:22.096000+00:00,48.0,1262,1003.1,0.0,9971,49.4,163.0,0.9
29.5,2025-06-01 12:30:22.091000+00:00,48.0,1262,1003.3,0.0,9971,49.4,310.0,1.1
29.5,2025-06-01 12:31:22.096000+00:00,48.0,1262,1003.3,0.0,9971,49.7,35.0,1.3
29.5,2025-06-01 12:32:22.087000+00:00,49.0,1262,1003.3,0.0,9971,49.2,242.0,1.1
29.5,2025-06-01 12:33:22.097000+00:00,49.0,1262,1003.1,0.0,9971,49.3,238.0,1.4
29.6,2025-06-01 12:34:22.094000+00:00,49.0,1262,1003.1,0.0,9971,49.3,199.0,2.5
29.4,2025-06-01 12:35:22.120000+00:00,50.0,1262,1003.3,0.0,9971,49.2,170.0,1.8
29.2,2025-06-01 12:36:22.105000+00:00,51.0,1262,1003.2,0.0,9971,48.8,203.0,1.7
29.2,2025-06-01 12:37:22.100000+00:00,52.0,1262,1003.2,0.0,9971,49.1,265.0,0.7
29.1,2025-06-01 12:38:22.114000+00:00,51.0,1262,1003.3,0.0,9971,50.3,32.0,1.4
29.3,2025-06-01 12:39:22.116000+00:00,50.0,1262,1003.1,0.0,9971,50.4,265.0,1.5
29.3,2025-06-01 12:40:22.095000+00:00,51.0,1262,1003.1,0.0,9971,50.3,35.0,1.1
29.4,2025-06-01 12:41:22.115000+00:00,50.0,1262,1003.2,0.0,9971,50.1,6.0,1.9
29.4,2025-06-01 12:42:22.116000+00:00,51.0,1262,1003.1,0.0,9971,48.8,291.0,1.1
29.3,2025-06-01 12:43:22.102000+00:00,52.0,1262,1003.0,0.0,9971,48.8,83.0,2.8
29.3,2025-06-01 12:44:22.108000+00:00,52.0,1262,1003.1,0.0,9971,49.4,316.0,1.4
29.1,2025-06-01 12:45:22.118000+00:00,51.0,1262,1003.1,0.0,9971,49.4,200.0,1.5
29.1,2025-06-01 12:46:22.117000+00:00,51.0,1262,1003.0,0.0,9971,49.6,266.0,1.4
29.1,2025-06-01 12:47:22.119000+00:00,51.0,1262,1003.1,0.0,9971,49.1,216.0,1.3
29.1,2025-06-01 12:48:22.108000+00:00,51.0,1262,1003.1,0.0,9971,49.4,145.0,1.7
29.2,2025-06-01 12:49:22.107000+00:00,51.0,1262,1003.0,0.0,9971,49.5,177.0,1.3
29.4,2025-06-01 12:50:22.122000+00:00,50.0,1262,1003.0,0.0,9971,49.5,164.0,2.2
29.5,2025-06-01 12:51:22.121000+00:00,51.0,1262,1003.0,0.0,9971,49.5,243.0,0.9
29.5,2025-06-01 12:52:22.118000+00:00,50.0,1262,1003.1,0.0,9971,49.7,207.0,1.3
29.4,2025-06-01 12:53:22.133000+00:00,50.0,1262,1003.0,0.0,9971,50.2,249.0,1.4
29.5,2025-06-01 12:54:22.115000+00:00,50.0,1262,1003.0,0.0,9971,49.7,180.0,1.2
29.6,2025-06-01 12:55:22.118000+00:00,50.0,1262,1003.0,0.0,9971,50.3,195.0,1.5
29.6,2025-06-01 12:56:22.132000+00:00,50.0,1262,1003.0,0.0,9971,50.3,61.0,1.1
29.6,2025-06-01 12:57:22.131000+00:00,50.0,1262,1003.1,0.0,9971,50.3,320.0,1.5
29.6,2025-06-01 12:58:22.140000+00:00,50.0,1262,1002.9,0.0,9971,50.4,0.0,0.9
29.6,2025-06-01 12:59:22.174000+00:00,50.0,1262,1003.0,0.0,9971,50.4,258.0,1.1
29.6,2025-06-01 13:00:22.171000+00:00,49.0,1262,1003.0,0.0,9971,49.7,193.0,1.0
29.8,2025-06-01 13:01:22.172000+00:00,50.0,1262,1003.0,0.0,9971,49.4,191.0,1.1
29.7,2025-06-01 13:02:22.180000+00:00,50.0,1262,1002.9,0.0,9971,49.4,349.0,1.0
29.6,2025-06-01 13:03:22.191000+00:00,51.0,1262,1002.9,0.0,9971,49.5,275.0,2.0
29.5,2025-06-01 13:04:22.245000+00:00,51.0,1262,1003.1,0.0,9971,49.4,351.0,1.0
29.6,2025-06-01 13:05:22.175000+00:00,51.0,1262,1003.0,0.0,9971,49.4,261.0,1.2
29.5,2025-06-01 13:06:22.166000+00:00,52.0,1262,1002.8,0.0,9971,49.0,48.0,1.1
29.4,2025-06-01 13:07:22.227000+00:00,53.0,1262,1002.9,0.0,9971,49.4,275.0,2.6
29.4,2025-06-01 13:08:22.228000+00:00,54.0,1262,1002.8,0.0,9971,49.4,276.0,1.8
29.3,2025-06-01 13:09:22.179000+00:00,53.0,1262,1002.9,0.0,9971,49.9,345.0,1.8
29.3,2025-06-01 13:10:22.246000+00:00,52.0,1262,1002.8,0.0,9971,48.9,310.0,1.8
29.2,2025-06-01 13:11:22.163000+00:00,53.0,1262,1002.9,0.0,9971,48.2,29.0,2.0
29.1,2025-06-01 13:12:22.176000+00:00,54.0,1262,1002.8,0.0,9971,49.1,79.0,1.5
29.0,2025-06-01 13:13:22.237000+00:00,54.0,1262,1002.8,0.0,9971,49.4,34.0,1.9
28.9,2025-06-01 13:14:22.233000+00:00,54.0,1262,1002.9,0.0,9971,49.4,353.0,2.8
28.9,2025-06-01 13:15:22.242000+00:00,56.0,1262,1002.7,0.0,9971,49.1,298.0,2.5
28.9,2025-06-01 13:16:22.239000+00:00,56.0,1262,1002.8,0.0,9971,49.1,3.0,2.0
29.0,2025-06-01 13:17:22.231000+00:00,55.0,1262,1002.8,0.0,9971,49.1,75.0,2.5
29.0,2025-06-01 13:18:22.225000+00:00,55.0,1262,1002.8,0.0,9971,49.1,251.0,1.1
29.1,2025-06-01 13:19:22.246000+00:00,55.0,1262,1002.6,0.0,9971,49.6,51.0,3.5
29.3,2025-06-01 13:20:22.244000+00:00,55.0,1262,1002.8,0.0,9971,49.6,58.0,2.1
29.3,2025-06-01 13:21:22.268000+00:00,55.0,1262,1002.8,0.0,9971,49.0,323.0,2.7
29.2,2025-06-01 13:22:22.257000+00:00,56.0,1262,1002.8,0.0,9971,49.0,0.0,1.9
29.2,2025-06-01 13:23:22.256000+00:00,55.0,1262,1002.7,0.0,9971,49.1,61.0,2.1
29.3,2025-06-01 13:24:22.263000+00:00,55.0,1262,1002.7,0.0,9971,49.1,305.0,2.2
29.3,2025-06-01 13:25:22.272000+00:00,56.0,1262,1002.7,0.0,9971,49.2,113.0,1.4
29.4,2025-06-01 13:26:22.259000+00:00,56.0,1262,1002.7,0.0,9971,49.4,22.0,1.2
29.3,2025-06-01 13:27:22.267000+00:00,55.0,1262,1002.6,0.0,9971,48.7,57.0,1.9
29.3,2025-06-01 13:28:22.276000+00:00,55.0,1262,1002.8,0.0,9971,48.4,41.0,2.5
29.2,2025-06-01 13:29:22.266000+00:00,56.0,1262,1002.6,0.0,9971,47.2,339.0,2.3
29.1,2025-06-01 13:30:22.285000+00:00,57.0,1262,1002.5,0.0,9971,47.0,44.0,1.8
29.0,2025-06-01 13:31:22.285000+00:00,57.0,1262,1002.6,0.0,9971,47.0,0.0,1.2
29.0,2025-06-01 13:32:22.367000+00:00,57.0,1262,1002.7,0.0,9971,47.4,3.0,1.5
28.8,2025-06-01 13:33:22.323000+00:00,56.0,1262,1002.7,0.0,9971,47.5,39.0,1.1
28.7,2025-06-01 13:34:22.334000+00:00,56.0,1262,1002.7,0.0,9971,47.9,15.0,1.2
28.8,2025-06-01 13:35:22.359000+00:00,56.0,1262,1002.5,0.0,9971,47.9,183.0,1.3
28.9,2025-06-01 13:36:22.360000+00:00,56.0,1262,1002.6,0.0,9971,48.6,258.0,0.7
29.0,2025-06-01 13:37:22.375000+00:00,56.0,1262,1002.7,0.0,9971,49.2,63.0,1.5
29.0,2025-06-01 13:38:22.365000+00:00,55.0,1262,1002.6,0.0,9971,48.7,270.0,1.3
29.1,2025-06-01 13:39:22.384000+00:00,57.0,1262,1002.7,0.0,9971,48.5,55.0,1.4
29.1,2025-06-01 13:40:22.396000+00:00,57.0,1262,1002.5,0.0,9971,48.7,11.0,2.7
29.1,2025-06-01 13:41:22.380000+00:00,57.0,1262,1002.5,0.0,9971,48.3,69.0,2.5
29.1,2025-06-01 13:42:22.403000+00:00,57.0,1262,1002.6,0.0,9971,47.9,60.0,1.8
29.0,2025-06-01 13:43:22.404000+00:00,58.0,1262,1002.5,0.0,9971,47.9,61.0,1.9
29.0,2025-06-01 13:44:22.408000+00:00,58.0,1262,1002.4,0.0,9971,47.9,46.0,1.4
28.9,2025-06-01 13:45:22.410000+00:00,58.0,1262,1002.5,0.0,9971,47.9,52.0,2.5
28.9,2025-06-01 13:46:22.399000+00:00,59.0,1262,1002.4,0.0,9971,47.7,51.0,2.6
29.0,2025-06-01 13:47:22.401000+00:00,59.0,1262,1002.5,0.0,9971,48.0,41.0,2.4
29.0,2025-06-01 13:48:22.404000+00:00,59.0,1262,1002.5,0.0,9971,48.6,36.0,2.5
28.9,2025-06-01 13:49:22.405000+00:00,58.0,1262,1002.5,0.0,9971,48.1,36.0,2.1
28.7,2025-06-01 13:50:22.416000+00:00,59.0,1262,1002.4,0.0,9971,47.7,64.0,2.2
28.6,2025-06-01 13:51:22.400000+00:00,58.0,1262,1002.4,0.0,9971,49.0,14.0,2.1
28.6,2025-06-01 13:52:22.457000+00:00,59.0,1262,1002.4,0.0,9971,47.6,0.0,1.4
28.6,2025-06-01 13:53:22.405000+00:00,59.0,1262,1002.3,0.0,9971,47.1,352.0,1.7
28.5,2025-06-01 13:54:22.408000+00:00,59.0,1262,1002.3,0.0,9971,46.9,0.0,1.3
28.3,2025-06-01 13:55:22.421000+00:00,60.0,1262,1002.3,0.0,9971,47.1,64.0,2.3
28.1,2025-06-01 13:56:22.406000+00:00,60.0,1262,1002.4,0.0,9971,46.7,33.0,2.5
28.2,2025-06-01 13:57:22.407000+00:00,60.0,1262,1002.4,0.0,9971,47.0,345.0,2.8
28.3,2025-06-01 13:58:22.425000+00:00,60.0,1262,1002.3,0.0,9971,47.5,86.0,1.3
28.3,2025-06-01 13:59:22.409000+00:00,60.0,1262,1002.4,0.0,9971,47.0,61.0,2.2
28.2,2025-06-01 14:00:22.401000+00:00,60.0,1262,1002.2,0.0,9971,46.9,24.0,2.8
28.3,2025-06-01 14:01:22.401000+00:00,61.0,1262,1002.2,0.0,9971,46.9,35.0,2.6
28.3,2025-06-01 14:02:22.419000+00:00,61.0,1262,1002.3,0.0,9971,46.8,29.0,2.5
28.4,2025-06-01 14:03:22.425000+00:00,61.0,1262,1002.3,0.0,9971,46.8,2.0,2.0
28.4,2025-06-01 14:04:22.431000+00:00,61.0,1262,1002.3,0.0,9971,47.4,60.0,2.0
28.4,2025-06-01 14:05:22.414000+00:00,62.0,1262,1002.3,0.0,9971,47.5,268.0,1.3
28.3,2025-06-01 14:06:22.422000+00:00,61.0,1262,1002.4,0.0,9971,47.5,35.0,1.5
28.2,2025-06-01 14:07:22.460000+00:00,61.0,1262,1002.3,0.0,9971,48.0,62.0,1.3
28.2,2025-06-01 14:08:22.464000+00:00,61.0,1262,1002.4,0.0,9971,48.2,59.0,1.1
28.3,2025-06-01 14:09:22.467000+00:00,61.0,1262,1002.4,0.0,9971,48.5,77.0,2.1
28.3,2025-06-01 14:10:22.461000+00:00,60.0,1262,1002.3,0.0,9971,48.0,75.0,1.5
28.5,2025-06-01 14:11:22.476000+00:00,59.0,1262,1002.4,0.0,9971,48.5,31.0,2.5
28.6,2025-06-01 14:12:22.472000+00:00,60.0,1262,1002.3,0.0,9971,48.5,252.0,1.8
28.6,2025-06-01 14:13:22.478000+00:00,60.0,1262,1002.3,0.0,9971,47.5,49.0,1.4
28.6,2025-06-01 14:14:22.492000+00:00,59.0,1262,1002.4,0.0,9971,47.5,343.0,2.2
28.6,2025-06-01 14:15:22.479000+00:00,60.0,1262,1002.3,0.0,9971,47.0,52.0,2.2
28.6,2025-06-01 14:16:22.471000+00:00,60.0,1262,1002.4,0.0,9971,47.7,15.0,2.1
28.6,2025-06-01 14:17:22.474000+00:00,60.0,1262,1002.3,0.0,9971,47.7,59.0,1.5
28.7,2025-06-01 14:18:22.481000+00:00,60.0,1262,1002.4,0.0,9971,47.9,76.0,1.6
28.7,2025-06-01 14:19:22.468000+00:00,60.0,1262,1002.3,0.0,9971,47.9,65.0,2.4
28.7,2025-06-01 14:20:22.490000+00:00,60.0,1262,1002.4,0.0,9971,47.6,161.0,1.1
28.7,2025-06-01 14:21:22.472000+00:00,59.0,1262,1002.3,0.0,9971,47.4,277.0,1.4
28.7,2025-06-01 14:22:22.482000+00:00,60.0,1262,1002.3,0.0,9971,47.5,222.0,1.8
28.8,2025-06-01 14:23:22.476000+00:00,60.0,1262,1002.3,0.0,9971,47.6,178.0,0.9
28.9,2025-06-01 14:24:22.484000+00:00,60.0,1262,1002.4,0.0,9971,48.1,338.0,0.6
28.9,2025-06-01 14:25:22.512000+00:00,59.0,1262,1002.3,0.0,9971,47.8,147.0,0.8
28.8,2025-06-01 14:26:22.527000+00:00,60.0,1262,1002.3,0.0,9971,48.9,82.0,0.8
28.9,2025-06-01 14:27:22.551000+00:00,58.0,1262,1002.2,0.0,9971,48.9,75.0,1.9
28.9,2025-06-01 14:28:22.552000+00:00,59.0,1262,1002.3,0.0,9971,47.5,50.0,1.3
28.9,2025-06-01 14:29:22.563000+00:00,59.0,1262,1002.3,0.0,9971,47.5,17.0,2.3
29.0,2025-06-01 14:30:22.564000+00:00,59.0,1262,1002.2,0.0,9971,46.5,5.0,2.0
29.0,2025-06-01 14:31:22.573000+00:00,60.0,1262,1002.3,0.0,9971,46.5,192.0,1.4
29.0,2025-06-01 14:32:22.574000+00:00,60.0,1262,1002.2,0.0,9971,47.3,221.0,1.5
29.0,2025-06-01 14:33:22.592000+00:00,60.0,1262,1002.2,0.0,9971,46.9,235.0,1.6
29.2,2025-06-01 14:34:22.597000+00:00,60.0,1262,1002.3,0.0,9971,47.4,20.0,1.3
29.3,2025-06-01 14:35:22.607000+00:00,61.0,1262,1002.2,0.0,9971,46.9,75.0,1.1
29.5,2025-06-01 14:36:22.611000+00:00,59.0,1262,1002.0,0.0,9971,47.5,127.0,0.8
29.6,2025-06-01 14:37:22.624000+00:00,59.0,1262,1002.1,0.0,9971,47.6,36.0,1.0
29.5,2025-06-01 14:38:22.625000+00:00,58.0,1262,1002.1,0.0,9971,47.4,72.0,1.4
23.0,2025-06-15 17:05:39.507000+00:00,28.0,1263,1019.1,0.0,9963,47.1,53.0,1.3
23.0,2025-06-15 17:06:39.508000+00:00,28.0,1263,1019.1,0.0,9963,47.0,153.0,0.7
23.0,2025-06-15 17:07:39.508000+00:00,28.0,1263,1019.1,0.0,9963,47.0,153.0,0.7
23.0,2025-06-15 17:08:39.509000+00:00,27.0,1263,1019.0,0.0,9963,47.3,3.0,0.8
23.1,2025-06-15 17:09:39.509000+00:00,28.0,1263,1019.1,0.0,9963,47.0,345.0,1.0
23.1,2025-06-15 17:10:39.510000+00:00,28.0,1263,1019.0,0.0,9963,47.3,326.0,1.2
23.1,2025-06-15 17:11:39.526000+00:00,30.0,1263,1018.9,0.0,9963,47.3,7.0,0.5
23.3,2025-06-15 17:12:39.526000+00:00,29.0,1263,1019.0,0.0,9963,47.1,8.0,0.8
23.3,2025-06-15 17:13:39.527000+00:00,26.0,1263,1019.0,0.0,9963,48.0,12.0,1.1
23.4,2025-06-15 17:14:39.543000+00:00,26.0,1263,1019.0,0.0,9963,48.0,40.0,1.2
23.4,2025-06-15 17:15:39.575000+00:00,26.0,1263,1018.9,0.0,9963,47.9,43.0,1.2
23.3,2025-06-15 17:16:39.585000+00:00,26.0,1263,1018.9,0.0,9963,47.9,27.0,1.2
23.3,2025-06-15 17:17:39.591000+00:00,25.0,1263,1018.9,0.0,9963,48.3,28.0,1.5
23.3,2025-06-15 17:18:39.607000+00:00,25.0,1263,1019.0,0.0,9963,48.1,357.0,1.1
23.3,2025-06-15 17:19:39.611000+00:00,25.0,1263,1018.9,0.0,9963,48.0,11.0,1.5
23.2,2025-06-15 17:20:39.627000+00:00,26.0,1263,1019.0,0.0,9963,47.8,62.0,0.4
23.2,2025-06-15 17:21:39.612000+00:00,25.0,1263,1019.0,0.0,9963,47.9,39.0,0.7
23.1,2025-06-15 17:22:39.628000+00:00,25.0,1263,1019.0,0.0,9963,48.0,291.0,0.6
23.2,2025-06-15 17:23:39.609000+00:00,26.0,1263,1019.1,0.0,9963,48.0,340.0,0.7
23.1,2025-06-15 17:24:39.625000+00:00,26.0,1263,1019.0,0.0,9963,48.4,354.0,1.0
23.1,2025-06-15 17:25:39.641000+00:00,28.0,1263,1019.1,0.0,9963,48.0,34.0,1.2
23.1,2025-06-15 17:26:39.657000+00:00,32.0,1263,1019.0,0.0,9963,47.5,329.0,0.5
23.3,2025-06-15 17:27:39.646000+00:00,30.0,1263,1019.0,0.0,9963,47.5,305.0,0.6
23.3,2025-06-15 17:28:39.662000+00:00,32.0,1263,1019.0,0.0,9963,48.2,127.0,0.0
23.2,2025-06-15 17:29:39.678000+00:00,30.0,1263,1019.0,0.0,9963,47.9,0.0,0.0
23.3,2025-06-15 17:30:39.647000+00:00,30.0,1263,1019.1,0.0,9963,48.0,248.0,0.3
23.3,2025-06-15 17:31:39.647000+00:00,29.0,1263,1019.1,0.0,9963,47.9,198.0,0.8
23.3,2025-06-15 17:32:39.669000+00:00,29.0,1263,1019.0,0.0,9963,47.9,211.0,1.1
23.3,2025-06-15 17:33:39.655000+00:00,30.0,1263,1019.0,0.0,9963,47.9,190.0,1.1
23.1,2025-06-15 17:34:39.655000+00:00,30.0,1263,1019.1,0.0,9963,48.0,177.0,1.4
23.1,2025-06-15 17:35:39.656000+00:00,31.0,1263,1019.0,0.0,9963,48.0,173.0,2.0
22.8,2025-06-15 17:36:39.656000+00:00,31.0,1263,1019.1,0.0,9963,48.2,149.0,0.7
22.8,2025-06-15 17:37:39.657000+00:00,31.0,1263,1019.1,0.0,9963,48.2,276.0,1.2
22.8,2025-06-15 17:38:39.655000+00:00,32.0,1263,1019.2,0.0,9963,48.1,202.0,1.0
22.9,2025-06-15 17:39:39.664000+00:00,34.0,1263,1019.0,0.0,9963,48.4,175.0,1.5
22.8,2025-06-15 17:40:39.664000+00:00,33.0,1263,1019.1,0.0,9963,48.4,175.0,1.9
22.8,2025-06-15 17:41:39.649000+00:00,34.0,1263,1019.0,0.0,9963,48.7,180.0,1.8
22.8,2025-06-15 17:42:39.649000+00:00,31.0,1263,1019.1,0.0,9963,49.0,157.0,2.2
22.8,2025-06-15 17:43:39.666000+00:00,33.0,1263,1019.0,0.0,9963,49.1,172.0,1.6
22.8,2025-06-15 17:44:39.651000+00:00,33.0,1263,1019.0,0.0,9963,49.3,160.0,0.6
23.0,2025-06-15 17:45:39.651000+00:00,33.0,1263,1019.0,0.0,9963,49.3,147.0,1.0
23.0,2025-06-15 17:46:39.664000+00:00,32.0,1263,1018.9,0.0,9963,48.9,19.0,0.8
23.0,2025-06-15 17:47:39.665000+00:00,31.0,1263,1019.0,0.0,9963,48.7,334.0,0.8
23.0,2025-06-15 17:48:39.665000+00:00,31.0,1263,1019.0,0.0,9963,48.7,344.0,0.7
23.1,2025-06-15 17:49:39.666000+00:00,30.0,1263,1019.1,0.0,9963,48.7,104.0,0.4
23.2,2025-06-15 17:50:39.666000+00:00,31.0,1263,1019.0,0.0,9963,48.7,353.0,0.6
23.0,2025-06-15 17:51:39.667000+00:00,31.0,1263,1019.0,0.0,9963,48.9,140.0,0.6
23.0,2025-06-15 17:52:39.683000+00:00,30.0,1263,1019.0,0.0,9963,49.3,192.0,0.7
23.0,2025-06-15 17:53:39.668000+00:00,29.0,1263,1018.9,0.0,9963,49.3,169.0,1.4
23.0,2025-06-15 17:54:39.668000+00:00,28.0,1263,1019.0,0.0,9963,50.0,194.0,1.8
23.0,2025-06-15 17:55:39.669000+00:00,28.0,1263,1019.0,0.0,9963,49.5,133.0,1.0
23.0,2025-06-15 17:56:39.669000+00:00,29.0,1263,1019.0,0.0,9963,49.5,175.0,1.0
23.0,2025-06-15 17:57:39.685000+00:00,29.0,1263,1019.0,0.0,9963,49.4,174.0,1.2
23.0,2025-06-15 17:58:39.676000+00:00,29.0,1263,1019.0,0.0,9963,49.8,238.0,1.4
23.1,2025-06-15 17:59:39.676000+00:00,29.0,1263,1019.1,0.0,9963,49.9,211.0,1.3
23.4,2025-06-15 18:00:39.661000+00:00,29.0,1263,1019.1,0.0,9963,49.7,333.0,1.0
23.4,2025-06-15 18:01:39.683000+00:00,29.0,1263,1019.0,0.0,9963,49.6,344.0,1.0
23.3,2025-06-15 18:02:39.682000+00:00,30.0,1263,1018.9,0.0,9963,49.6,18.0,0.6
23.3,2025-06-15 18:03:39.682000+00:00,30.0,1263,1019.1,0.0,9963,49.7,2.0,0.7
23.4,2025-06-15 18:04:39.667000+00:00,30.0,1263,1019.1,0.0,9963,50.0,104.0,0.5
23.6,2025-06-15 18:05:39.667000+00:00,29.0,1263,1018.9,0.0,9963,50.1,3.0,1.0
23.6,2025-06-15 18:06:39.668000+00:00,29.0,1263,1019.0,0.0,9963,50.2,353.0,0.9
23.6,2025-06-15 18:07:39.681000+00:00,29.0,1263,1019.1,0.0,9963,50.2,343.0,1.6
23.7,2025-06-15 18:08:39.681000+00:00,28.0,1263,1019.1,0.0,9963,50.3,158.0,1.4
23.9,2025-06-15 18:09:39.682000+00:00,28.0,1263,1019.1,0.0,9963,50.1,103.0,0.8
24.0,2025-06-15 18:10:39.682000+00:00,27.0,1263,1019.1,0.0,9963,50.0,29.0,0.8
24.0,2025-06-15 18:11:39.683000+00:00,27.0,1263,1019.0,0.0,9963,49.9,19.0,1.3
23.9,2025-06-15 18:12:39.683000+00:00,26.0,1263,1019.0,0.0,9963,49.9,354.0,2.2
23.8,2025-06-15 18:13:39.684000+00:00,26.0,1263,1019.0,0.0,9963,49.9,4.0,2.9
23.6,2025-06-15 18:14:39.684000+00:00,26.0,1263,1019.0,0.0,9963,49.9,4.0,2.9
23.8,2025-06-15 18:15:39.685000+00:00,26.0,1263,1019.0,0.0,9963,50.4,263.0,1.1
23.8,2025-06-15 18:16:39.676000+00:00,27.0,1263,1019.1,0.0,9963,50.3,202.0,1.5
23.7,2025-06-15 18:17:39.676000+00:00,26.0,1263,1019.1,0.0,9963,50.2,262.0,2.0
23.8,2025-06-15 18:18:39.685000+00:00,27.0,1263,1019.0,0.0,9963,50.1,253.0,1.6
23.8,2025-06-15 18:19:39.693000+00:00,26.0,1263,1019.0,0.0,9963,50.1,159.0,1.6
23.7,2025-06-15 18:20:39.678000+00:00,26.0,1263,1019.1,0.0,9963,50.1,239.0,1.9
23.8,2025-06-15 18:21:39.694000+00:00,29.0,1263,1019.0,0.0,9963,50.0,292.0,0.9
23.8,2025-06-15 18:22:39.682000+00:00,29.0,1263,1019.0,0.0,9963,50.0,124.0,0.9
23.9,2025-06-15 18:23:39.682000+00:00,27.0,1263,1019.1,0.0,9963,49.8,106.0,1.1
23.8,2025-06-15 18:24:39.698000+00:00,27.0,1263,1019.1,0.0,9963,49.8,106.0,1.1
23.7,2025-06-15 18:25:39.683000+00:00,29.0,1263,1019.0,0.0,9963,50.0,326.0,1.9
23.8,2025-06-15 18:26:39.684000+00:00,28.0,1263,1019.0,0.0,9963,50.2,32.0,0.8
23.8,2025-06-15 18:27:39.684000+00:00,27.0,1263,1019.0,0.0,9963,49.9,31.0,1.3
23.8,2025-06-15 18:28:39.685000+00:00,28.0,1263,1019.0,0.0,9963,49.7,324.0,1.1
23.9,2025-06-15 18:29:39.702000+00:00,27.0,1263,1019.0,0.0,9963,49.7,0.0,0.5
24.0,2025-06-15 18:30:39.720000+00:00,29.0,1263,1018.9,0.0,9963,49.4,151.0,0.8
24.0,2025-06-15 18:31:39.699000+00:00,29.0,1263,1018.9,0.0,9963,49.4,151.0,0.8
24.0,2025-06-15 18:32:39.699000+00:00,28.0,1263,1018.9,0.0,9963,49.4,0.0,1.1
23.9,2025-06-15 18:33:39.700000+00:00,30.0,1263,1018.9,0.0,9963,49.6,0.0,1.1
24.0,2025-06-15 18:34:39.697000+00:00,29.0,1263,1019.1,0.0,9963,49.6,166.0,0.9
24.1,2025-06-15 18:35:39.695000+00:00,30.0,1263,1019.1,0.0,9963,49.7,230.0,2.0
24.1,2025-06-15 18:36:39.695000+00:00,29.0,1263,1019.0,0.0,9963,49.9,10.0,0.7
24.3,2025-06-15 18:37:39.696000+00:00,29.0,1263,1019.0,0.0,9963,49.8,27.0,0.7
24.3,2025-06-15 18:38:39.705000+00:00,29.0,1263,1018.9,0.0,9963,49.9,197.0,0.8
24.4,2025-06-15 18:39:39.709000+00:00,28.0,1263,1018.9,0.0,9963,50.0,123.0,0.8
24.4,2025-06-15 18:40:39.728000+00:00,29.0,1263,1019.1,0.0,9963,49.8,327.0,0.7
24.5,2025-06-15 18:41:39.745000+00:00,29.0,1263,1018.9,0.0,9963,49.6,335.0,0.8
24.5,2025-06-15 18:42:39.749000+00:00,29.0,1263,1018.9,0.0,9963,49.7,149.0,1.1
24.5,2025-06-15 18:43:39.761000+00:00,29.0,1263,1018.9,0.0,9963,49.8,357.0,0.7
24.6,2025-06-15 18:44:39.762000+00:00,28.0,1263,1019.0,0.0,9963,49.7,252.0,0.8
24.6,2025-06-15 18:45:39.793000+00:00,28.0,1263,1018.9,0.0,9963,49.7,0.0,0.6
24.6,2025-06-15 18:46:39.787000+00:00,28.0,1263,1019.0,0.0,9963,49.8,159.0,0.5
24.6,2025-06-15 18:47:39.803000+00:00,29.0,1263,1018.9,0.0,9963,49.8,143.0,1.1
24.5,2025-06-15 18:48:39.795000+00:00,28.0,1263,1018.9,0.0,9963,50.1,180.0,0.9
24.5,2025-06-15 18:49:39.795000+00:00,28.0,1263,1018.9,0.0,9963,49.9,0.0,0.9
24.6,2025-06-15 18:50:39.811000+00:00,27.0,1263,1018.9,0.0,9963,49.9,314.0,0.8
24.7,2025-06-15 18:51:39.827000+00:00,28.0,1263,1018.9,0.0,9963,49.8,167.0,0.7
24.7,2025-06-15 18:52:39.843000+00:00,27.0,1263,1018.9,0.0,9963,49.9,163.0,1.5
24.7,2025-06-15 18:53:39.828000+00:00,28.0,1263,1018.8,0.0,9963,50.0,160.0,1.4
24.6,2025-06-15 18:54:39.841000+00:00,28.0,1263,1018.9,0.0,9963,50.3,140.0,2.0
24.6,2025-06-15 18:55:39.842000+00:00,28.0,1263,1018.9,0.0,9963,50.3,207.0,1.4
24.6,2025-06-15 18:56:39.858000+00:00,28.0,1263,1018.8,0.0,9963,49.9,183.0,1.2
24.8,2025-06-15 18:57:39.874000+00:00,27.0,1263,1018.9,0.0,9963,49.9,284.0,1.6
25.1,2025-06-15 18:58:39.875000+00:00,28.0,1263,1018.9,0.0,9963,50.2,188.0,1.1
25.2,2025-06-15 18:59:39.862000+00:00,27.0,1263,1018.9,0.0,9963,49.8,338.0,0.8
25.2,2025-06-15 19:00:39.894000+00:00,29.0,1263,1018.9,0.0,9963,49.8,168.0,1.0
25.1,2025-06-15 19:01:39.891000+00:00,30.0,1263,1018.9,0.0,9963,49.6,353.0,1.5
25.0,2025-06-15 19:02:39.883000+00:00,28.0,1263,1018.9,0.0,9963,49.9,0.0,0.7
24.9,2025-06-15 19:03:39.883000+00:00,27.0,1263,1019.0,0.0,9963,49.9,44.0,0.9
25.0,2025-06-15 19:04:39.884000+00:00,27.0,1263,1018.8,0.0,9963,49.9,178.0,0.9
25.0,2025-06-15 19:05:39.900000+00:00,27.0,1263,1018.8,0.0,9963,50.0,64.0,1.0
25.1,2025-06-15 19:06:39.884000+00:00,28.0,1263,1018.8,0.0,9963,50.0,61.0,0.9
25.1,2025-06-15 19:07:39.901000+00:00,28.0,1263,1018.9,0.0,9963,49.8,359.0,1.0
25.1,2025-06-15 19:08:39.904000+00:00,28.0,1263,1018.8,0.0,9963,49.8,337.0,0.8
25.1,2025-06-15 19:09:39.920000+00:00,27.0,1263,1018.8,0.0,9963,49.3,176.0,1.1
25.1,2025-06-15 19:10:39.952000+00:00,29.0,1263,1018.8,0.0,9963,49.3,0.0,0.9
25.2,2025-06-15 19:11:39.937000+00:00,29.0,1263,1018.8,0.0,9963,49.9,336.0,0.6
25.3,2025-06-15 19:12:39.937000+00:00,27.0,1263,1018.8,0.0,9963,49.6,162.0,1.1
25.4,2025-06-15 19:13:39.953000+00:00,29.0,1263,1018.8,0.0,9963,49.7,215.0,1.1
25.6,2025-06-15 19:14:39.954000+00:00,27.0,1263,1018.8,0.0,9963,49.7,91.0,0.5
25.6,2025-06-15 19:15:39.970000+00:00,27.0,1263,1018.8,0.0,9963,49.8,4.0,0.5
25.5,2025-06-15 19:16:39.980000+00:00,26.0,1263,1018.7,0.0,9963,49.2,343.0,0.9
25.4,2025-06-15 19:17:39.980000+00:00,26.0,1263,1018.9,0.0,9963,49.2,0.0,0.7
25.2,2025-06-15 19:18:39.981000+00:00,27.0,1263,1018.8,0.0,9963,49.4,338.0,1.1
25.1,2025-06-15 19:19:39.982000+00:00,27.0,1263,1018.8,0.0,9963,49.4,216.0,0.6
25.0,2025-06-15 19:20:39.982000+00:00,27.0,1263,1018.8,0.0,9963,49.5,321.0,1.1
24.9,2025-06-15 19:21:39.983000+00:00,27.0,1263,1018.7,0.0,9963,49.5,4.0,1.3
25.0,2025-06-15 19:22:39.983000+00:00,27.0,1263,1018.8,0.0,9963,49.5,197.0,0.8
25.1,2025-06-15 19:23:39.984000+00:00,26.0,1263,1018.8,0.0,9963,49.6,139.0,1.0
25.1,2025-06-15 19:24:39.984000+00:00,27.0,1263,1018.9,0.0,9963,49.6,168.0,0.8
25.1,2025-06-15 19:25:39.985000+00:00,27.0,1263,1018.8,0.0,9963,49.7,161.0,1.0
25.1,2025-06-15 19:26:39.988000+00:00,27.0,1263,1018.8,0.0,9963,49.4,6.0,0.8
25.2,2025-06-15 19:27:39.982000+00:00,27.0,1263,1018.9,0.0,9963,49.7,174.0,0.7
25.3,2025-06-15 19:28:39.982000+00:00,27.0,1263,1018.8,0.0,9963,49.5,143.0,0.9
25.1,2025-06-15 19:29:39.992000+00:00,27.0,1263,1018.9,0.0,9963,49.5,17.0,0.6
25.1,2025-06-15 19:30:39.996000+00:00,27.0,1263,1018.8,0.0,9963,49.3,175.0,0.6
25.2,2025-06-15 19:31:40.025000+00:00,26.0,1263,1018.8,0.0,9963,49.6,196.0,0.8
25.4,2025-06-15 19:32:40.010000+00:00,25.0,1263,1018.8,0.0,9963,49.6,187.0,0.6
25.3,2025-06-15 19:33:40.010000+00:00,25.0,1263,1018.7,0.0,9963,49.5,155.0,0.6
25.1,2025-06-15 19:34:40.010000+00:00,26.0,1263,1018.8,0.0,9963,49.4,230.0,0.4
25.1,2025-06-15 19:35:40.027000+00:00,26.0,1263,1018.7,0.0,9963,49.5,179.0,1.0
24.8,2025-06-15 19:36:40.027000+00:00,25.0,1263,1018.9,0.0,9963,49.6,187.0,1.7
24.7,2025-06-15 19:37:40.058000+00:00,27.0,1263,1018.8,0.0,9963,49.4,245.0,2.0
24.6,2025-06-15 19:38:40.073000+00:00,26.0,1263,1018.8,1.0,9963,49.4,212.0,1.5
24.5,2025-06-15 19:39:40.075000+00:00,26.0,1263,1018.8,0.0,9963,49.3,190.0,0.9
24.5,2025-06-15 19:40:40.091000+00:00,26.0,1263,1018.8,0.0,9963,49.3,0.0,0.8
24.6,2025-06-15 19:41:40.108000+00:00,26.0,1263,1018.6,0.0,9963,49.4,51.0,0.4
24.6,2025-06-15 19:42:40.096000+00:00,25.0,1263,1018.7,0.0,9963,49.4,179.0,0.7
24.5,2025-06-15 19:43:40.112000+00:00,25.0,1263,1018.6,0.0,9963,49.3,225.0,1.1
24.5,2025-06-15 19:44:40.128000+00:00,25.0,1263,1018.6,0.0,9963,49.3,225.0,1.1
24.5,2025-06-15 19:45:40.129000+00:00,25.0,1263,1018.6,0.0,9963,49.3,225.0,1.1
24.5,2025-06-15 19:46:40.129000+00:00,25.0,1263,1018.6,0.0,9963,49.3,225.0,1.1
24.5,2025-06-15 19:47:40.135000+00:00,25.0,1263,1018.6,0.0,9963,49.3,225.0,1.1
24.5,2025-06-15 19:48:40.127000+00:00,25.0,1263,1018.6,0.0,9963,49.3,225.0,1.1
24.5,2025-06-15 19:49:40.128000+00:00,25.0,1263,1018.6,0.0,9963,49.3,225.0,1.1
24.5,2025-06-15 19:50:40.144000+00:00,25.0,1263,1018.6,0.0,9963,49.3,225.0,1.1
24.5,2025-06-15 19:51:40.129000+00:00,25.0,1263,1018.6,0.0,9963,49.3,225.0,1.1
29.6,2025-06-29 12:07:21.340000+00:00,34.0,1264,944.0,0.0,9955,51.3,31.0,1.9
29.5,2025-06-29 12:08:21.342000+00:00,34.0,1264,944.0,0.0,9955,51.9,25.0,1.5
29.4,2025-06-29 12:09:21.337000+00:00,32.0,1264,944.0,0.0,9955,51.9,358.0,2.4
29.4,2025-06-29 12:10:21.346000+00:00,34.0,1264,944.0,0.0,9955,50.4,141.0,1.2
29.3,2025-06-29 12:11:21.358000+00:00,34.0,1264,943.9,0.0,9955,49.2,182.0,0.4
29.3,2025-06-29 12:12:21.340000+00:00,34.0,1264,944.0,0.0,9955,48.7,0.0,0.7
29.3,2025-06-29 12:13:21.339000+00:00,34.0,1264,944.0,0.0,9955,48.7,227.0,0.0
29.5,2025-06-29 12:14:21.343000+00:00,34.0,1264,944.1,0.0,9955,49.9,271.0,0.4
29.6,2025-06-29 12:15:21.338000+00:00,33.0,1264,944.1,0.0,9955,50.7,57.0,0.9
29.7,2025-06-29 12:16:21.340000+00:00,33.0,1264,944.1,0.0,9955,50.4,174.0,0.7
29.7,2025-06-29 12:17:21.347000+00:00,33.0,1264,944.0,0.0,9955,50.6,283.0,0.7
29.9,2025-06-29 12:18:21.363000+00:00,33.0,1264,944.1,0.0,9955,51.2,326.0,0.7
30.0,2025-06-29 12:19:21.341000+00:00,33.0,1264,944.0,0.0,9955,51.2,6.0,1.3
30.0,2025-06-29 12:20:21.344000+00:00,33.0,1264,944.0,0.0,9955,50.6,278.0,0.9
30.0,2025-06-29 12:21:21.347000+00:00,34.0,1264,944.0,0.0,9955,49.4,242.0,2.4
29.9,2025-06-29 12:22:21.350000+00:00,34.0,1264,944.0,0.0,9955,49.4,192.0,2.2
29.8,2025-06-29 12:23:21.346000+00:00,34.0,1264,944.1,0.0,9955,49.3,74.0,1.2
29.6,2025-06-29 12:24:21.355000+00:00,34.0,1264,944.0,0.0,9955,48.3,63.0,2.5
29.5,2025-06-29 12:25:21.352000+00:00,34.0,1264,944.0,0.0,9955,47.8,72.0,2.1
29.3,2025-06-29 12:26:21.354000+00:00,34.0,1264,944.2,0.0,9955,47.4,74.0,1.9
29.1,2025-06-29 12:27:21.346000+00:00,34.0,1264,944.1,0.0,9955,46.8,73.0,1.6
29.1,2025-06-29 12:28:21.345000+00:00,35.0,1264,944.0,0.0,9955,46.1,40.0,1.1
29.1,2025-06-29 12:29:21.354000+00:00,35.0,1264,944.0,0.0,9955,48.1,48.0,1.4
29.2,2025-06-29 12:30:21.376000+00:00,34.0,1264,944.0,0.0,9955,49.1,63.0,1.0
29.3,2025-06-29 12:31:21.354000+00:00,33.0,1264,944.0,0.0,9955,49.1,66.0,1.1
29.5,2025-06-29 12:32:21.367000+00:00,32.0,1264,943.9,0.0,9955,48.6,88.0,1.9
29.5,2025-06-29 12:33:21.368000+00:00,33.0,1264,943.9,0.0,9955,49.2,67.0,1.4
29.3,2025-06-29 12:34:21.392000+00:00,34.0,1264,944.0,0.0,9955,48.5,97.0,1.2
29.4,2025-06-29 12:35:21.409000+00:00,34.0,1264,944.0,0.0,9955,48.1,73.0,0.5
29.4,2025-06-29 12:36:21.408000+00:00,34.0,1264,944.0,0.0,9955,48.2,208.0,1.8
29.4,2025-06-29 12:37:21.416000+00:00,34.0,1264,944.0,0.0,9955,48.7,62.0,0.8
29.4,2025-06-29 12:38:21.429000+00:00,33.0,1264,944.0,0.0,9955,49.4,172.0,0.5
29.6,2025-06-29 12:39:21.430000+00:00,33.0,1264,944.0,0.0,9955,49.4,53.0,0.4
29.9,2025-06-29 12:40:21.441000+00:00,34.0,1264,943.9,0.0,9955,49.5,123.0,0.9
29.9,2025-06-29 12:41:21.457000+00:00,33.0,1264,944.0,0.0,9955,49.7,46.0,0.9
29.9,2025-06-29 12:42:21.456000+00:00,33.0,1264,943.8,0.0,9955,50.0,21.0,1.0
29.9,2025-06-29 12:43:21.465000+00:00,33.0,1264,943.8,0.0,9955,50.5,14.0,0.9
30.0,2025-06-29 12:44:21.498000+00:00,32.0,1264,943.8,0.0,9955,51.0,64.0,0.9
30.1,2025-06-29 12:45:21.492000+00:00,31.0,1264,943.8,0.0,9955,50.6,103.0,1.4
30.1,2025-06-29 12:46:21.490000+00:00,32.0,1264,943.8,0.0,9955,49.9,257.0,0.7
30.0,2025-06-29 12:47:21.488000+00:00,33.0,1264,943.7,0.0,9955,49.5,203.0,0.6
30.0,2025-06-29 12:48:21.496000+00:00,33.0,1264,943.8,0.0,9955,50.5,56.0,0.4
30.1,2025-06-29 12:49:21.487000+00:00,32.0,1264,943.8,0.0,9955,50.5,39.0,1.3
30.2,2025-06-29 12:50:21.503000+00:00,32.0,1264,943.8,0.0,9955,50.3,21.0,0.9
30.3,2025-06-29 12:51:21.497000+00:00,33.0,1264,943.7,0.0,9955,49.2,35.0,1.0
30.4,2025-06-29 12:52:21.490000+00:00,33.0,1264,943.8,0.0,9955,49.2,303.0,0.5
30.4,2025-06-29 12:53:21.490000+00:00,33.0,1264,943.7,0.0,9955,50.1,251.0,1.3
30.2,2025-06-29 12:54:21.497000+00:00,33.0,1264,943.7,0.0,9955,50.2,256.0,2.5
30.0,2025-06-29 12:55:21.505000+00:00,32.0,1264,943.7,0.0,9955,49.7,188.0,1.9
30.0,2025-06-29 12:56:21.516000+00:00,33.0,1264,943.7,0.0,9955,49.7,214.0,1.1
30.0,2025-06-29 12:57:21.514000+00:00,33.0,1264,943.6,0.0,9955,50.2,299.0,0.9
30.1,2025-06-29 12:58:21.514000+00:00,33.0,1264,943.7,0.0,9955,50.4,265.0,1.0
30.1,2025-06-29 12:59:21.536000+00:00,33.0,1264,943.6,0.0,9955,50.5,255.0,1.4
30.2,2025-06-29 13:00:21.540000+00:00,33.0,1264,943.6,0.0,9955,50.4,233.0,1.1
30.2,2025-06-29 13:01:21.570000+00:00,33.0,1264,943.6,0.0,9955,50.4,241.0,1.0
30.2,2025-06-29 13:02:21.566000+00:00,33.0,1264,943.5,0.0,9955,50.4,276.0,1.6
30.1,2025-06-29 13:03:21.566000+00:00,33.0,1264,943.6,0.0,9955,50.7,275.0,1.3
30.3,2025-06-29 13:04:21.574000+00:00,32.0,1264,943.6,0.0,9955,50.8,9.0,0.5
30.3,2025-06-29 13:05:21.592000+00:00,32.0,1264,943.5,0.0,9955,50.7,38.0,1.0
30.3,2025-06-29 13:06:21.598000+00:00,32.0,1264,943.5,0.0,9955,50.1,26.0,1.4
30.3,2025-06-29 13:07:21.612000+00:00,33.0,1264,943.5,0.0,9955,50.3,90.0,1.0
30.1,2025-06-29 13:08:21.614000+00:00,32.0,1264,943.5,0.0,9955,50.4,59.0,0.9
30.3,2025-06-29 13:09:21.625000+00:00,31.0,1264,943.4,0.0,9955,50.8,51.0,2.3
30.3,2025-06-29 13:10:21.613000+00:00,31.0,1264,943.5,0.0,9955,50.8,64.0,3.0
30.4,2025-06-29 13:11:21.624000+00:00,31.0,1264,943.5,0.0,9955,49.8,19.0,2.4
30.4,2025-06-29 13:12:21.640000+00:00,32.0,1264,943.4,0.0,9955,49.7,95.0,1.7
30.3,2025-06-29 13:13:21.643000+00:00,33.0,1264,943.5,0.0,9955,50.5,189.0,0.9
30.3,2025-06-29 13:14:21.634000+00:00,32.0,1264,943.5,0.0,9955,50.5,35.0,1.0
30.3,2025-06-29 13:15:21.636000+00:00,32.0,1264,943.4,0.0,9955,50.8,102.0,0.6
30.5,2025-06-29 13:16:21.657000+00:00,32.0,1264,943.4,0.0,9955,50.3,25.0,1.2
30.4,2025-06-29 13:17:21.663000+00:00,31.0,1264,943.5,0.0,9955,48.7,0.0,1.1
30.2,2025-06-29 13:18:21.652000+00:00,33.0,1264,943.4,0.0,9955,47.8,207.0,0.9
30.2,2025-06-29 13:19:21.657000+00:00,33.0,1264,943.4,0.0,9955,48.6,216.0,0.9
30.4,2025-06-29 13:20:21.669000+00:00,32.0,1264,943.4,0.0,9955,49.7,0.0,1.0
30.4,2025-06-29 13:21:21.683000+00:00,31.0,1264,943.3,0.0,9955,49.3,57.0,0.8
30.6,2025-06-29 13:22:21.680000+00:00,32.0,1264,943.4,0.0,9955,49.2,336.0,1.5
30.7,2025-06-29 13:23:21.761000+00:00,32.0,1264,943.3,0.0,9955,49.6,68.0,0.8
30.7,2025-06-29 13:24:21.698000+00:00,32.0,1264,943.4,0.0,9955,49.8,74.0,1.4
30.8,2025-06-29 13:25:21.694000+00:00,32.0,1264,943.3,0.0,9955,49.8,43.0,0.6
30.7,2025-06-29 13:26:21.712000+00:00,32.0,1264,943.2,0.0,9955,49.7,40.0,1.4
30.6,2025-06-29 13:27:21.712000+00:00,32.0,1264,943.3,0.0,9955,50.3,61.0,1.9
30.6,2025-06-29 13:28:21.734000+00:00,32.0,1264,943.2,0.0,9955,50.4,59.0,2.1
30.6,2025-06-29 13:29:21.730000+00:00,32.0,1264,943.3,0.0,9955,50.3,40.0,2.2
30.7,2025-06-29 13:30:21.722000+00:00,31.0,1264,943.2,0.0,9955,50.3,66.0,3.1
30.8,2025-06-29 13:31:21.747000+00:00,31.0,1264,943.3,0.0,9955,49.9,58.0,3.7
30.6,2025-06-29 13:32:21.754000+00:00,31.0,1264,943.2,0.0,9955,49.2,45.0,2.4
30.6,2025-06-29 13:33:21.758000+00:00,32.0,1264,943.4,0.0,9955,49.1,65.0,2.1
30.5,2025-06-29 13:34:21.772000+00:00,31.0,1264,943.2,0.0,9955,49.2,82.0,2.1
30.4,2025-06-29 13:35:21.796000+00:00,32.0,1264,943.3,0.0,9955,49.9,67.0,2.7
30.4,2025-06-29 13:36:21.785000+00:00,31.0,1264,943.2,0.0,9955,49.5,72.0,3.1
30.4,2025-06-29 13:37:21.783000+00:00,32.0,1264,943.3,0.0,9955,49.5,63.0,2.1
30.5,2025-06-29 13:38:21.786000+00:00,31.0,1264,943.2,0.0,9955,49.5,50.0,2.6
30.5,2025-06-29 13:39:21.784000+00:00,31.0,1264,943.1,0.0,9955,49.6,43.0,1.9
30.6,2025-06-29 13:40:21.786000+00:00,30.0,1264,943.1,0.0,9955,49.7,49.0,1.9
30.6,2025-06-29 13:41:21.798000+00:00,31.0,1264,943.1,0.0,9955,49.4,79.0,2.5
30.6,2025-06-29 13:42:21.785000+00:00,32.0,1264,943.1,0.0,9955,49.4,61.0,2.2
30.6,2025-06-29 13:43:21.788000+00:00,31.0,1264,943.1,0.0,9955,49.0,34.0,1.8
30.5,2025-06-29 13:44:21.786000+00:00,31.0,1264,943.2,0.0,9955,49.0,50.0,1.0
30.6,2025-06-29 13:45:21.789000+00:00,31.0,1264,943.2,0.0,9955,49.3,63.0,1.6
30.7,2025-06-29 13:46:21.796000+00:00,31.0,1264,943.2,0.0,9955,49.3,47.0,1.9
30.6,2025-06-29 13:47:21.780000+00:00,31.0,1264,943.1,0.0,9955,49.3,50.0,1.8
30.6,2025-06-29 13:48:21.786000+00:00,31.0,1264,943.0,0.0,9955,49.6,23.0,1.9
30.6,2025-06-29 13:49:21.781000+00:00,30.0,1264,943.1,0.0,9955,49.6,55.0,2.4
30.5,2025-06-29 13:50:21.786000+00:00,31.0,1264,943.2,0.0,9955,49.1,67.0,1.3
30.5,2025-06-29 13:51:21.794000+00:00,31.0,1264,943.1,0.0,9955,49.1,72.0,1.9
30.6,2025-06-29 13:52:21.788000+00:00,31.0,1264,943.1,0.0,9955,48.8,88.0,2.4
30.6,2025-06-29 13:53:21.796000+00:00,31.0,1264,943.0,0.0,9955,49.7,63.0,1.5
30.6,2025-06-29 13:54:21.796000+00:00,31.0,1264,943.1,0.0,9955,49.4,66.0,3.2
30.6,2025-06-29 13:55:21.790000+00:00,31.0,1264,943.2,0.0,9955,48.8,44.0,2.5
30.5,2025-06-29 13:56:21.790000+00:00,31.0,1264,943.0,0.0,9955,48.8,65.0,2.0
30.5,2025-06-29 13:57:21.809000+00:00,31.0,1264,943.0,0.0,9955,48.7,54.0,2.8
30.6,2025-06-29 13:58:21.796000+00:00,32.0,1264,943.0,0.0,9955,48.7,53.0,2.2
30.6,2025-06-29 13:59:21.790000+00:00,32.0,1264,943.1,0.0,9955,48.8,40.0,2.2
30.5,2025-06-29 14:00:21.797000+00:00,31.0,1264,943.0,0.0,9955,48.5,20.0,2.0
30.4,2025-06-29 14:01:21.804000+00:00,32.0,1264,943.1,0.0,9955,48.5,65.0,1.6
30.5,2025-06-29 14:02:21.806000+00:00,32.0,1264,943.0,0.0,9955,48.4,24.0,1.7
30.5,2025-06-29 14:03:21.794000+00:00,31.0,1264,942.9,0.0,9955,48.4,353.0,1.2
30.4,2025-06-29 14:04:21.794000+00:00,31.0,1264,943.0,0.0,9955,48.1,271.0,0.0
30.4,2025-06-29 14:05:21.794000+00:00,32.0,1264,942.9,0.0,9955,48.3,15.0,1.1
30.5,2025-06-29 14:06:21.792000+00:00,31.0,1264,943.1,0.0,9955,48.7,359.0,0.8
30.8,2025-06-29 14:07:21.807000+00:00,31.0,1264,942.9,0.0,9955,49.3,35.0,0.7
30.9,2025-06-29 14:08:21.817000+00:00,30.0,1264,943.0,0.0,9955,48.6,43.0,3.3
30.9,2025-06-29 14:09:21.808000+00:00,31.0,1264,943.0,0.0,9955,48.4,5.0,2.7
30.8,2025-06-29 14:10:21.802000+00:00,32.0,1264,943.0,0.0,9955,48.4,68.0,1.1
30.8,2025-06-29 14:11:21.808000+00:00,32.0,1264,942.8,0.0,9955,48.7,72.0,1.4
31.0,2025-06-29 14:12:21.809000+00:00,31.0,1264,942.9,0.0,9955,49.3,43.0,1.2
31.1,2025-06-29 14:13:21.809000+00:00,31.0,1264,942.9,0.0,9955,49.1,28.0,2.1
31.2,2025-06-29 14:14:21.810000+00:00,30.0,1264,942.9,0.0,9955,49.1,51.0,2.8
31.2,2025-06-29 14:15:21.820000+00:00,30.0,1264,942.9,0.0,9955,48.9,54.0,2.5
31.3,2025-06-29 14:16:21.821000+00:00,31.0,1264,942.8,0.0,9955,48.0,57.0,1.8
31.3,2025-06-29 14:17:21.829000+00:00,32.0,1264,942.9,0.0,9955,48.2,55.0,0.8
31.1,2025-06-29 14:18:21.809000+00:00,31.0,1264,942.9,0.0,9955,48.9,72.0,1.4
31.1,2025-06-29 14:19:21.811000+00:00,31.0,1264,942.7,0.0,9955,48.9,48.0,3.2
31.1,2025-06-29 14:20:21.817000+00:00,31.0,1264,942.7,0.0,9955,48.7,46.0,2.0
31.1,2025-06-29 14:21:21.822000+00:00,31.0,1264,942.8,0.0,9955,48.7,60.0,2.8
31.1,2025-06-29 14:22:21.807000+00:00,31.0,1264,942.9,0.0,9955,48.7,49.0,2.5
31.1,2025-06-29 14:23:21.822000+00:00,31.0,1264,942.8,0.0,9955,48.4,72.0,3.1
31.0,2025-06-29 14:24:21.812000+00:00,31.0,1264,942.7,0.0,9955,48.4,41.0,2.2
31.0,2025-06-29 14:25:21.811000+00:00,31.0,1264,942.6,0.0,9955,48.6,66.0,1.9
30.9,2025-06-29 14:26:21.825000+00:00,31.0,1264,942.8,0.0,9955,48.5,55.0,2.5
30.9,2025-06-29 14:27:21.824000+00:00,30.0,1264,942.8,0.0,9955,48.2,40.0,2.9
30.9,2025-06-29 14:28:21.818000+00:00,31.0,1264,942.7,0.0,9955,47.5,82.0,1.7
30.7,2025-06-29 14:29:21.825000+00:00,31.0,1264,942.7,0.0,9955,48.2,39.0,1.5
30.7,2025-06-29 14:30:21.814000+00:00,31.0,1264,942.7,0.0,9955,48.6,60.0,2.3
30.9,2025-06-29 14:31:21.826000+00:00,30.0,1264,942.7,0.0,9955,48.6,69.0,2.0
31.0,2025-06-29 14:32:21.817000+00:00,30.0,1264,942.7,0.0,9955,48.6,65.0,2.1
31.1,2025-06-29 14:33:21.826000+00:00,30.0,1264,942.7,0.0,9955,48.3,72.0,1.9
31.2,2025-06-29 14:34:21.825000+00:00,30.0,1264,942.6,0.0,9955,48.2,72.0,2.8
31.3,2025-06-29 14:35:21.819000+00:00,30.0,1264,942.7,0.0,9955,48.0,42.0,2.2
31.3,2025-06-29 14:36:21.825000+00:00,30.0,1264,942.7,0.0,9955,47.5,28.0,2.4
31.0,2025-06-29 14:37:21.816000+00:00,32.0,1264,942.6,0.0,9955,47.5,68.0,1.6
30.8,2025-06-29 14:38:21.829000+00:00,32.0,1264,942.6,0.0,9955,47.3,49.0,2.8
30.7,2025-06-29 14:39:21.841000+00:00,31.0,1264,942.7,0.0,9955,45.9,19.0,1.5
30.7,2025-06-29 14:40:21.830000+00:00,32.0,1264,942.6,0.0,9955,45.9,44.0,0.9
30.6,2025-06-29 14:41:21.820000+00:00,32.0,1264,942.7,0.0,9955,46.3,60.0,1.3
30.6,2025-06-29 14:42:21.833000+00:00,32.0,1264,942.5,0.0,9955,47.6,41.0,1.9
30.7,2025-06-29 14:43:21.842000+00:00,31.0,1264,942.5,0.0,9955,47.8,41.0,2.0
30.7,2025-06-29 14:44:21.827000+00:00,30.0,1264,942.6,0.0,9955,46.9,47.0,3.0
30.7,2025-06-29 14:45:21.829000+00:00,30.0,1264,942.6,0.0,9955,45.8,34.0,2.2
30.8,2025-06-29 14:46:21.842000+00:00,31.0,1264,942.6,0.0,9955,45.7,3.0,1.8
30.8,2025-06-29 14:47:21.837000+00:00,32.0,1264,942.6,0.0,9955,46.1,39.0,0.8
18.0,2025-07-06 13:08:00.335000+00:00,85.0,1277,988.6,0.0,9947,24.2,174.0,0.7
18.0,2025-07-06 13:09:00.287000+00:00,83.0,1277,988.5,0.0,9947,24.6,111.0,0.9
18.1,2025-07-06 13:10:00.295000+00:00,82.0,1277,988.6,0.0,9947,24.6,61.0,2.2
18.0,2025-07-06 13:11:00.297000+00:00,81.0,1277,988.6,0.0,9947,24.1,71.0,3.1
18.0,2025-07-06 13:12:00.295000+00:00,79.0,1277,988.5,0.0,9947,23.9,28.0,3.0
17.9,2025-07-06 13:13:00.297000+00:00,82.0,1277,988.7,0.0,9947,24.0,23.0,0.9
18.0,2025-07-06 13:14:00.281000+00:00,78.0,1277,988.6,0.0,9947,24.2,248.0,1.9
18.1,2025-07-06 13:15:00.296000+00:00,79.0,1277,988.5,0.0,9947,25.4,25.0,1.3
18.3,2025-07-06 13:16:00.297000+00:00,78.0,1277,988.6,0.0,9947,25.9,310.0,1.3
18.4,2025-07-06 13:17:00.291000+00:00,78.0,1277,988.5,0.0,9947,26.0,344.0,1.1
18.4,2025-07-06 13:18:00.291000+00:00,78.0,1277,988.6,0.0,9947,26.0,210.0,1.2
18.5,2025-07-06 13:19:00.298000+00:00,77.0,1277,988.7,0.0,9947,24.9,78.0,1.6
18.5,2025-07-06 13:20:00.296000+00:00,77.0,1277,988.6,0.0,9947,24.6,63.0,1.9
18.4,2025-07-06 13:21:00.299000+00:00,78.0,1277,988.6,0.0,9947,24.0,316.0,1.7
18.3,2025-07-06 13:22:00.301000+00:00,78.0,1277,988.7,1.0,9947,24.0,82.0,1.2
18.3,2025-07-06 13:23:00.300000+00:00,78.0,1277,988.8,1.0,9947,23.9,352.0,2.6
18.3,2025-07-06 13:24:00.350000+00:00,77.0,1277,988.6,1.0,9947,22.6,319.0,1.0
18.1,2025-07-06 13:25:00.306000+00:00,78.0,1277,988.7,1.0,9947,22.3,0.0,1.9
18.1,2025-07-06 13:26:00.301000+00:00,79.0,1277,988.7,1.0,9947,21.8,6.0,1.0
18.0,2025-07-06 13:27:00.298000+00:00,79.0,1277,988.7,1.0,9947,21.4,296.0,1.2
17.8,2025-07-06 13:28:00.302000+00:00,81.0,1277,988.6,1.0,9947,21.4,18.0,2.0
17.6,2025-07-06 13:29:00.321000+00:00,81.0,1277,988.7,1.0,9947,21.6,13.0,1.1
17.6,2025-07-06 13:30:00.333000+00:00,82.0,1277,988.8,1.0,9947,21.7,15.0,1.0
17.5,2025-07-06 13:31:00.344000+00:00,83.0,1277,988.7,1.0,9947,21.9,62.0,0.9
17.5,2025-07-06 13:32:00.365000+00:00,84.0,1277,988.8,1.0,9947,21.9,94.0,0.7
17.5,2025-07-06 13:33:00.372000+00:00,85.0,1277,988.7,1.0,9947,23.4,284.0,1.2
17.4,2025-07-06 13:34:00.360000+00:00,85.0,1277,988.8,1.0,9947,22.3,69.0,1.1
17.3,2025-07-06 13:35:00.368000+00:00,85.0,1277,988.8,1.0,9947,22.3,89.0,1.0
17.3,2025-07-06 13:36:00.366000+00:00,85.0,1277,988.7,1.0,9947,22.8,52.0,1.7
17.2,2025-07-06 13:37:00.374000+00:00,86.0,1277,988.8,1.0,9947,22.8,42.0,1.8
17.2,2025-07-06 13:38:00.376000+00:00,86.0,1277,988.8,1.0,9947,22.2,72.0,0.5
17.2,2025-07-06 13:39:00.410000+00:00,87.0,1277,988.7,0.0,9947,22.2,287.0,0.6
17.3,2025-07-06 13:40:00.419000+00:00,87.0,1277,988.7,0.0,9947,22.8,52.0,0.8
17.3,2025-07-06 13:41:00.449000+00:00,87.0,1277,988.6,0.0,9947,24.4,301.0,1.0
17.4,2025-07-06 13:42:00.426000+00:00,88.0,1277,988.7,0.0,9947,23.9,154.0,0.7
17.5,2025-07-06 13:43:00.432000+00:00,87.0,1277,988.7,0.0,9947,23.5,334.0,0.7
17.4,2025-07-06 13:44:00.437000+00:00,87.0,1277,988.6,0.0,9947,23.4,318.0,0.8
17.4,2025-07-06 13:45:00.438000+00:00,85.0,1277,988.6,0.0,9947,23.4,266.0,0.9
17.2,2025-07-06 13:46:00.432000+00:00,86.0,1277,988.7,0.0,9947,23.6,350.0,0.7
17.1,2025-07-06 13:47:00.446000+00:00,85.0,1277,988.6,0.0,9947,24.5,81.0,1.1
17.2,2025-07-06 13:48:00.442000+00:00,85.0,1277,988.6,0.0,9947,25.9,70.0,1.3
17.1,2025-07-06 13:49:00.462000+00:00,85.0,1277,988.7,0.0,9947,26.4,102.0,1.0
17.1,2025-07-06 13:50:00.433000+00:00,84.0,1277,988.7,0.0,9947,24.5,9.0,1.4
17.1,2025-07-06 13:51:00.440000+00:00,84.0,1277,988.6,0.0,9947,24.5,313.0,0.6
17.3,2025-07-06 13:52:00.446000+00:00,83.0,1277,988.6,0.0,9947,25.2,238.0,1.2
17.3,2025-07-06 13:53:00.449000+00:00,83.0,1277,988.6,0.0,9947,24.2,213.0,0.6
17.4,2025-07-06 13:54:00.447000+00:00,84.0,1277,988.6,0.0,9947,24.3,261.0,0.8
17.5,2025-07-06 13:55:00.440000+00:00,83.0,1277,988.7,0.0,9947,24.7,301.0,0.8
17.7,2025-07-06 13:56:00.438000+00:00,83.0,1277,988.7,0.0,9947,26.1,148.0,0.8
17.7,2025-07-06 13:57:00.450000+00:00,84.0,1277,988.7,0.0,9947,26.0,7.0,0.9
17.7,2025-07-06 13:58:00.445000+00:00,83.0,1277,988.7,0.0,9947,26.0,167.0,0.7
17.7,2025-07-06 13:59:00.448000+00:00,82.0,1277,988.7,0.0,9947,26.5,272.0,1.3
18.0,2025-07-06 14:00:00.447000+00:00,84.0,1277,988.6,0.0,9947,26.8,205.0,0.6
17.9,2025-07-06 14:01:00.453000+00:00,82.0,1277,988.7,0.0,9947,27.7,285.0,1.0
18.1,2025-07-06 14:02:00.450000+00:00,83.0,1277,988.7,0.0,9947,29.6,89.0,1.1
18.2,2025-07-06 14:03:00.456000+00:00,82.0,1277,988.7,0.0,9947,26.3,93.0,1.3
18.3,2025-07-06 14:04:00.459000+00:00,80.0,1277,988.7,0.0,9947,24.1,0.0,0.9
18.3,2025-07-06 14:05:00.469000+00:00,80.0,1277,988.7,0.0,9947,24.1,260.0,1.2
18.5,2025-07-06 14:06:00.477000+00:00,82.0,1277,988.6,0.0,9947,24.5,8.0,1.0
18.5,2025-07-06 14:07:00.489000+00:00,78.0,1277,988.6,0.0,9947,24.5,289.0,1.1
18.4,2025-07-06 14:08:00.492000+00:00,80.0,1277,988.6,0.0,9947,24.5,66.0,1.5
18.5,2025-07-06 14:09:00.493000+00:00,80.0,1277,988.7,0.0,9947,24.8,121.0,1.2
18.6,2025-07-06 14:10:00.511000+00:00,78.0,1277,988.7,0.0,9947,24.8,332.0,1.1
18.7,2025-07-06 14:11:00.498000+00:00,75.0,1277,988.7,0.0,9947,24.8,0.0,1.3
18.6,2025-07-06 14:12:00.523000+00:00,75.0,1277,988.7,0.0,9947,24.9,313.0,0.9
18.6,2025-07-06 14:13:00.546000+00:00,75.0,1277,988.7,0.0,9947,24.9,156.0,0.7
18.8,2025-07-06 14:14:00.544000+00:00,77.0,1277,988.8,0.0,9947,25.2,93.0,1.2
19.1,2025-07-06 14:15:00.548000+00:00,74.0,1277,988.7,0.0,9947,25.0,274.0,1.5
19.1,2025-07-06 14:16:00.558000+00:00,75.0,1277,988.7,0.0,9947,24.4,82.0,1.3
19.1,2025-07-06 14:17:00.557000+00:00,73.0,1277,988.6,0.0,9947,24.0,16.0,2.6
19.2,2025-07-06 14:18:00.560000+00:00,74.0,1277,988.7,0.0,9947,24.0,186.0,1.1
19.2,2025-07-06 14:19:00.556000+00:00,75.0,1277,988.6,0.0,9947,24.2,40.0,1.0
19.2,2025-07-06 14:20:00.556000+00:00,74.0,1277,988.4,0.0,9947,24.8,238.0,1.1
19.2,2025-07-06 14:21:00.569000+00:00,74.0,1277,988.6,0.0,9947,24.8,71.0,0.7
19.2,2025-07-06 14:22:00.591000+00:00,72.0,1277,988.6,0.0,9947,24.3,29.0,1.9
19.0,2025-07-06 14:23:00.549000+00:00,74.0,1277,988.6,0.0,9947,24.1,275.0,0.7
19.0,2025-07-06 14:24:00.571000+00:00,74.0,1277,988.8,1.0,9947,24.0,292.0,1.2
18.9,2025-07-06 14:25:00.558000+00:00,73.0,1277,988.8,1.0,9947,23.3,105.0,1.1
18.7,2025-07-06 14:26:00.581000+00:00,72.0,1277,988.7,1.0,9947,22.5,70.0,3.1
18.5,2025-07-06 14:27:00.600000+00:00,72.0,1277,988.6,1.0,9947,21.5,69.0,5.8
18.1,2025-07-06 14:28:00.604000+00:00,74.0,1277,988.8,1.0,9947,21.0,67.0,4.5
17.8,2025-07-06 14:29:00.601000+00:00,77.0,1277,988.8,1.0,9947,20.5,65.0,3.9
17.4,2025-07-06 14:30:00.601000+00:00,78.0,1277,988.8,1.0,9947,20.1,71.0,5.4
17.1,2025-07-06 14:31:00.602000+00:00,80.0,1277,988.9,1.0,9947,20.0,75.0,4.2
16.7,2025-07-06 14:32:00.599000+00:00,82.0,1277,988.9,1.0,9947,20.0,89.0,2.9
16.5,2025-07-06 14:33:00.613000+00:00,83.0,1277,988.9,1.0,9947,20.2,63.0,3.0
16.3,2025-07-06 14:34:00.609000+00:00,84.0,1277,989.0,1.0,9947,20.3,71.0,2.1
16.2,2025-07-06 14:35:00.616000+00:00,85.0,1277,988.9,0.0,9947,20.5,67.0,2.8
16.1,2025-07-06 14:36:00.627000+00:00,85.0,1277,989.0,0.0,9947,20.8,73.0,2.3
16.0,2025-07-06 14:37:00.633000+00:00,85.0,1277,989.0,0.0,9947,21.1,51.0,1.4
16.1,2025-07-06 14:38:00.653000+00:00,85.0,1277,989.0,0.0,9947,21.3,74.0,1.8
16.1,2025-07-06 14:39:00.649000+00:00,84.0,1277,988.9,0.0,9947,21.5,72.0,1.9
16.1,2025-07-06 14:40:00.657000+00:00,84.0,1277,989.0,0.0,9947,21.7,60.0,1.0
16.1,2025-07-06 14:41:00.653000+00:00,85.0,1277,989.0,0.0,9947,21.7,67.0,1.2
16.2,2025-07-06 14:42:00.650000+00:00,84.0,1277,989.0,0.0,9947,22.8,66.0,1.1
16.4,2025-07-06 14:43:00.678000+00:00,85.0,1277,989.0,0.0,9947,23.9,44.0,1.5
16.5,2025-07-06 14:44:00.648000+00:00,84.0,1277,988.9,0.0,9947,24.2,326.0,0.9
16.6,2025-07-06 14:45:00.654000+00:00,83.0,1277,988.9,0.0,9947,24.3,110.0,0.7
16.6,2025-07-06 14:46:00.654000+00:00,83.0,1277,989.0,0.0,9947,24.3,80.0,0.8
16.8,2025-07-06 14:47:00.671000+00:00,82.0,1277,988.8,0.0,9947,23.8,55.0,1.6
16.7,2025-07-06 14:48:00.691000+00:00,81.0,1277,988.8,0.0,9947,23.4,79.0,2.5
16.8,2025-07-06 14:49:00.701000+00:00,80.0,1277,988.8,0.0,9947,23.3,56.0,2.3
16.7,2025-07-06 14:50:00.719000+00:00,82.0,1277,988.9,0.0,9947,23.1,62.0,1.9
16.9,2025-07-06 14:51:00.726000+00:00,81.0,1277,988.9,0.0,9947,23.1,62.0,2.4
17.0,2025-07-06 14:52:00.737000+00:00,80.0,1277,988.8,0.0,9947,22.9,68.0,2.2
17.0,2025-07-06 14:53:00.748000+00:00,81.0,1277,988.9,0.0,9947,22.8,57.0,2.4
17.0,2025-07-06 14:54:00.755000+00:00,82.0,1277,988.9,0.0,9947,22.9,58.0,1.6
17.1,2025-07-06 14:55:00.737000+00:00,80.0,1277,988.9,0.0,9947,22.9,65.0,1.8
17.2,2025-07-06 14:56:00.743000+00:00,80.0,1277,988.9,0.0,9947,22.8,0.0,0.9
17.1,2025-07-06 14:57:00.753000+00:00,81.0,1277,988.9,0.0,9947,22.7,64.0,1.2
17.2,2025-07-06 14:58:00.744000+00:00,80.0,1277,988.9,0.0,9947,22.5,115.0,1.3
17.1,2025-07-06 14:59:00.745000+00:00,81.0,1277,988.9,0.0,9947,22.5,222.0,0.8
17.2,2025-07-06 15:00:00.738000+00:00,82.0,1277,988.9,0.0,9947,22.6,53.0,0.8
17.4,2025-07-06 15:01:00.736000+00:00,81.0,1277,988.8,0.0,9947,22.6,325.0,0.7
17.4,2025-07-06 15:02:00.739000+00:00,82.0,1277,989.0,0.0,9947,22.8,263.0,0.8
17.5,2025-07-06 15:03:00.744000+00:00,82.0,1277,988.9,0.0,9947,22.8,330.0,1.3
17.5,2025-07-06 15:04:00.740000+00:00,81.0,1277,988.9,0.0,9947,22.4,22.0,1.3
17.6,2025-07-06 15:05:00.743000+00:00,80.0,1277,988.8,0.0,9947,22.4,262.0,0.8
17.7,2025-07-06 15:06:00.740000+00:00,82.0,1277,988.8,0.0,9947,22.4,346.0,1.7
17.7,2025-07-06 15:07:00.809000+00:00,80.0,1277,988.8,0.0,9947,23.0,230.0,1.1
17.9,2025-07-06 15:08:00.757000+00:00,80.0,1277,988.7,0.0,9947,23.3,72.0,1.5
17.9,2025-07-06 15:09:00.808000+00:00,80.0,1277,988.9,0.0,9947,23.5,101.0,0.5
18.0,2025-07-06 15:10:00.791000+00:00,77.0,1277,988.8,0.0,9947,23.6,217.0,1.1
18.0,2025-07-06 15:11:00.796000+00:00,76.0,1277,988.9,0.0,9947,23.5,127.0,1.2
18.0,2025-07-06 15:12:00.818000+00:00,73.0,1277,988.9,0.0,9947,23.3,144.0,1.3
18.2,2025-07-06 15:13:00.818000+00:00,74.0,1277,988.9,0.0,9947,23.2,248.0,0.7
18.3,2025-07-06 15:14:01.038000+00:00,74.0,1277,988.9,0.0,9947,23.3,87.0,0.9
18.5,2025-07-06 15:15:00.837000+00:00,73.0,1277,988.9,0.0,9947,23.2,68.0,1.9
18.5,2025-07-06 15:16:00.845000+00:00,72.0,1277,988.8,0.0,9947,23.2,275.0,1.4
18.5,2025-07-06 15:17:00.846000+00:00,73.0,1277,988.8,0.0,9947,23.4,101.0,0.6
18.5,2025-07-06 15:18:00.855000+00:00,72.0,1277,988.9,0.0,9947,23.7,59.0,1.5
18.6,2025-07-06 15:19:00.853000+00:00,72.0,1277,989.0,0.0,9947,24.5,80.0,2.1
18.7,2025-07-06 15:20:00.850000+00:00,70.0,1277,988.9,0.0,9947,24.1,123.0,2.1
18.7,2025-07-06 15:21:00.882000+00:00,70.0,1277,988.9,0.0,9947,23.7,44.0,2.0
18.8,2025-07-06 15:22:00.884000+00:00,70.0,1277,988.9,0.0,9947,23.6,47.0,1.5
18.9,2025-07-06 15:23:00.888000+00:00,68.0,1277,988.9,0.0,9947,23.6,307.0,2.3
18.9,2025-07-06 15:24:00.879000+00:00,69.0,1277,989.0,0.0,9947,23.6,0.0,0.0
19.0,2025-07-06 15:25:00.895000+00:00,69.0,1277,988.8,0.0,9947,23.5,296.0,2.5
18.9,2025-07-06 15:26:00.882000+00:00,68.0,1277,988.9,0.0,9947,23.2,54.0,1.4
19.0,2025-07-06 15:27:00.903000+00:00,68.0,1277,988.9,0.0,9947,22.8,59.0,1.1
19.0,2025-07-06 15:28:00.896000+00:00,69.0,1277,988.9,0.0,9947,23.2,40.0,2.0
18.9,2025-07-06 15:29:00.888000+00:00,68.0,1277,988.8,0.0,9947,23.7,50.0,2.3
19.0,2025-07-06 15:30:00.886000+00:00,67.0,1277,988.8,0.0,9947,24.0,269.0,2.2
19.1,2025-07-06 15:31:00.885000+00:00,66.0,1277,988.8,0.0,9947,24.0,320.0,1.8
19.1,2025-07-06 15:32:00.881000+00:00,66.0,1277,988.9,0.0,9947,23.8,271.0,2.1
19.2,2025-07-06 15:33:00.894000+00:00,67.0,1277,989.0,0.0,9947,23.6,51.0,1.5
19.2,2025-07-06 15:34:00.890000+00:00,67.0,1277,989.0,0.0,9947,23.6,302.0,0.9
19.2,2025-07-06 15:35:00.897000+00:00,67.0,1277,988.9,0.0,9947,23.6,25.0,1.3
19.1,2025-07-06 15:36:00.898000+00:00,67.0,1277,988.9,0.0,9947,23.7,245.0,1.1
19.2,2025-07-06 15:37:00.903000+00:00,68.0,1277,988.9,0.0,9947,24.4,92.0,1.9
19.3,2025-07-06 15:38:00.887000+00:00,65.0,1277,989.1,0.0,9947,24.4,95.0,1.1
19.4,2025-07-06 15:39:00.899000+00:00,64.0,1277,989.0,0.0,9947,24.4,230.0,1.9
19.5,2025-07-06 15:40:00.890000+00:00,65.0,1277,989.0,0.0,9947,24.6,287.0,1.5
19.5,2025-07-06 15:41:00.890000+00:00,64.0,1277,989.0,0.0,9947,24.6,48.0,1.6
19.6,2025-07-06 15:42:00.907000+00:00,63.0,1277,988.9,0.0,9947,24.3,99.0,1.7
20.8,2025-07-26 09:16:54.292000+00:00,62.0,1265,969.2,0.0,9934,32.8,331.0,1.8
20.8,2025-07-26 09:17:54.276000+00:00,63.0,1265,969.0,0.0,9934,31.9,318.0,2.3
20.7,2025-07-26 09:18:54.317000+00:00,63.0,1265,969.1,0.0,9934,31.8,307.0,1.3
20.6,2025-07-26 09:19:54.334000+00:00,63.0,1265,969.1,0.0,9934,31.6,323.0,1.8
20.6,2025-07-26 09:20:54.334000+00:00,63.0,1265,969.0,0.0,9934,31.5,1.0,1.4
20.7,2025-07-26 09:21:54.350000+00:00,64.0,1265,969.1,0.0,9934,31.0,284.0,1.0
20.7,2025-07-26 09:22:54.366000+00:00,64.0,1265,969.0,0.0,9934,31.0,315.0,1.4
20.9,2025-07-26 09:23:54.365000+00:00,64.0,1265,969.0,0.0,9934,31.0,314.0,1.8
21.0,2025-07-26 09:24:54.348000+00:00,64.0,1265,969.1,0.0,9934,31.1,321.0,1.9
20.9,2025-07-26 09:25:54.364000+00:00,64.0,1265,968.9,0.0,9934,32.0,318.0,1.3
20.9,2025-07-26 09:26:54.365000+00:00,64.0,1265,969.0,0.0,9934,33.1,0.0,0.5
21.0,2025-07-26 09:27:54.353000+00:00,64.0,1265,969.1,0.0,9934,33.2,208.0,1.2
21.0,2025-07-26 09:28:54.370000+00:00,64.0,1265,969.0,0.0,9934,33.9,292.0,0.9
21.1,2025-07-26 09:29:54.365000+00:00,64.0,1265,969.0,0.0,9934,34.6,5.0,0.5
21.3,2025-07-26 09:30:54.366000+00:00,62.0,1265,969.0,0.0,9934,34.6,334.0,1.4
21.3,2025-07-26 09:31:54.381000+00:00,61.0,1265,969.0,0.0,9934,34.8,85.0,0.5
21.2,2025-07-26 09:32:54.397000+00:00,61.0,1265,969.0,0.0,9934,35.2,3.0,0.5
21.2,2025-07-26 09:33:54.407000+00:00,61.0,1265,969.1,0.0,9934,35.4,0.0,0.4
21.0,2025-07-26 09:34:54.411000+00:00,58.0,1265,969.0,0.0,9934,35.8,155.0,0.7
21.0,2025-07-26 09:35:54.427000+00:00,58.0,1265,969.0,0.0,9934,35.8,164.0,1.1
21.0,2025-07-26 09:36:54.423000+00:00,60.0,1265,969.1,0.0,9934,35.8,0.0,0.5
21.0,2025-07-26 09:37:54.423000+00:00,58.0,1265,969.0,0.0,9934,36.1,122.0,0.7
21.1,2025-07-26 09:38:54.423000+00:00,57.0,1265,969.0,0.0,9934,36.6,347.0,0.6
21.1,2025-07-26 09:39:54.401000+00:00,57.0,1265,969.0,0.0,9934,36.4,303.0,1.3
20.9,2025-07-26 09:40:54.413000+00:00,58.0,1265,969.1,0.0,9934,36.4,326.0,1.3
20.9,2025-07-26 09:41:54.426000+00:00,57.0,1265,969.0,0.0,9934,37.0,322.0,2.1
20.9,2025-07-26 09:42:54.432000+00:00,59.0,1265,969.1,0.0,9934,37.0,309.0,1.6
21.0,2025-07-26 09:43:54.428000+00:00,58.0,1265,969.1,0.0,9934,37.4,352.0,1.2
20.9,2025-07-26 09:44:54.413000+00:00,58.0,1265,969.0,0.0,9934,37.4,334.0,0.7
20.9,2025-07-26 09:45:54.433000+00:00,58.0,1265,969.0,0.0,9934,37.0,297.0,1.0
20.9,2025-07-26 09:46:54.418000+00:00,58.0,1265,969.0,0.0,9934,35.7,203.0,1.1
20.7,2025-07-26 09:47:54.428000+00:00,60.0,1265,968.9,0.0,9934,34.7,220.0,1.3
20.8,2025-07-26 09:48:54.428000+00:00,62.0,1265,969.0,0.0,9934,34.6,299.0,0.7
20.8,2025-07-26 09:49:54.434000+00:00,63.0,1265,969.0,0.0,9934,34.2,4.0,0.7
20.8,2025-07-26 09:50:54.431000+00:00,63.0,1265,968.9,0.0,9934,34.2,312.0,1.4
20.9,2025-07-26 09:51:54.435000+00:00,63.0,1265,969.0,0.0,9934,33.8,350.0,1.5
20.9,2025-07-26 09:52:54.435000+00:00,63.0,1265,969.0,0.0,9934,33.8,336.0,1.8
20.9,2025-07-26 09:53:54.420000+00:00,63.0,1265,969.0,0.0,9934,33.5,273.0,0.9
21.0,2025-07-26 09:54:54.438000+00:00,64.0,1265,969.0,0.0,9934,33.9,339.0,0.7
21.0,2025-07-26 09:55:54.465000+00:00,65.0,1265,969.1,0.0,9934,34.5,0.0,0.9
21.0,2025-07-26 09:56:54.475000+00:00,63.0,1265,969.1,0.0,9934,34.9,294.0,1.2
21.0,2025-07-26 09:57:54.488000+00:00,63.0,1265,969.1,0.0,9934,35.0,337.0,1.6
20.9,2025-07-26 09:58:54.512000+00:00,63.0,1265,969.0,0.0,9934,34.7,335.0,1.0
21.0,2025-07-26 09:59:54.498000+00:00,63.0,1265,969.0,0.0,9934,34.2,316.0,2.3
21.0,2025-07-26 10:00:54.515000+00:00,63.0,1265,969.1,0.0,9934,33.5,350.0,1.8
20.9,2025-07-26 10:01:54.534000+00:00,64.0,1265,969.0,0.0,9934,33.4,358.0,1.4
20.9,2025-07-26 10:02:54.523000+00:00,64.0,1265,969.1,0.0,9934,33.4,331.0,1.3
20.9,2025-07-26 10:03:54.519000+00:00,64.0,1265,969.1,0.0,9934,33.4,337.0,0.9
20.9,2025-07-26 10:04:54.519000+00:00,63.0,1265,969.0,0.0,9934,33.5,10.0,1.2
20.9,2025-07-26 10:05:54.520000+00:00,64.0,1265,969.1,0.0,9934,33.5,306.0,0.6
20.9,2025-07-26 10:06:54.525000+00:00,64.0,1265,969.1,0.0,9934,33.0,194.0,1.0
20.7,2025-07-26 10:07:54.540000+00:00,64.0,1265,969.1,0.0,9934,32.8,324.0,0.9
20.7,2025-07-26 10:08:54.537000+00:00,64.0,1265,969.1,0.0,9934,32.8,305.0,1.0
20.8,2025-07-26 10:09:54.543000+00:00,64.0,1265,969.1,0.0,9934,33.5,172.0,1.0
20.8,2025-07-26 10:10:54.556000+00:00,63.0,1265,969.0,0.0,9934,34.8,180.0,1.2
20.9,2025-07-26 10:11:54.577000+00:00,63.0,1265,969.1,0.0,9934,35.2,127.0,1.2
21.0,2025-07-26 10:12:54.578000+00:00,63.0,1265,969.0,0.0,9934,35.5,155.0,1.3
21.1,2025-07-26 10:13:54.601000+00:00,62.0,1265,969.0,0.0,9934,35.8,190.0,2.1
21.0,2025-07-26 10:14:54.603000+00:00,63.0,1265,969.0,0.0,9934,35.9,163.0,0.8
21.0,2025-07-26 10:15:54.611000+00:00,62.0,1265,969.0,0.0,9934,36.2,161.0,1.6
21.0,2025-07-26 10:16:54.618000+00:00,62.0,1265,969.0,0.0,9934,36.5,24.0,0.7
20.9,2025-07-26 10:17:54.629000+00:00,62.0,1265,969.0,0.0,9934,36.5,0.0,0.5
20.9,2025-07-26 10:18:54.603000+00:00,62.0,1265,969.1,0.0,9934,37.1,176.0,0.6
20.9,2025-07-26 10:19:54.627000+00:00,60.0,1265,969.0,0.0,9934,37.2,359.0,1.7
20.9,2025-07-26 10:20:54.623000+00:00,59.0,1265,969.0,0.0,9934,37.6,328.0,1.1
21.0,2025-07-26 10:21:54.642000+00:00,59.0,1265,969.0,0.0,9934,37.9,290.0,1.3
21.0,2025-07-26 10:22:54.644000+00:00,60.0,1265,969.0,0.0,9934,38.3,3.0,1.8
21.0,2025-07-26 10:23:54.658000+00:00,58.0,1265,969.0,0.0,9934,38.3,63.0,1.1
21.0,2025-07-26 10:24:54.658000+00:00,59.0,1265,968.9,0.0,9934,38.1,293.0,1.2
21.0,2025-07-26 10:25:54.660000+00:00,59.0,1265,969.0,0.0,9934,37.9,202.0,1.8
21.0,2025-07-26 10:26:54.657000+00:00,59.0,1265,969.0,0.0,9934,38.3,160.0,1.5
20.9,2025-07-26 10:27:54.662000+00:00,57.0,1265,969.0,0.0,9934,38.3,137.0,1.3
20.9,2025-07-26 10:28:54.645000+00:00,56.0,1265,969.0,0.0,9934,38.3,255.0,1.3
20.9,2025-07-26 10:29:54.656000+00:00,57.0,1265,969.0,0.0,9934,38.5,0.0,0.0
21.0,2025-07-26 10:30:54.699000+00:00,58.0,1265,969.0,0.0,9934,38.5,0.0,0.0
21.0,2025-07-26 10:31:54.714000+00:00,58.0,1265,969.0,0.0,9934,38.5,212.0,0.6
21.1,2025-07-26 10:32:54.703000+00:00,56.0,1265,969.0,0.0,9934,38.5,355.0,1.3
21.2,2025-07-26 10:33:54.696000+00:00,56.0,1265,969.0,0.0,9934,38.0,277.0,1.4
21.2,2025-07-26 10:34:54.697000+00:00,57.0,1265,969.0,0.0,9934,38.8,258.0,1.1
21.2,2025-07-26 10:35:54.704000+00:00,55.0,1265,969.1,0.0,9934,38.9,276.0,1.3
18.8,2025-07-27 12:06:04.141000+00:00,81.0,1265,965.0,0.0,9939,26.7,328.0,1.8
18.9,2025-07-27 12:07:04.141000+00:00,82.0,1265,965.0,0.0,9939,26.5,301.0,1.6
19.0,2025-07-27 12:08:04.121000+00:00,80.0,1265,965.1,0.0,9939,26.1,320.0,1.3
18.9,2025-07-27 12:09:04.151000+00:00,81.0,1265,965.0,0.0,9939,25.9,338.0,1.2
18.6,2025-07-27 12:10:04.139000+00:00,81.0,1265,965.1,0.0,9939,25.9,316.0,1.7
18.5,2025-07-27 12:11:04.155000+00:00,79.0,1265,965.1,0.0,9939,25.6,296.0,1.3
18.4,2025-07-27 12:12:04.155000+00:00,82.0,1265,965.1,0.0,9939,25.3,347.0,1.1
18.4,2025-07-27 12:13:04.169000+00:00,82.0,1265,965.0,1.0,9939,25.2,298.0,1.2
18.3,2025-07-27 12:14:04.192000+00:00,83.0,1265,965.0,1.0,9939,25.3,295.0,1.1
18.3,2025-07-27 12:15:04.161000+00:00,80.0,1265,965.0,1.0,9939,25.6,260.0,1.5
18.2,2025-07-27 12:16:04.179000+00:00,82.0,1265,965.0,0.0,9939,26.2,0.0,0.6
18.2,2025-07-27 12:17:04.182000+00:00,83.0,1265,965.0,0.0,9939,26.3,330.0,1.0
18.3,2025-07-27 12:18:04.198000+00:00,82.0,1265,965.0,0.0,9939,26.8,275.0,2.0
18.3,2025-07-27 12:19:04.312000+00:00,79.0,1265,965.1,0.0,9939,27.3,355.0,1.1
18.4,2025-07-27 12:20:04.213000+00:00,77.0,1265,965.1,0.0,9939,27.6,338.0,1.7
18.5,2025-07-27 12:21:04.226000+00:00,76.0,1265,965.0,1.0,9939,27.3,315.0,1.4
18.5,2025-07-27 12:22:04.241000+00:00,78.0,1265,965.0,1.0,9939,26.8,356.0,1.6
18.6,2025-07-27 12:23:04.230000+00:00,78.0,1265,965.1,1.0,9939,26.3,332.0,1.2
18.7,2025-07-27 12:24:04.217000+00:00,76.0,1265,964.9,1.0,9939,26.2,332.0,1.4
18.8,2025-07-27 12:25:04.215000+00:00,78.0,1265,964.9,1.0,9939,25.8,334.0,1.2
18.8,2025-07-27 12:26:04.240000+00:00,80.0,1265,964.9,1.0,9939,25.7,276.0,0.7
18.9,2025-07-27 12:27:04.240000+00:00,78.0,1265,965.0,1.0,9939,25.4,358.0,1.5
18.8,2025-07-27 12:28:04.266000+00:00,79.0,1265,964.9,1.0,9939,25.1,0.0,1.7
18.8,2025-07-27 12:29:04.280000+00:00,80.0,1265,965.1,1.0,9939,25.0,10.0,1.0
18.7,2025-07-27 12:30:04.263000+00:00,79.0,1265,965.0,1.0,9939,24.9,2.0,1.7
18.6,2025-07-27 12:31:04.295000+00:00,80.0,1265,965.0,1.0,9939,24.1,331.0,1.7
18.5,2025-07-27 12:32:04.291000+00:00,81.0,1265,965.1,1.0,9939,24.0,330.0,2.0
18.3,2025-07-27 12:33:04.307000+00:00,84.0,1265,965.0,1.0,9939,23.5,311.0,0.9
18.1,2025-07-27 12:34:04.314000+00:00,82.0,1265,965.1,1.0,9939,23.3,109.0,1.3
17.9,2025-07-27 12:35:04.321000+00:00,84.0,1265,965.1,1.0,9939,22.6,175.0,1.1
17.7,2025-07-27 12:36:04.316000+00:00,86.0,1265,965.1,1.0,9939,22.7,341.0,0.9
17.5,2025-07-27 12:37:04.516000+00:00,86.0,1265,965.0,1.0,9939,22.7,333.0,1.1
17.4,2025-07-27 12:38:04.540000+00:00,86.0,1265,965.0,1.0,9939,22.7,246.0,0.6
17.3,2025-07-27 12:39:04.540000+00:00,87.0,1265,965.1,1.0,9939,22.4,14.0,1.0
17.2,2025-07-27 12:40:04.540000+00:00,89.0,1265,965.0,1.0,9939,22.6,340.0,0.4
17.2,2025-07-27 12:41:04.522000+00:00,88.0,1265,965.1,1.0,9939,22.7,0.0,1.2
17.1,2025-07-27 12:42:04.560000+00:00,90.0,1265,965.0,1.0,9939,22.8,323.0,0.4
17.1,2025-07-27 12:43:04.540000+00:00,90.0,1265,965.0,1.0,9939,23.2,346.0,1.3
17.0,2025-07-27 12:44:04.555000+00:00,88.0,1265,965.0,1.0,9939,23.3,334.0,2.2
17.1,2025-07-27 12:45:04.578000+00:00,89.0,1265,965.0,1.0,9939,23.1,305.0,1.4
17.1,2025-07-27 12:46:04.580000+00:00,88.0,1265,965.0,1.0,9939,23.1,302.0,2.3
17.0,2025-07-27 12:47:04.601000+00:00,88.0,1265,965.1,1.0,9939,23.1,343.0,1.8
17.1,2025-07-27 12:48:04.617000+00:00,88.0,1265,965.0,1.0,9939,23.1,345.0,1.7
17.1,2025-07-27 12:49:04.640000+00:00,88.0,1265,965.1,1.0,9939,23.4,296.0,1.1
17.0,2025-07-27 12:50:04.672000+00:00,90.0,1265,965.0,1.0,9939,23.4,297.0,0.9
17.0,2025-07-27 12:51:04.679000+00:00,89.0,1265,965.0,1.0,9939,23.6,310.0,0.5
17.1,2025-07-27 12:52:04.678000+00:00,89.0,1265,965.0,1.0,9939,23.7,285.0,0.8
17.1,2025-07-27 12:53:04.657000+00:00,89.0,1265,965.1,1.0,9939,23.7,311.0,2.4
17.1,2025-07-27 12:54:04.667000+00:00,88.0,1265,965.0,1.0,9939,23.7,319.0,1.8
17.0,2025-07-27 12:55:04.680000+00:00,89.0,1265,965.1,1.0,9939,23.6,324.0,1.4
17.1,2025-07-27 12:56:04.697000+00:00,90.0,1265,965.1,1.0,9939,23.8,347.0,0.9
17.1,2025-07-27 12:57:04.695000+00:00,88.0,1265,965.0,1.0,9939,23.8,352.0,1.8
17.1,2025-07-27 12:58:04.697000+00:00,88.0,1265,964.9,1.0,9939,23.8,313.0,1.1
17.0,2025-07-27 12:59:04.709000+00:00,90.0,1265,965.0,1.0,9939,23.8,290.0,1.3
17.0,2025-07-27 13:00:04.708000+00:00,88.0,1265,965.1,1.0,9939,23.8,291.0,1.8
17.0,2025-07-27 13:01:04.707000+00:00,90.0,1265,965.0,1.0,9939,23.8,297.0,1.6
17.0,2025-07-27 13:02:04.706000+00:00,89.0,1265,964.9,1.0,9939,24.0,343.0,1.3
17.0,2025-07-27 13:03:04.709000+00:00,89.0,1265,965.0,1.0,9939,24.0,350.0,1.3
17.1,2025-07-27 13:04:04.698000+00:00,89.0,1265,965.1,1.0,9939,24.1,347.0,1.6
17.2,2025-07-27 13:05:04.691000+00:00,88.0,1265,965.0,1.0,9939,24.1,302.0,1.7
17.1,2025-07-27 13:06:04.717000+00:00,88.0,1265,965.0,1.0,9939,23.9,344.0,2.1
17.1,2025-07-27 13:07:04.719000+00:00,89.0,1265,965.0,1.0,9939,24.0,308.0,1.5
17.1,2025-07-27 13:08:04.708000+00:00,88.0,1265,965.0,1.0,9939,24.0,280.0,1.4
17.1,2025-07-27 13:09:04.710000+00:00,88.0,1265,965.0,0.0,9939,24.0,0.0,1.5
17.2,2025-07-27 13:10:04.715000+00:00,90.0,1265,965.1,1.0,9939,24.5,337.0,0.7
17.3,2025-07-27 13:11:04.760000+00:00,90.0,1265,965.1,1.0,9939,24.5,278.0,0.6
17.2,2025-07-27 13:12:04.725000+00:00,88.0,1265,965.1,0.0,9939,24.4,330.0,1.1
17.2,2025-07-27 13:13:04.740000+00:00,88.0,1265,965.1,0.0,9939,24.3,334.0,0.9
17.3,2025-07-27 13:14:04.776000+00:00,89.0,1265,965.0,0.0,9939,24.3,339.0,1.1
17.3,2025-07-27 13:15:04.767000+00:00,88.0,1265,965.1,0.0,9939,24.1,323.0,1.1
17.4,2025-07-27 13:16:04.768000+00:00,89.0,1265,965.1,1.0,9939,23.7,319.0,1.4
17.4,2025-07-27 13:17:04.750000+00:00,89.0,1265,965.2,1.0,9939,23.5,342.0,1.7
17.3,2025-07-27 13:18:04.750000+00:00,86.0,1265,965.3,1.0,9939,22.6,354.0,3.2
17.2,2025-07-27 13:19:04.765000+00:00,87.0,1265,965.3,1.0,9939,22.5,314.0,2.5
17.0,2025-07-27 13:20:04.775000+00:00,84.0,1265,965.3,1.0,9939,21.6,320.0,3.0
16.8,2025-07-27 13:21:04.774000+00:00,87.0,1265,965.3,1.0,9939,21.3,321.0,2.2
16.7,2025-07-27 13:22:04.790000+00:00,87.0,1265,965.3,1.0,9939,21.3,320.0,2.8
16.5,2025-07-27 13:23:04.805000+00:00,88.0,1265,965.3,1.0,9939,21.2,334.0,1.7
16.2,2025-07-27 13:24:04.810000+00:00,88.0,1265,965.3,1.0,9939,21.1,340.0,2.0
16.0,2025-07-27 13:25:04.826000+00:00,87.0,1265,965.4,1.0,9939,20.9,338.0,0.9
15.7,2025-07-27 13:26:04.823000+00:00,88.0,1265,965.4,1.0,9939,20.8,337.0,1.8
15.6,2025-07-27 13:27:04.855000+00:00,87.0,1265,965.4,1.0,9939,20.7,339.0,2.2
15.4,2025-07-27 13:28:04.847000+00:00,87.0,1265,965.4,1.0,9939,20.7,305.0,2.1
15.2,2025-07-27 13:29:04.842000+00:00,90.0,1265,965.3,1.0,9939,20.7,312.0,1.6
15.1,2025-07-27 13:30:04.837000+00:00,88.0,1265,965.4,1.0,9939,20.8,287.0,1.8
14.9,2025-07-27 13:31:04.853000+00:00,89.0,1265,965.4,1.0,9939,20.8,292.0,2.1
14.8,2025-07-27 13:32:04.863000+00:00,90.0,1265,965.2,1.0,9939,20.7,320.0,2.0
14.8,2025-07-27 13:33:04.855000+00:00,90.0,1265,965.3,1.0,9939,20.7,298.0,1.4
14.8,2025-07-27 13:34:04.863000+00:00,90.0,1265,965.2,1.0,9939,20.8,324.0,1.6
14.7,2025-07-27 13:35:04.862000+00:00,91.0,1265,965.2,1.0,9939,20.9,332.0,1.1
14.7,2025-07-27 13:36:04.858000+00:00,91.0,1265,965.1,1.0,9939,20.9,284.0,1.7
14.7,2025-07-27 13:37:04.859000+00:00,89.0,1265,965.1,1.0,9939,20.9,272.0,0.9
14.6,2025-07-27 13:38:04.866000+00:00,90.0,1265,965.1,1.0,9939,20.9,238.0,1.3
14.6,2025-07-27 13:39:04.857000+00:00,90.0,1265,965.0,1.0,9939,21.1,267.0,0.7
14.5,2025-07-27 13:40:04.843000+00:00,89.0,1265,965.0,1.0,9939,21.1,266.0,0.7
14.5,2025-07-27 13:41:04.859000+00:00,90.0,1265,965.0,1.0,9939,21.1,302.0,0.8
14.6,2025-07-27 13:42:04.873000+00:00,90.0,1265,965.0,1.0,9939,21.1,309.0,1.0
14.5,2025-07-27 13:43:04.842000+00:00,90.0,1265,965.0,1.0,9939,21.0,290.0,0.5
14.6,2025-07-27 13:44:04.868000+00:00,91.0,1265,964.9,1.0,9939,21.1,351.0,1.1
14.5,2025-07-27 13:45:04.870000+00:00,90.0,1265,964.9,1.0,9939,21.2,305.0,0.9
14.6,2025-07-27 13:46:04.865000+00:00,91.0,1265,964.8,1.0,9939,21.2,307.0,0.7
14.6,2025-07-27 13:47:04.875000+00:00,91.0,1265,964.7,1.0,9939,21.2,356.0,0.9
14.6,2025-07-27 13:48:04.869000+00:00,91.0,1265,964.7,1.0,9939,21.2,313.0,0.7
14.6,2025-07-27 13:49:04.865000+00:00,90.0,1265,964.7,1.0,9939,21.2,290.0,0.9
14.6,2025-07-27 13:50:04.885000+00:00,91.0,1265,964.7,1.0,9939,21.4,310.0,1.1
14.6,2025-07-27 13:51:04.885000+00:00,91.0,1265,964.7,1.0,9939,21.4,285.0,1.3
14.6,2025-07-27 13:52:04.909000+00:00,90.0,1265,964.7,1.0,9939,21.5,317.0,1.2
14.6,2025-07-27 13:53:04.910000+00:00,91.0,1265,964.6,1.0,9939,21.7,273.0,1.1
14.6,2025-07-27 13:54:04.912000+00:00,91.0,1265,964.7,1.0,9939,22.1,0.0,1.2
14.8,2025-07-27 13:55:04.921000+00:00,93.0,1265,964.8,1.0,9939,22.3,317.0,0.8
14.9,2025-07-27 13:56:04.923000+00:00,93.0,1265,964.7,1.0,9939,22.9,281.0,1.1
15.0,2025-07-27 13:57:04.927000+00:00,90.0,1265,964.7,1.0,9939,23.1,330.0,1.4
15.2,2025-07-27 13:58:04.906000+00:00,91.0,1265,964.7,1.0,9939,23.1,315.0,1.8
15.3,2025-07-27 13:59:04.928000+00:00,91.0,1265,964.7,1.0,9939,23.2,287.0,1.5
15.3,2025-07-27 14:00:04.928000+00:00,91.0,1265,964.7,1.0,9939,23.2,306.0,1.5
15.5,2025-07-27 14:01:04.959000+00:00,90.0,1265,964.6,0.0,9939,24.3,303.0,2.0
15.6,2025-07-27 14:02:04.975000+00:00,93.0,1265,964.7,0.0,9939,25.0,302.0,0.7
15.6,2025-07-27 14:03:04.976000+00:00,92.0,1265,964.7,1.0,9939,25.2,321.0,0.8
15.8,2025-07-27 14:04:04.992000+00:00,90.0,1265,964.7,1.0,9939,25.4,330.0,1.5
15.9,2025-07-27 14:05:05.005000+00:00,89.0,1265,964.7,0.0,9939,25.5,318.0,1.2
16.0,2025-07-27 14:06:05.005000+00:00,89.0,1265,964.7,0.0,9939,25.9,282.0,1.6
16.1,2025-07-27 14:07:05.011000+00:00,87.0,1265,964.7,0.0,9939,26.0,311.0,1.8
16.2,2025-07-27 14:08:05.007000+00:00,90.0,1265,964.7,0.0,9939,26.2,313.0,2.0
16.4,2025-07-27 14:09:05.007000+00:00,86.0,1265,964.7,0.0,9939,26.3,328.0,1.5
16.4,2025-07-27 14:10:05.022000+00:00,86.0,1265,964.8,1.0,9939,26.3,325.0,1.3
16.5,2025-07-27 14:11:05.020000+00:00,87.0,1265,964.7,1.0,9939,26.3,287.0,0.6
16.7,2025-07-27 14:12:05.038000+00:00,83.0,1265,964.8,0.0,9939,26.3,347.0,1.8
16.8,2025-07-27 14:13:05.046000+00:00,86.0,1265,964.8,0.0,9939,26.6,356.0,1.9
16.9,2025-07-27 14:14:05.067000+00:00,85.0,1265,964.8,0.0,9939,26.8,333.0,1.6
17.0,2025-07-27 14:15:05.067000+00:00,85.0,1265,964.8,0.0,9939,26.6,337.0,1.5
17.1,2025-07-27 14:16:05.057000+00:00,85.0,1265,964.8,0.0,9939,26.4,331.0,1.1
17.3,2025-07-27 14:17:05.089000+00:00,85.0,1265,964.7,0.0,9939,26.4,354.0,1.5
17.4,2025-07-27 14:18:05.089000+00:00,84.0,1265,964.7,0.0,9939,26.3,347.0,1.5
17.4,2025-07-27 14:19:05.079000+00:00,82.0,1265,964.8,0.0,9939,26.2,305.0,1.4
17.5,2025-07-27 14:20:05.096000+00:00,84.0,1265,964.8,0.0,9939,26.1,322.0,1.6
17.6,2025-07-27 14:21:05.122000+00:00,84.0,1265,964.9,0.0,9939,26.1,326.0,1.4
17.7,2025-07-27 14:22:05.116000+00:00,85.0,1265,964.7,0.0,9939,25.9,333.0,1.5
17.6,2025-07-27 14:23:05.119000+00:00,82.0,1265,964.8,0.0,9939,25.1,285.0,1.5
17.7,2025-07-27 14:24:05.125000+00:00,84.0,1265,964.8,0.0,9939,24.8,333.0,1.5
17.7,2025-07-27 14:25:05.144000+00:00,84.0,1265,964.8,0.0,9939,24.8,318.0,1.2
17.6,2025-07-27 14:26:05.112000+00:00,84.0,1265,964.9,0.0,9939,24.9,339.0,1.5
17.6,2025-07-27 14:27:05.120000+00:00,84.0,1265,964.9,0.0,9939,25.0,315.0,1.8
17.6,2025-07-27 14:28:05.126000+00:00,84.0,1265,964.9,0.0,9939,24.8,300.0,1.9
17.4,2025-07-27 14:29:05.130000+00:00,83.0,1265,964.9,0.0,9939,24.4,331.0,1.2
17.3,2025-07-27 14:30:05.155000+00:00,85.0,1265,965.0,0.0,9939,24.5,330.0,1.8
17.3,2025-07-27 14:31:05.151000+00:00,83.0,1265,965.0,0.0,9939,24.9,304.0,1.6
17.4,2025-07-27 14:32:05.156000+00:00,85.0,1265,964.9,0.0,9939,24.9,332.0,1.1
17.4,2025-07-27 14:33:05.156000+00:00,84.0,1265,964.9,0.0,9939,25.5,2.0,1.1
17.4,2025-07-27 14:34:05.134000+00:00,82.0,1265,965.0,0.0,9939,25.6,335.0,0.9
17.4,2025-07-27 14:35:05.148000+00:00,82.0,1265,965.0,0.0,9939,25.7,307.0,1.1
17.4,2025-07-27 14:36:05.159000+00:00,83.0,1265,965.0,0.0,9939,25.8,305.0,1.7
17.5,2025-07-27 14:37:05.164000+00:00,83.0,1265,965.0,0.0,9939,25.9,317.0,2.6
17.5,2025-07-27 14:38:05.175000+00:00,80.0,1265,965.0,0.0,9939,25.5,313.0,2.7
17.5,2025-07-27 14:39:05.196000+00:00,81.0,1265,965.1,0.0,9939,25.5,297.0,1.9
17.5,2025-07-27 14:40:05.185000+00:00,81.0,1265,965.1,0.0,9939,25.5,275.0,2.0
17.6,2025-07-27 14:41:05.195000+00:00,83.0,1265,965.2,0.0,9939,25.9,357.0,2.3
17.5,2025-07-27 14:42:05.185000+00:00,79.0,1265,965.1,0.0,9939,25.9,339.0,1.5
17.5,2025-07-27 14:43:05.196000+00:00,83.0,1265,965.1,0.0,9939,25.9,327.0,1.8
17.5,2025-07-27 14:44:05.191000+00:00,82.0,1265,965.1,0.0,9939,25.9,355.0,1.9
17.5,2025-07-27 14:45:05.213000+00:00,82.0,1265,965.1,0.0,9939,25.9,355.0,1.9
17.6,2025-07-27 14:46:05.216000+00:00,81.0,1265,965.2,0.0,9939,25.4,318.0,2.2
17.6,2025-07-27 14:47:05.215000+00:00,80.0,1265,965.2,0.0,9939,25.3,0.0,1.8
17.6,2025-07-27 14:48:05.220000+00:00,81.0,1265,965.2,0.0,9939,25.1,318.0,1.1
17.5,2025-07-27 14:49:05.220000+00:00,79.0,1265,965.2,0.0,9939,25.1,344.0,2.5
17.5,2025-07-27 14:50:05.230000+00:00,81.0,1265,965.3,0.0,9939,25.8,332.0,1.5
17.5,2025-07-27 14:51:05.231000+00:00,83.0,1265,965.2,0.0,9939,26.0,306.0,1.2
17.4,2025-07-27 14:52:05.252000+00:00,82.0,1265,965.3,0.0,9939,26.0,31.0,0.7
17.5,2025-07-27 14:53:05.262000+00:00,80.0,1265,965.2,0.0,9939,25.8,342.0,1.9
17.5,2025-07-27 14:54:05.244000+00:00,79.0,1265,965.2,0.0,9939,25.8,327.0,1.9
17.5,2025-07-27 14:55:05.279000+00:00,80.0,1265,965.1,0.0,9939,26.1,336.0,1.5
17.6,2025-07-27 14:56:05.280000+00:00,80.0,1265,965.1,0.0,9939,26.3,338.0,2.5
17.6,2025-07-27 14:57:05.301000+00:00,79.0,1265,965.2,0.0,9939,26.1,316.0,1.6
17.8,2025-07-27 14:58:05.299000+00:00,81.0,1265,965.2,0.0,9939,26.1,312.0,1.4
17.8,2025-07-27 14:59:05.290000+00:00,81.0,1265,965.3,0.0,9939,26.2,303.0,1.6
17.9,2025-07-27 15:00:05.301000+00:00,79.0,1265,965.2,0.0,9939,26.2,342.0,1.4
17.9,2025-07-27 15:01:05.311000+00:00,79.0,1265,965.2,0.0,9939,26.2,295.0,2.2
17.9,2025-07-27 15:02:05.360000+00:00,79.0,1265,965.2,0.0,9939,26.3,353.0,1.1
17.8,2025-07-27 15:03:05.340000+00:00,78.0,1265,965.2,0.0,9939,26.4,334.0,2.5
17.9,2025-07-27 15:04:05.345000+00:00,79.0,1265,965.3,0.0,9939,26.3,256.0,2.0
17.9,2025-07-27 15:05:05.355000+00:00,79.0,1265,965.3,0.0,9939,25.8,202.0,0.7
17.9,2025-07-27 15:06:05.355000+00:00,81.0,1265,965.2,0.0,9939,25.8,24.0,1.5
18.0,2025-07-27 15:07:05.368000+00:00,80.0,1265,965.3,0.0,9939,26.0,188.0,1.2
18.1,2025-07-27 15:08:05.359000+00:00,79.0,1265,965.3,0.0,9939,25.8,354.0,1.2
18.0,2025-07-27 15:09:05.391000+00:00,78.0,1265,965.3,0.0,9939,25.0,308.0,1.4
18.0,2025-07-27 15:10:05.390000+00:00,78.0,1265,965.3,0.0,9939,24.7,327.0,1.6
17.8,2025-07-27 15:11:05.392000+00:00,78.0,1265,965.3,0.0,9939,24.5,265.0,2.2
17.7,2025-07-27 15:12:05.399000+00:00,79.0,1265,965.3,0.0,9939,24.5,347.0,1.3
17.5,2025-07-27 15:13:05.399000+00:00,79.0,1265,965.2,0.0,9939,24.3,331.0,1.9
17.5,2025-07-27 15:14:05.404000+00:00,80.0,1265,965.2,0.0,9939,24.2,341.0,1.6
17.5,2025-07-27 15:15:05.410000+00:00,80.0,1265,965.3,0.0,9939,24.2,319.0,1.8
17.5,2025-07-27 15:16:05.423000+00:00,80.0,1265,965.2,0.0,9939,24.1,333.0,1.2
17.5,2025-07-27 15:17:05.436000+00:00,81.0,1265,965.2,0.0,9939,24.1,244.0,1.4
17.5,2025-07-27 15:18:05.442000+00:00,81.0,1265,965.2,0.0,9939,24.2,230.0,0.8
17.5,2025-07-27 15:19:05.440000+00:00,81.0,1265,965.2,0.0,9939,24.7,6.0,0.6
17.5,2025-07-27 15:20:05.436000+00:00,80.0,1265,965.2,0.0,9939,24.8,328.0,1.2
17.6,2025-07-27 15:21:05.421000+00:00,79.0,1265,965.2,0.0,9939,24.8,345.0,1.6
17.5,2025-07-27 15:22:05.446000+00:00,78.0,1265,965.1,0.0,9939,24.7,238.0,1.1
17.5,2025-07-27 15:23:05.425000+00:00,79.0,1265,965.2,0.0,9939,24.0,263.0,1.2
17.5,2025-07-27 15:24:05.450000+00:00,79.0,1265,965.2,0.0,9939,24.0,291.0,1.8
17.5,2025-07-27 15:25:05.443000+00:00,78.0,1265,965.2,0.0,9939,23.8,349.0,1.4
17.5,2025-07-27 15:26:05.431000+00:00,79.0,1265,965.2,0.0,9939,23.8,338.0,1.7
17.5,2025-07-27 15:27:05.433000+00:00,78.0,1265,965.2,0.0,9939,23.7,286.0,1.8
17.5,2025-07-27 15:28:05.433000+00:00,78.0,1265,965.2,0.0,9939,23.5,345.0,1.6
17.5,2025-07-27 15:29:05.448000+00:00,80.0,1265,965.1,0.0,9939,23.5,336.0,1.6
17.4,2025-07-27 15:30:05.443000+00:00,80.0,1265,965.1,0.0,9939,23.6,357.0,1.1
17.4,2025-07-27 15:31:05.452000+00:00,81.0,1265,965.2,0.0,9939,23.6,356.0,1.3
17.3,2025-07-27 15:32:05.444000+00:00,78.0,1265,965.2,0.0,9939,23.1,313.0,2.0
17.2,2025-07-27 15:33:05.456000+00:00,80.0,1265,965.1,0.0,9939,23.1,342.0,1.3
17.1,2025-07-27 15:34:05.453000+00:00,81.0,1265,965.2,0.0,9939,23.0,276.0,1.5
17.1,2025-07-27 15:35:05.454000+00:00,81.0,1265,965.2,0.0,9939,23.0,0.0,1.7
17.1,2025-07-27 15:36:05.466000+00:00,80.0,1265,965.1,0.0,9939,23.1,346.0,2.1
17.1,2025-07-27 15:37:05.474000+00:00,81.0,1265,965.1,0.0,9939,22.9,332.0,1.9
17.1,2025-07-27 15:38:05.503000+00:00,81.0,1265,965.2,0.0,9939,22.8,342.0,1.8
17.1,2025-07-27 15:39:05.502000+00:00,81.0,1265,965.2,0.0,9939,22.4,179.0,1.5
17.1,2025-07-27 15:40:05.554000+00:00,82.0,1265,965.1,0.0,9939,22.4,319.0,0.8
17.1,2025-07-27 15:41:05.562000+00:00,82.0,1265,965.3,0.0,9939,22.5,200.0,0.7
17.0,2025-07-27 15:42:05.562000+00:00,83.0,1265,965.1,0.0,9939,22.5,237.0,1.0
17.0,2025-07-27 15:43:05.575000+00:00,82.0,1265,965.3,0.0,9939,22.3,207.0,1.4
16.9,2025-07-27 15:44:05.585000+00:00,82.0,1265,965.2,0.0,9939,22.3,243.0,1.4
16.9,2025-07-27 15:45:05.594000+00:00,82.0,1265,965.2,0.0,9939,22.3,172.0,1.1
16.9,2025-07-27 15:46:05.566000+00:00,83.0,1265,965.2,0.0,9939,22.4,220.0,1.1
16.9,2025-07-27 15:47:05.589000+00:00,82.0,1265,965.2,0.0,9939,22.4,322.0,1.4
16.9,2025-07-27 15:48:05.587000+00:00,81.0,1265,965.2,0.0,9939,22.4,348.0,1.0
22.3,2025-08-03 12:26:33.523000+00:00,59.0,1266,987.2,0.0,9928,35.9,248.0,2.5
22.3,2025-08-03 12:27:33.525000+00:00,60.0,1266,987.2,0.0,9928,36.3,253.0,2.6
22.4,2025-08-03 12:28:33.526000+00:00,58.0,1266,987.3,0.0,9928,36.5,250.0,2.2
22.4,2025-08-03 12:29:33.514000+00:00,58.0,1266,987.2,0.0,9928,36.4,260.0,3.1
22.4,2025-08-03 12:30:33.530000+00:00,58.0,1266,987.3,0.0,9928,35.9,265.0,2.5
22.4,2025-08-03 12:31:33.508000+00:00,58.0,1266,987.3,0.0,9928,35.9,253.0,2.1
22.4,2025-08-03 12:32:33.523000+00:00,58.0,1266,987.2,0.0,9928,35.5,268.0,2.3
22.3,2025-08-03 12:33:33.524000+00:00,57.0,1266,987.3,0.0,9928,35.4,273.0,2.4
22.3,2025-08-03 12:34:33.521000+00:00,56.0,1266,987.3,0.0,9928,35.7,251.0,2.4
22.2,2025-08-03 12:35:33.522000+00:00,55.0,1266,987.2,0.0,9928,35.0,267.0,2.0
22.1,2025-08-03 12:36:33.538000+00:00,56.0,1266,987.2,0.0,9928,33.3,268.0,2.9
22.1,2025-08-03 12:37:33.522000+00:00,56.0,1266,987.3,0.0,9928,31.8,259.0,2.6
22.1,2025-08-03 12:38:33.529000+00:00,55.0,1266,987.2,0.0,9928,32.4,281.0,2.5
22.0,2025-08-03 12:39:33.528000+00:00,57.0,1266,987.2,0.0,9928,33.9,252.0,2.7
22.0,2025-08-03 12:40:33.536000+00:00,57.0,1266,987.2,0.0,9928,33.7,253.0,2.0
22.0,2025-08-03 12:41:33.527000+00:00,58.0,1266,987.2,0.0,9928,33.5,280.0,2.9
21.9,2025-08-03 12:42:33.534000+00:00,57.0,1266,987.3,0.0,9928,32.8,256.0,2.3
21.9,2025-08-03 12:43:33.527000+00:00,58.0,1266,987.1,0.0,9928,32.6,263.0,2.3
22.0,2025-08-03 12:44:33.528000+00:00,58.0,1266,987.1,0.0,9928,32.1,257.0,1.9
22.0,2025-08-03 12:45:33.544000+00:00,57.0,1266,987.1,0.0,9928,32.8,289.0,2.0
22.0,2025-08-03 12:46:33.568000+00:00,59.0,1266,987.1,0.0,9928,33.3,260.0,2.7
22.0,2025-08-03 12:47:33.581000+00:00,59.0,1266,987.2,0.0,9928,33.7,286.0,2.2
22.0,2025-08-03 12:48:33.589000+00:00,58.0,1266,987.1,0.0,9928,33.7,248.0,2.6
21.9,2025-08-03 12:49:33.585000+00:00,56.0,1266,987.1,0.0,9928,33.5,259.0,3.1
22.0,2025-08-03 12:50:33.589000+00:00,57.0,1266,987.2,0.0,9928,33.1,265.0,2.7
21.9,2025-08-03 12:51:33.607000+00:00,58.0,1266,987.1,0.0,9928,33.2,256.0,3.1
21.9,2025-08-03 12:52:33.617000+00:00,57.0,1266,987.2,0.0,9928,33.2,262.0,1.9
21.9,2025-08-03 12:53:33.618000+00:00,57.0,1266,987.1,0.0,9928,33.2,246.0,1.7
21.9,2025-08-03 12:54:33.614000+00:00,57.0,1266,987.0,0.0,9928,31.6,262.0,2.1
21.9,2025-08-03 12:55:33.621000+00:00,57.0,1266,987.1,0.0,9928,31.6,265.0,2.4
21.8,2025-08-03 12:56:33.615000+00:00,57.0,1266,987.1,0.0,9928,31.6,268.0,2.8
21.8,2025-08-03 12:57:33.622000+00:00,57.0,1266,987.1,0.0,9928,31.9,266.0,3.1
21.8,2025-08-03 12:58:33.622000+00:00,58.0,1266,987.1,0.0,9928,32.6,262.0,2.2
21.7,2025-08-03 12:59:33.606000+00:00,57.0,1266,987.2,0.0,9928,32.6,263.0,2.6
21.7,2025-08-03 13:00:33.611000+00:00,57.0,1266,987.1,0.0,9928,32.6,265.0,2.5
21.7,2025-08-03 13:01:33.638000+00:00,57.0,1266,987.1,0.0,9928,32.6,271.0,2.6
21.6,2025-08-03 13:02:33.642000+00:00,57.0,1266,987.2,0.0,9928,32.1,273.0,3.0
21.6,2025-08-03 13:03:33.621000+00:00,58.0,1266,987.2,0.0,9928,31.9,267.0,2.8
21.7,2025-08-03 13:04:33.634000+00:00,58.0,1266,987.2,0.0,9928,31.9,254.0,2.5
21.8,2025-08-03 13:05:33.621000+00:00,57.0,1266,987.3,0.0,9928,32.3,284.0,2.9
21.8,2025-08-03 13:06:33.607000+00:00,58.0,1266,987.2,0.0,9928,31.7,286.0,3.2
21.8,2025-08-03 13:07:33.625000+00:00,58.0,1266,987.3,0.0,9928,31.6,276.0,2.6
21.8,2025-08-03 13:08:33.634000+00:00,58.0,1266,987.3,0.0,9928,31.5,263.0,2.9
21.8,2025-08-03 13:09:33.627000+00:00,59.0,1266,987.2,0.0,9928,31.4,277.0,3.1
21.9,2025-08-03 13:10:33.622000+00:00,58.0,1266,987.2,0.0,9928,31.4,285.0,2.2
21.9,2025-08-03 13:11:33.626000+00:00,58.0,1266,987.3,0.0,9928,31.4,275.0,2.9
21.9,2025-08-03 13:12:33.630000+00:00,58.0,1266,987.3,0.0,9928,31.4,281.0,2.3
21.9,2025-08-03 13:13:33.625000+00:00,58.0,1266,987.2,0.0,9928,31.7,201.0,1.6
22.0,2025-08-03 13:14:33.640000+00:00,58.0,1266,987.2,0.0,9928,31.7,250.0,1.9
22.1,2025-08-03 13:15:33.655000+00:00,58.0,1266,987.1,0.0,9928,32.0,239.0,1.4
22.0,2025-08-03 13:16:33.664000+00:00,58.0,1266,987.2,0.0,9928,31.4,277.0,2.6
21.9,2025-08-03 13:17:33.688000+00:00,58.0,1266,987.3,0.0,9928,31.2,256.0,2.5
21.9,2025-08-03 13:18:33.700000+00:00,58.0,1266,987.2,0.0,9928,31.1,292.0,1.9
21.9,2025-08-03 13:19:33.712000+00:00,58.0,1266,987.2,0.0,9928,31.2,277.0,2.8
21.8,2025-08-03 13:20:33.695000+00:00,59.0,1266,987.2,0.0,9928,30.8,267.0,3.0
21.8,2025-08-03 13:21:33.726000+00:00,59.0,1266,987.2,0.0,9928,30.8,292.0,2.5
21.9,2025-08-03 13:22:33.738000+00:00,59.0,1266,987.1,0.0,9928,31.2,265.0,1.7
21.9,2025-08-03 13:23:33.726000+00:00,58.0,1266,987.1,0.0,9928,31.3,236.0,1.5
21.9,2025-08-03 13:24:33.736000+00:00,58.0,1266,987.0,0.0,9928,31.2,295.0,1.8
21.9,2025-08-03 13:25:33.748000+00:00,58.0,1266,987.0,0.0,9928,31.1,271.0,2.7
22.0,2025-08-03 13:26:33.768000+00:00,58.0,1266,987.1,0.0,9928,31.1,258.0,1.3
22.0,2025-08-03 13:27:33.772000+00:00,57.0,1266,987.1,0.0,9928,31.5,241.0,2.1
22.0,2025-08-03 13:28:33.772000+00:00,57.0,1266,987.2,0.0,9928,31.5,236.0,2.0
22.0,2025-08-03 13:29:33.766000+00:00,58.0,1266,987.1,0.0,9928,31.6,260.0,2.4
22.0,2025-08-03 13:30:33.776000+00:00,58.0,1266,987.0,0.0,9928,31.5,245.0,2.5
22.0,2025-08-03 13:31:33.757000+00:00,58.0,1266,987.0,0.0,9928,31.7,284.0,1.7
22.0,2025-08-03 13:32:33.761000+00:00,58.0,1266,987.0,0.0,9928,31.8,252.0,1.7
22.0,2025-08-03 13:33:33.771000+00:00,58.0,1266,987.0,0.0,9928,31.5,267.0,2.8
22.0,2025-08-03 13:34:33.762000+00:00,58.0,1266,986.9,0.0,9928,31.5,239.0,3.2
22.0,2025-08-03 13:35:33.772000+00:00,58.0,1266,986.9,0.0,9928,31.8,257.0,3.0
22.0,2025-08-03 13:36:33.769000+00:00,58.0,1266,987.0,0.0,9928,31.8,258.0,2.1
22.0,2025-08-03 13:37:33.779000+00:00,58.0,1266,987.0,0.0,9928,31.9,235.0,2.5
22.1,2025-08-03 13:38:33.786000+00:00,57.0,1266,986.9,0.0,9928,31.7,270.0,1.8
22.1,2025-08-03 13:39:33.791000+00:00,57.0,1266,987.0,0.0,9928,31.8,259.0,2.5
22.1,2025-08-03 13:40:33.791000+00:00,57.0,1266,986.9,0.0,9928,31.9,277.0,2.5
22.1,2025-08-03 13:41:33.771000+00:00,58.0,1266,986.9,0.0,9928,31.9,246.0,2.9
22.1,2025-08-03 13:42:33.775000+00:00,58.0,1266,986.9,0.0,9928,31.8,283.0,1.9
22.1,2025-08-03 13:43:33.784000+00:00,57.0,1266,986.9,0.0,9928,31.8,266.0,2.0
22.1,2025-08-03 13:44:33.775000+00:00,58.0,1266,987.0,0.0,9928,31.8,283.0,2.3
22.1,2025-08-03 13:45:33.797000+00:00,57.0,1266,986.9,0.0,9928,31.8,268.0,1.8
22.1,2025-08-03 13:46:33.775000+00:00,57.0,1266,986.9,0.0,9928,31.9,253.0,1.5
22.1,2025-08-03 13:47:33.786000+00:00,57.0,1266,986.9,0.0,9928,31.8,254.0,1.9
22.1,2025-08-03 13:48:33.791000+00:00,56.0,1266,987.0,0.0,9928,31.6,262.0,1.3
22.0,2025-08-03 13:49:33.790000+00:00,57.0,1266,987.0,0.0,9928,31.7,204.0,1.6
22.1,2025-08-03 13:50:33.782000+00:00,57.0,1266,987.0,0.0,9928,31.8,256.0,1.0
22.1,2025-08-03 13:51:33.783000+00:00,57.0,1266,987.0,0.0,9928,32.0,278.0,1.0
22.1,2025-08-03 13:52:33.792000+00:00,56.0,1266,987.0,0.0,9928,32.1,258.0,1.6
22.1,2025-08-03 13:53:33.791000+00:00,57.0,1266,987.1,0.0,9928,32.0,264.0,1.4
22.1,2025-08-03 13:54:33.793000+00:00,57.0,1266,987.0,0.0,9928,31.6,265.0,2.1
22.1,2025-08-03 13:55:33.783000+00:00,57.0,1266,987.0,0.0,9928,31.5,256.0,3.0
22.1,2025-08-03 13:56:33.784000+00:00,57.0,1266,987.1,0.0,9928,31.5,275.0,2.1
22.1,2025-08-03 13:57:33.778000+00:00,58.0,1266,987.0,0.0,9928,31.6,225.0,2.4
22.2,2025-08-03 13:58:33.792000+00:00,57.0,1266,987.0,0.0,9928,31.9,204.0,1.0
22.2,2025-08-03 13:59:33.791000+00:00,56.0,1266,987.1,0.0,9928,31.9,307.0,1.1
22.2,2025-08-03 14:00:33.793000+00:00,56.0,1266,987.0,0.0,9928,31.6,259.0,1.5
22.2,2025-08-03 14:01:33.790000+00:00,56.0,1266,987.0,0.0,9928,31.6,208.0,1.1
22.3,2025-08-03 14:02:33.785000+00:00,56.0,1266,987.1,0.0,9928,31.6,198.0,1.6
22.2,2025-08-03 14:03:33.797000+00:00,56.0,1266,987.0,0.0,9928,31.6,281.0,1.2
22.2,2025-08-03 14:04:33.830000+00:00,56.0,1266,987.1,0.0,9928,31.5,242.0,2.0
22.2,2025-08-03 14:05:33.796000+00:00,55.0,1266,987.1,0.0,9928,31.3,293.0,1.7
22.1,2025-08-03 14:06:33.793000+00:00,55.0,1266,987.0,0.0,9928,31.2,268.0,1.8
22.1,2025-08-03 14:07:33.852000+00:00,56.0,1266,987.1,0.0,9928,31.0,258.0,3.0
22.1,2025-08-03 14:08:33.787000+00:00,56.0,1266,987.1,0.0,9928,30.9,266.0,2.1
22.1,2025-08-03 14:09:33.803000+00:00,56.0,1266,987.0,0.0,9928,31.2,274.0,1.4
22.0,2025-08-03 14:10:33.813000+00:00,56.0,1266,987.0,0.0,9928,31.1,289.0,1.8
22.0,2025-08-03 14:11:33.797000+00:00,56.0,1266,987.1,0.0,9928,31.3,259.0,1.2
22.0,2025-08-03 14:12:33.804000+00:00,56.0,1266,987.1,0.0,9928,31.3,199.0,1.2
22.0,2025-08-03 14:13:33.804000+00:00,56.0,1266,987.2,0.0,9928,31.0,166.0,0.9
22.0,2025-08-03 14:14:33.796000+00:00,56.0,1266,987.1,0.0,9928,31.0,260.0,1.1
22.0,2025-08-03 14:15:33.814000+00:00,56.0,1266,987.1,0.0,9928,30.7,213.0,2.2
22.0,2025-08-03 14:16:33.799000+00:00,56.0,1266,987.2,0.0,9928,30.8,284.0,1.2
22.0,2025-08-03 14:17:33.799000+00:00,56.0,1266,987.2,0.0,9928,31.0,204.0,0.8
22.0,2025-08-03 14:18:33.806000+00:00,55.0,1266,987.3,0.0,9928,30.9,277.0,2.0
22.0,2025-08-03 14:19:33.824000+00:00,57.0,1266,987.3,0.0,9928,30.7,254.0,2.6
22.0,2025-08-03 14:20:33.801000+00:00,56.0,1266,987.3,0.0,9928,30.7,293.0,1.3
22.0,2025-08-03 14:21:33.805000+00:00,57.0,1266,987.3,0.0,9928,30.7,252.0,1.1
22.0,2025-08-03 14:22:33.806000+00:00,56.0,1266,987.2,0.0,9928,30.8,271.0,1.0
22.0,2025-08-03 14:23:33.798000+00:00,57.0,1266,987.2,0.0,9928,30.8,289.0,2.9
22.0,2025-08-03 14:24:33.798000+00:00,56.0,1266,987.2,0.0,9928,30.6,272.0,3.0
22.1,2025-08-03 14:25:33.817000+00:00,57.0,1266,987.1,0.0,9928,30.6,261.0,2.1
22.1,2025-08-03 14:26:33.819000+00:00,57.0,1266,987.2,0.0,9928,30.6,249.0,1.5
22.1,2025-08-03 14:27:33.808000+00:00,56.0,1266,987.1,0.0,9928,31.1,215.0,2.2
22.1,2025-08-03 14:28:33.815000+00:00,57.0,1266,987.2,0.0,9928,31.1,277.0,2.0
22.1,2025-08-03 14:29:33.821000+00:00,57.0,1266,987.1,0.0,9928,30.9,265.0,1.9
22.1,2025-08-03 14:30:33.816000+00:00,57.0,1266,987.2,0.0,9928,31.1,294.0,2.0
22.2,2025-08-03 14:31:33.813000+00:00,56.0,1266,987.2,0.0,9928,31.3,298.0,1.9
22.3,2025-08-03 14:32:33.819000+00:00,56.0,1266,987.2,0.0,9928,32.0,129.0,1.0
22.4,2025-08-03 14:33:33.812000+00:00,55.0,1266,987.2,0.0,9928,32.0,291.0,0.4
22.4,2025-08-03 14:34:33.810000+00:00,55.0,1266,987.2,0.0,9928,31.6,290.0,1.2
22.4,2025-08-03 14:35:33.815000+00:00,55.0,1266,987.2,0.0,9928,31.6,259.0,1.6
22.4,2025-08-03 14:36:33.848000+00:00,55.0,1266,987.3,0.0,9928,31.6,267.0,1.8
22.4,2025-08-03 14:37:33.836000+00:00,56.0,1266,987.2,0.0,9928,31.8,282.0,2.1
22.4,2025-08-03 14:38:33.900000+00:00,56.0,1266,987.2,0.0,9928,31.8,208.0,1.8
22.4,2025-08-03 14:39:33.871000+00:00,56.0,1266,987.2,0.0,9928,32.0,257.0,1.4
22.5,2025-08-03 14:40:33.868000+00:00,56.0,1266,987.2,0.0,9928,32.2,96.0,1.6
22.5,2025-08-03 14:41:33.871000+00:00,55.0,1266,987.3,0.0,9928,32.2,264.0,0.9
20.3,2025-08-31 12:07:45.075000+00:00,67.0,1267,1006.6,0.0,9920,28.5,227.0,3.5
20.3,2025-08-31 12:08:45.084000+00:00,68.0,1267,1006.5,0.0,9920,28.4,179.0,3.1
20.3,2025-08-31 12:09:45.081000+00:00,68.0,1267,1006.5,0.0,9920,28.4,212.0,2.4
20.3,2025-08-31 12:10:45.077000+00:00,68.0,1267,1006.5,0.0,9920,28.7,196.0,2.4
20.3,2025-08-31 12:11:45.079000+00:00,69.0,1267,1006.6,0.0,9920,28.3,251.0,2.1
20.3,2025-08-31 12:12:45.085000+00:00,69.0,1267,1006.5,0.0,9920,28.3,233.0,2.2
20.3,2025-08-31 12:13:45.094000+00:00,68.0,1267,1006.4,0.0,9920,27.9,225.0,2.5
20.3,2025-08-31 12:14:45.093000+00:00,69.0,1267,1006.4,0.0,9920,28.2,203.0,1.8
20.3,2025-08-31 12:15:45.121000+00:00,69.0,1267,1006.5,0.0,9920,28.4,221.0,2.8
20.2,2025-08-31 12:16:45.124000+00:00,69.0,1267,1006.4,0.0,9920,27.7,229.0,3.0
20.2,2025-08-31 12:17:45.140000+00:00,70.0,1267,1006.4,0.0,9920,27.7,233.0,3.3
20.2,2025-08-31 12:18:45.131000+00:00,71.0,1267,1006.4,0.0,9920,27.7,204.0,1.9
20.2,2025-08-31 12:19:45.136000+00:00,71.0,1267,1006.4,0.0,9920,28.5,208.0,1.1
20.3,2025-08-31 12:20:45.154000+00:00,71.0,1267,1006.4,0.0,9920,28.5,228.0,1.8
20.3,2025-08-31 12:21:45.151000+00:00,71.0,1267,1006.4,0.0,9920,28.4,198.0,1.7
20.2,2025-08-31 12:22:45.170000+00:00,70.0,1267,1006.6,0.0,9920,28.2,207.0,1.7
20.2,2025-08-31 12:23:45.179000+00:00,72.0,1267,1006.4,0.0,9920,28.2,176.0,1.8
20.3,2025-08-31 12:24:45.191000+00:00,71.0,1267,1006.5,0.0,9920,28.2,204.0,2.1
20.3,2025-08-31 12:25:45.211000+00:00,69.0,1267,1006.5,0.0,9920,28.1,205.0,2.7
20.3,2025-08-31 12:26:45.213000+00:00,71.0,1267,1006.5,0.0,9920,28.1,210.0,2.5
20.4,2025-08-31 12:27:45.262000+00:00,71.0,1267,1006.5,0.0,9920,28.3,222.0,1.9
20.5,2025-08-31 12:28:45.262000+00:00,71.0,1267,1006.5,0.0,9920,28.0,221.0,3.1
20.5,2025-08-31 12:29:45.271000+00:00,72.0,1267,1006.4,0.0,9920,28.0,219.0,2.7
20.5,2025-08-31 12:30:45.268000+00:00,71.0,1267,1006.4,0.0,9920,28.4,233.0,2.7
20.4,2025-08-31 12:31:45.281000+00:00,72.0,1267,1006.3,0.0,9920,28.6,182.0,1.6
20.5,2025-08-31 12:32:45.270000+00:00,71.0,1267,1006.3,0.0,9920,28.8,205.0,2.4
20.4,2025-08-31 12:33:45.267000+00:00,71.0,1267,1006.4,0.0,9920,28.8,203.0,1.4
20.4,2025-08-31 12:34:45.276000+00:00,70.0,1267,1006.3,0.0,9920,28.7,234.0,1.9
20.4,2025-08-31 12:35:45.303000+00:00,71.0,1267,1006.3,0.0,9920,28.2,193.0,1.3
20.3,2025-08-31 12:36:45.300000+00:00,70.0,1267,1006.3,0.0,9920,28.2,201.0,2.0
20.3,2025-08-31 12:37:45.303000+00:00,70.0,1267,1006.3,0.0,9920,28.2,210.0,2.0
20.3,2025-08-31 12:38:45.338000+00:00,71.0,1267,1006.3,0.0,9920,28.2,207.0,2.5
20.3,2025-08-31 12:39:45.330000+00:00,70.0,1267,1006.4,0.0,9920,28.2,189.0,2.2
20.2,2025-08-31 12:40:45.314000+00:00,71.0,1267,1006.3,0.0,9920,28.3,225.0,2.0
20.2,2025-08-31 12:41:45.361000+00:00,71.0,1267,1006.3,0.0,9920,28.3,225.0,2.0
20.2,2025-08-31 12:42:45.361000+00:00,70.0,1267,1006.3,0.0,9920,28.3,205.0,1.5
20.2,2025-08-31 12:43:45.357000+00:00,69.0,1267,1006.3,0.0,9920,28.6,174.0,1.7
20.2,2025-08-31 12:44:45.365000+00:00,69.0,1267,1006.3,0.0,9920,28.6,174.0,1.7
20.2,2025-08-31 12:45:45.362000+00:00,69.0,1267,1006.3,0.0,9920,28.7,27.0,1.1
20.4,2025-08-31 12:46:45.363000+00:00,68.0,1267,1006.3,0.0,9920,28.8,255.0,1.9
20.4,2025-08-31 12:47:45.397000+00:00,68.0,1267,1006.3,0.0,9920,28.8,255.0,1.9
20.3,2025-08-31 12:48:45.370000+00:00,69.0,1267,1006.3,0.0,9920,29.1,122.0,0.7
20.3,2025-08-31 12:49:45.361000+00:00,68.0,1267,1006.3,0.0,9920,29.1,219.0,2.0
20.4,2025-08-31 12:50:45.364000+00:00,68.0,1267,1006.4,0.0,9920,29.0,262.0,1.7
20.4,2025-08-31 12:51:45.364000+00:00,69.0,1267,1006.2,0.0,9920,28.9,192.0,1.1
20.4,2025-08-31 12:52:45.364000+00:00,68.0,1267,1006.4,0.0,9920,28.9,232.0,2.2
20.5,2025-08-31 12:53:45.360000+00:00,68.0,1267,1006.3,0.0,9920,28.9,201.0,1.7
20.5,2025-08-31 12:54:45.365000+00:00,69.0,1267,1006.4,0.0,9920,29.0,233.0,2.4
20.6,2025-08-31 12:55:45.373000+00:00,68.0,1267,1006.4,0.0,9920,29.1,244.0,1.0
20.7,2025-08-31 12:56:45.368000+00:00,67.0,1267,1006.3,0.0,9920,29.2,239.0,0.8
20.7,2025-08-31 12:57:45.354000+00:00,67.0,1267,1006.2,0.0,9920,28.8,298.0,1.7
20.6,2025-08-31 12:58:45.363000+00:00,68.0,1267,1006.3,0.0,9920,28.8,200.0,1.7
20.6,2025-08-31 12:59:45.379000+00:00,68.0,1267,1006.2,0.0,9920,28.8,187.0,1.5
20.6,2025-08-31 13:00:45.378000+00:00,69.0,1267,1006.2,0.0,9920,28.7,187.0,1.0
20.6,2025-08-31 13:01:45.401000+00:00,69.0,1267,1006.2,0.0,9920,28.7,112.0,1.0
20.6,2025-08-31 13:02:45.387000+00:00,69.0,1267,1006.2,0.0,9920,29.1,190.0,1.1
20.6,2025-08-31 13:03:45.432000+00:00,68.0,1267,1006.3,0.0,9920,29.3,194.0,1.7
20.7,2025-08-31 13:04:45.454000+00:00,68.0,1267,1006.4,0.0,9920,29.3,226.0,1.2
20.7,2025-08-31 13:05:45.450000+00:00,68.0,1267,1006.3,0.0,9920,28.9,176.0,2.2
20.6,2025-08-31 13:06:45.456000+00:00,68.0,1267,1006.3,0.0,9920,28.8,204.0,1.4
20.7,2025-08-31 13:07:45.461000+00:00,68.0,1267,1006.2,0.0,9920,28.8,208.0,3.0
20.7,2025-08-31 13:08:45.475000+00:00,67.0,1267,1006.2,0.0,9920,27.8,243.0,3.2
20.7,2025-08-31 13:09:45.476000+00:00,68.0,1267,1006.3,0.0,9920,27.5,210.0,2.0
20.6,2025-08-31 13:10:45.478000+00:00,68.0,1267,1006.3,0.0,9920,27.5,210.0,2.0
20.6,2025-08-31 13:11:45.477000+00:00,68.0,1267,1006.2,0.0,9920,27.7,186.0,2.5
20.6,2025-08-31 13:12:45.510000+00:00,68.0,1267,1006.3,0.0,9920,27.7,204.0,2.1
20.5,2025-08-31 13:13:45.505000+00:00,69.0,1267,1006.2,0.0,9920,27.5,193.0,2.4
20.6,2025-08-31 13:14:45.495000+00:00,69.0,1267,1006.3,0.0,9920,27.8,211.0,2.2
20.6,2025-08-31 13:15:45.506000+00:00,69.0,1267,1006.3,0.0,9920,27.7,177.0,2.3
20.6,2025-08-31 13:16:45.512000+00:00,69.0,1267,1006.2,0.0,9920,27.7,205.0,2.7
20.6,2025-08-31 13:17:45.497000+00:00,69.0,1267,1006.2,0.0,9920,27.7,205.0,2.7
20.6,2025-08-31 13:18:45.537000+00:00,69.0,1267,1006.3,0.0,9920,27.4,192.0,2.5
20.6,2025-08-31 13:19:45.487000+00:00,69.0,1267,1006.5,0.0,9920,27.3,190.0,1.8
20.5,2025-08-31 13:20:45.513000+00:00,70.0,1267,1006.4,0.0,9920,27.3,206.0,2.1
20.5,2025-08-31 13:21:45.544000+00:00,70.0,1267,1006.4,0.0,9920,27.3,166.0,1.9
20.5,2025-08-31 13:22:45.561000+00:00,70.0,1267,1006.5,0.0,9920,27.1,195.0,2.8
20.6,2025-08-31 13:23:45.560000+00:00,70.0,1267,1006.3,0.0,9920,27.1,215.0,2.2
20.6,2025-08-31 13:24:45.565000+00:00,69.0,1267,1006.3,0.0,9920,27.1,210.0,2.3
20.7,2025-08-31 13:25:45.563000+00:00,70.0,1267,1006.4,0.0,9920,27.2,208.0,2.3
20.7,2025-08-31 13:26:45.556000+00:00,69.0,1267,1006.4,0.0,9920,27.1,197.0,2.2
20.6,2025-08-31 13:27:45.588000+00:00,70.0,1267,1006.3,0.0,9920,26.7,193.0,2.3
20.6,2025-08-31 13:28:45.602000+00:00,70.0,1267,1006.4,0.0,9920,26.6,190.0,2.7
20.5,2025-08-31 13:29:45.619000+00:00,71.0,1267,1006.5,0.0,9920,26.6,204.0,3.2
20.4,2025-08-31 13:30:45.621000+00:00,71.0,1267,1006.5,0.0,9920,26.5,190.0,3.0
20.3,2025-08-31 13:31:45.630000+00:00,72.0,1267,1006.6,0.0,9920,25.9,191.0,3.0
20.3,2025-08-31 13:32:45.618000+00:00,73.0,1267,1006.5,0.0,9920,25.8,212.0,3.0
20.1,2025-08-31 13:33:45.635000+00:00,73.0,1267,1006.6,0.0,9920,25.9,222.0,3.4
20.0,2025-08-31 13:34:45.648000+00:00,71.0,1267,1006.6,0.0,9920,25.9,194.0,3.5
19.9,2025-08-31 13:35:45.638000+00:00,71.0,1267,1006.6,0.0,9920,25.8,193.0,3.2
19.8,2025-08-31 13:36:45.651000+00:00,71.0,1267,1006.5,0.0,9920,25.6,172.0,2.8
19.7,2025-08-31 13:37:45.665000+00:00,72.0,1267,1006.5,0.0,9920,25.7,199.0,3.6
19.6,2025-08-31 13:38:45.681000+00:00,72.0,1267,1006.4,0.0,9920,25.8,200.0,3.5
19.5,2025-08-31 13:39:45.695000+00:00,72.0,1267,1006.4,0.0,9920,25.6,199.0,3.6
19.5,2025-08-31 13:40:45.697000+00:00,72.0,1267,1006.3,0.0,9920,25.6,201.0,3.4
19.5,2025-08-31 13:41:45.694000+00:00,73.0,1267,1006.4,0.0,9920,25.8,207.0,3.9
19.5,2025-08-31 13:42:45.692000+00:00,73.0,1267,1006.4,0.0,9920,26.2,202.0,3.0
19.5,2025-08-31 13:43:45.712000+00:00,72.0,1267,1006.4,0.0,9920,26.2,187.0,3.0
19.6,2025-08-31 13:44:45.693000+00:00,72.0,1267,1006.4,0.0,9920,26.3,175.0,3.4
19.6,2025-08-31 13:45:45.706000+00:00,73.0,1267,1006.2,0.0,9920,26.7,185.0,3.3
19.6,2025-08-31 13:46:45.713000+00:00,73.0,1267,1006.2,0.0,9920,27.0,189.0,2.5
19.6,2025-08-31 13:47:45.691000+00:00,73.0,1267,1006.1,0.0,9920,27.1,172.0,2.8
19.7,2025-08-31 13:48:45.682000+00:00,74.0,1267,1006.0,0.0,9920,27.6,200.0,3.9
19.8,2025-08-31 13:49:45.742000+00:00,74.0,1267,1006.1,0.0,9920,28.4,170.0,3.4
19.8,2025-08-31 13:50:45.719000+00:00,73.0,1267,1006.0,0.0,9920,28.4,179.0,2.9
19.8,2025-08-31 13:51:45.727000+00:00,73.0,1267,1005.9,0.0,9920,28.0,170.0,3.2
19.8,2025-08-31 13:52:45.753000+00:00,73.0,1267,1005.9,0.0,9920,28.0,177.0,3.1
19.8,2025-08-31 13:53:45.759000+00:00,73.0,1267,1005.9,0.0,9920,28.0,189.0,2.4
19.8,2025-08-31 13:54:45.754000+00:00,73.0,1267,1005.8,0.0,9920,28.3,171.0,2.6
19.9,2025-08-31 13:55:45.756000+00:00,74.0,1267,1005.9,0.0,9920,28.8,190.0,2.8
19.8,2025-08-31 13:56:45.775000+00:00,73.0,1267,1005.9,0.0,9920,28.8,177.0,2.6
19.8,2025-08-31 13:57:45.729000+00:00,73.0,1267,1005.8,0.0,9920,28.5,192.0,2.9
19.8,2025-08-31 13:58:45.755000+00:00,73.0,1267,1005.9,0.0,9920,28.0,178.0,2.1
19.8,2025-08-31 13:59:45.789000+00:00,74.0,1267,1005.8,0.0,9920,28.0,192.0,2.1
19.8,2025-08-31 14:00:45.785000+00:00,74.0,1267,1005.8,0.0,9920,28.0,208.0,1.9
19.7,2025-08-31 14:01:45.787000+00:00,73.0,1267,1005.6,0.0,9920,28.0,172.0,2.1
19.6,2025-08-31 14:02:45.797000+00:00,74.0,1267,1005.8,0.0,9920,28.0,170.0,2.0
19.6,2025-08-31 14:03:45.788000+00:00,74.0,1267,1005.9,0.0,9920,28.0,187.0,2.0
19.5,2025-08-31 14:04:45.788000+00:00,74.0,1267,1005.9,0.0,9920,28.0,186.0,2.3
19.5,2025-08-31 14:05:45.776000+00:00,73.0,1267,1005.9,0.0,9920,27.9,182.0,2.5
19.5,2025-08-31 14:06:45.797000+00:00,73.0,1267,1006.0,0.0,9920,27.8,205.0,2.0
19.6,2025-08-31 14:07:45.777000+00:00,73.0,1267,1005.9,0.0,9920,28.0,178.0,2.7
19.6,2025-08-31 14:08:45.772000+00:00,72.0,1267,1005.8,0.0,9920,28.2,152.0,1.5
19.7,2025-08-31 14:09:45.791000+00:00,72.0,1267,1006.0,0.0,9920,28.3,217.0,2.2
19.7,2025-08-31 14:10:45.797000+00:00,72.0,1267,1005.9,0.0,9920,28.4,205.0,2.5
19.8,2025-08-31 14:11:45.809000+00:00,73.0,1267,1005.9,0.0,9920,28.4,165.0,2.1
19.8,2025-08-31 14:12:45.803000+00:00,73.0,1267,1005.9,0.0,9920,28.4,182.0,2.1
19.8,2025-08-31 14:13:45.798000+00:00,73.0,1267,1005.9,0.0,9920,28.5,199.0,2.0
19.8,2025-08-31 14:14:45.795000+00:00,73.0,1267,1005.8,0.0,9920,28.5,172.0,2.2
19.8,2025-08-31 14:15:45.805000+00:00,73.0,1267,1005.8,0.0,9920,28.8,162.0,2.7
19.8,2025-08-31 14:16:45.788000+00:00,74.0,1267,1005.7,0.0,9920,29.0,176.0,1.3
19.7,2025-08-31 14:17:45.795000+00:00,74.0,1267,1005.9,0.0,9920,29.0,252.0,1.9
19.8,2025-08-31 14:18:45.807000+00:00,73.0,1267,1005.8,0.0,9920,28.9,261.0,1.0
19.8,2025-08-31 14:19:45.793000+00:00,73.0,1267,1005.9,0.0,9920,28.9,54.0,0.9
19.7,2025-08-31 14:20:45.805000+00:00,73.0,1267,1005.9,0.0,9920,29.3,156.0,1.5
19.7,2025-08-31 14:21:45.805000+00:00,73.0,1267,1005.9,0.0,9920,29.1,127.0,1.0
19.7,2025-08-31 14:22:45.806000+00:00,73.0,1267,1006.0,0.0,9920,29.0,176.0,1.3
19.6,2025-08-31 14:23:45.805000+00:00,73.0,1267,1006.0,0.0,9920,28.5,187.0,2.2
19.7,2025-08-31 14:24:45.813000+00:00,74.0,1267,1006.0,0.0,9920,28.3,189.0,2.0
19.6,2025-08-31 14:25:45.807000+00:00,73.0,1267,1006.0,0.0,9920,28.0,203.0,2.3
19.7,2025-08-31 14:26:45.796000+00:00,74.0,1267,1006.0,0.0,9920,27.4,173.0,2.1
19.6,2025-08-31 14:27:45.798000+00:00,75.0,1267,1006.0,0.0,9920,27.9,199.0,1.9
19.6,2025-08-31 14:28:45.796000+00:00,75.0,1267,1006.0,0.0,9920,27.9,213.0,2.0
19.6,2025-08-31 14:29:45.808000+00:00,75.0,1267,1006.0,0.0,9920,27.9,189.0,1.7
19.5,2025-08-31 14:30:45.812000+00:00,74.0,1267,1006.0,0.0,9920,27.7,176.0,1.7
19.5,2025-08-31 14:31:45.815000+00:00,74.0,1267,1006.1,0.0,9920,27.7,214.0,2.4
19.5,2025-08-31 14:32:45.810000+00:00,75.0,1267,1006.0,0.0,9920,27.9,184.0,1.6
19.5,2025-08-31 14:33:45.810000+00:00,74.0,1267,1006.1,0.0,9920,28.0,155.0,1.7
19.4,2025-08-31 14:34:45.816000+00:00,75.0,1267,1006.0,0.0,9920,28.0,189.0,1.6
19.4,2025-08-31 14:35:45.815000+00:00,75.0,1267,1006.0,0.0,9920,28.0,189.0,1.6
19.4,2025-08-31 14:36:45.835000+00:00,74.0,1267,1006.0,0.0,9920,28.0,179.0,1.3
19.5,2025-08-31 14:37:45.832000+00:00,74.0,1267,1006.0,0.0,9920,28.0,170.0,1.2
19.5,2025-08-31 14:38:45.815000+00:00,74.0,1267,1006.1,0.0,9920,27.6,152.0,1.2
19.4,2025-08-31 14:39:45.853000+00:00,75.0,1267,1006.0,0.0,9920,27.6,208.0,1.5
19.4,2025-08-31 14:40:45.854000+00:00,74.0,1267,1006.0,0.0,9920,27.7,187.0,1.8
19.4,2025-08-31 14:41:45.863000+00:00,74.0,1267,1006.0,0.0,9920,27.7,220.0,1.4
19.4,2025-08-31 14:42:45.887000+00:00,73.0,1267,1006.0,0.0,9920,27.6,102.0,1.8
19.5,2025-08-31 14:43:45.886000+00:00,74.0,1267,1005.9,0.0,9920,27.6,159.0,1.2
19.6,2025-08-31 14:44:45.914000+00:00,73.0,1267,1005.8,0.0,9920,28.1,169.0,1.1
19.6,2025-08-31 14:45:45.929000+00:00,73.0,1267,1005.8,0.0,9920,28.5,156.0,0.8
26.0,2025-09-07 12:06:03.272000+00:00,44.0,1268,997.5,0.0,9912,43.5,263.0,2.5
26.1,2025-09-07 12:07:03.241000+00:00,44.0,1268,997.4,0.0,9912,43.6,246.0,1.6
26.1,2025-09-07 12:08:03.257000+00:00,45.0,1268,997.3,0.0,9912,43.7,210.0,1.5
26.1,2025-09-07 12:09:03.257000+00:00,45.0,1268,997.4,0.0,9912,43.7,202.0,1.5
26.0,2025-09-07 12:10:03.267000+00:00,43.0,1268,997.4,0.0,9912,43.7,182.0,1.7
26.0,2025-09-07 12:11:03.258000+00:00,44.0,1268,997.4,0.0,9912,43.9,239.0,1.2
25.9,2025-09-07 12:12:03.263000+00:00,45.0,1268,997.5,0.0,9912,43.9,302.0,1.6
26.0,2025-09-07 12:13:03.263000+00:00,44.0,1268,997.4,0.0,9912,43.9,97.0,0.9
26.1,2025-09-07 12:14:03.276000+00:00,43.0,1268,997.3,0.0,9912,43.6,196.0,0.5
26.1,2025-09-07 12:15:03.291000+00:00,44.0,1268,997.3,0.0,9912,43.3,255.0,0.8
26.1,2025-09-07 12:16:03.320000+00:00,43.0,1268,997.2,0.0,9912,43.6,0.0,0.4
26.1,2025-09-07 12:17:03.314000+00:00,43.0,1268,997.2,0.0,9912,43.7,101.0,0.0
26.0,2025-09-07 12:18:03.311000+00:00,44.0,1268,997.3,0.0,9912,44.4,151.0,0.9
26.1,2025-09-07 12:19:03.323000+00:00,43.0,1268,997.2,0.0,9912,44.9,108.0,2.0
26.1,2025-09-07 12:20:03.312000+00:00,44.0,1268,997.3,0.0,9912,44.9,177.0,1.0
26.1,2025-09-07 12:21:03.308000+00:00,44.0,1268,997.2,0.0,9912,44.8,211.0,1.5
26.3,2025-09-07 12:22:03.307000+00:00,44.0,1268,997.1,0.0,9912,44.8,244.0,1.1
26.3,2025-09-07 12:23:03.321000+00:00,44.0,1268,997.2,0.0,9912,44.3,0.0,0.9
26.3,2025-09-07 12:24:03.368000+00:00,43.0,1268,997.2,0.0,9912,44.0,205.0,1.3
26.4,2025-09-07 12:25:03.368000+00:00,44.0,1268,997.2,0.0,9912,44.1,199.0,1.9
26.4,2025-09-07 12:26:03.374000+00:00,43.0,1268,997.2,0.0,9912,44.1,190.0,2.3
26.5,2025-09-07 12:27:03.381000+00:00,43.0,1268,997.1,0.0,9912,44.3,239.0,1.5
26.5,2025-09-07 12:28:03.381000+00:00,43.0,1268,997.1,0.0,9912,44.4,258.0,0.8
26.5,2025-09-07 12:29:03.374000+00:00,43.0,1268,997.1,0.0,9912,44.4,161.0,1.7
26.6,2025-09-07 12:30:03.394000+00:00,43.0,1268,997.0,0.0,9912,44.7,219.0,0.6
26.5,2025-09-07 12:31:03.397000+00:00,43.0,1268,997.1,0.0,9912,45.0,189.0,0.8
26.6,2025-09-07 12:32:03.397000+00:00,43.0,1268,997.0,0.0,9912,45.5,205.0,2.3
26.6,2025-09-07 12:33:03.403000+00:00,42.0,1268,997.0,0.0,9912,45.8,164.0,2.7
26.5,2025-09-07 12:34:03.397000+00:00,43.0,1268,997.1,0.0,9912,45.8,166.0,2.0
26.5,2025-09-07 12:35:03.397000+00:00,43.0,1268,997.0,0.0,9912,45.6,175.0,2.4
26.5,2025-09-07 12:36:03.398000+00:00,44.0,1268,997.0,0.0,9912,45.2,163.0,2.2
26.5,2025-09-07 12:37:03.398000+00:00,45.0,1268,997.0,0.0,9912,45.6,172.0,2.1
26.5,2025-09-07 12:38:03.398000+00:00,43.0,1268,997.1,0.0,9912,45.6,153.0,2.3
26.7,2025-09-07 12:39:03.415000+00:00,44.0,1268,996.9,0.0,9912,45.7,179.0,1.9
26.7,2025-09-07 12:40:03.405000+00:00,43.0,1268,997.0,0.0,9912,45.9,208.0,2.2
26.6,2025-09-07 12:41:03.406000+00:00,42.0,1268,997.0,0.0,9912,45.9,168.0,2.5
26.6,2025-09-07 12:42:03.425000+00:00,43.0,1268,996.9,0.0,9912,45.8,192.0,2.0
26.6,2025-09-07 12:43:03.451000+00:00,42.0,1268,996.9,0.0,9912,45.6,211.0,1.9
26.6,2025-09-07 12:44:03.403000+00:00,43.0,1268,996.9,0.0,9912,45.8,160.0,1.1
26.5,2025-09-07 12:45:03.418000+00:00,44.0,1268,997.0,0.0,9912,45.8,167.0,1.3
26.5,2025-09-07 12:46:03.424000+00:00,43.0,1268,997.0,0.0,9912,45.8,122.0,1.7
26.5,2025-09-07 12:47:03.416000+00:00,43.0,1268,997.0,0.0,9912,45.3,176.0,0.8
26.5,2025-09-07 12:48:03.416000+00:00,45.0,1268,996.9,0.0,9912,45.3,131.0,1.9
26.4,2025-09-07 12:49:03.407000+00:00,43.0,1268,996.9,0.0,9912,44.2,209.0,2.0
26.4,2025-09-07 12:50:03.417000+00:00,44.0,1268,996.8,0.0,9912,43.9,92.0,2.0
26.4,2025-09-07 12:51:03.407000+00:00,45.0,1268,996.8,0.0,9912,43.6,82.0,1.4
26.3,2025-09-07 12:52:03.411000+00:00,45.0,1268,996.9,0.0,9912,43.9,87.0,1.2
26.3,2025-09-07 12:53:03.411000+00:00,45.0,1268,996.9,0.0,9912,43.9,200.0,1.5
26.3,2025-09-07 12:54:03.411000+00:00,45.0,1268,996.9,0.0,9912,43.9,188.0,1.3
26.3,2025-09-07 12:55:03.424000+00:00,45.0,1268,996.9,0.0,9912,44.1,237.0,1.5
26.4,2025-09-07 12:56:03.408000+00:00,45.0,1268,996.9,0.0,9912,44.1,237.0,1.5
26.5,2025-09-07 12:57:03.424000+00:00,42.0,1268,996.9,0.0,9912,43.7,336.0,0.6
26.6,2025-09-07 12:58:03.407000+00:00,43.0,1268,997.0,0.0,9912,43.7,284.0,1.2
26.6,2025-09-07 12:59:03.422000+00:00,42.0,1268,996.9,0.0,9912,44.2,40.0,0.7
26.6,2025-09-07 13:00:03.418000+00:00,41.0,1268,996.8,0.0,9912,44.2,8.0,0.6
26.6,2025-09-07 13:01:03.418000+00:00,42.0,1268,996.8,0.0,9912,44.3,331.0,0.7
26.6,2025-09-07 13:02:03.436000+00:00,42.0,1268,996.8,0.0,9912,44.1,5.0,0.9
26.8,2025-09-07 13:03:03.446000+00:00,42.0,1268,996.8,0.0,9912,43.8,214.0,0.4
26.6,2025-09-07 13:04:03.433000+00:00,42.0,1268,996.9,0.0,9912,43.7,325.0,0.6
26.6,2025-09-07 13:05:03.446000+00:00,43.0,1268,996.8,0.0,9912,44.2,310.0,1.8
26.7,2025-09-07 13:06:03.460000+00:00,42.0,1268,996.8,0.0,9912,44.4,321.0,1.3
26.6,2025-09-07 13:07:03.459000+00:00,42.0,1268,996.8,0.0,9912,44.5,210.0,1.4
26.6,2025-09-07 13:08:03.476000+00:00,43.0,1268,996.9,0.0,9912,44.5,179.0,1.4
26.6,2025-09-07 13:09:03.466000+00:00,43.0,1268,996.9,0.0,9912,44.4,198.0,2.6
26.6,2025-09-07 13:10:03.478000+00:00,41.0,1268,996.8,0.0,9912,44.1,254.0,1.8
26.6,2025-09-07 13:11:03.477000+00:00,43.0,1268,996.6,0.0,9912,44.2,186.0,1.8
26.6,2025-09-07 13:12:03.492000+00:00,43.0,1268,996.6,0.0,9912,44.2,186.0,1.8
26.7,2025-09-07 13:13:03.485000+00:00,43.0,1268,996.6,0.0,9912,44.2,186.0,1.8
26.7,2025-09-07 13:14:03.503000+00:00,41.0,1268,996.7,0.0,9912,44.4,201.0,3.6
26.8,2025-09-07 13:15:03.524000+00:00,42.0,1268,996.9,0.0,9912,44.4,174.0,3.0
26.8,2025-09-07 13:16:03.525000+00:00,44.0,1268,996.9,0.0,9912,44.3,177.0,2.8
26.9,2025-09-07 13:17:03.545000+00:00,42.0,1268,996.8,0.0,9912,44.3,211.0,2.4
27.0,2025-09-07 13:18:03.571000+00:00,43.0,1268,996.8,0.0,9912,44.3,226.0,1.6
27.0,2025-09-07 13:19:03.556000+00:00,43.0,1268,996.8,0.0,9912,43.9,204.0,2.5
27.1,2025-09-07 13:20:03.562000+00:00,41.0,1268,996.8,0.0,9912,44.2,194.0,2.1
27.2,2025-09-07 13:21:03.539000+00:00,41.0,1268,996.8,0.0,9912,44.7,198.0,3.1
27.1,2025-09-07 13:22:03.554000+00:00,41.0,1268,996.7,0.0,9912,44.6,194.0,4.0
27.1,2025-09-07 13:23:03.570000+00:00,41.0,1268,996.9,0.0,9912,43.9,195.0,2.9
27.1,2025-09-07 13:24:03.570000+00:00,42.0,1268,996.9,0.0,9912,44.0,204.0,2.6
27.0,2025-09-07 13:25:03.569000+00:00,41.0,1268,996.7,0.0,9912,44.2,190.0,3.6
27.0,2025-09-07 13:26:03.558000+00:00,41.0,1268,996.7,0.0,9912,44.0,188.0,3.1
27.0,2025-09-07 13:27:03.558000+00:00,43.0,1268,996.8,0.0,9912,43.8,171.0,3.0
27.0,2025-09-07 13:28:03.575000+00:00,42.0,1268,996.7,0.0,9912,44.1,205.0,3.6
27.0,2025-09-07 13:29:03.558000+00:00,43.0,1268,996.7,0.0,9912,44.1,192.0,3.8
27.2,2025-09-07 13:30:03.574000+00:00,42.0,1268,996.7,0.0,9912,43.9,171.0,3.0
27.3,2025-09-07 13:31:03.570000+00:00,42.0,1268,996.7,0.0,9912,43.4,147.0,3.9
27.2,2025-09-07 13:32:03.578000+00:00,41.0,1268,996.6,0.0,9912,43.4,192.0,3.7
27.2,2025-09-07 13:33:03.573000+00:00,41.0,1268,996.6,0.0,9912,43.4,206.0,2.1
27.2,2025-09-07 13:34:03.572000+00:00,41.0,1268,996.6,0.0,9912,43.3,220.0,3.2
27.2,2025-09-07 13:35:03.574000+00:00,44.0,1268,996.6,0.0,9912,43.3,179.0,2.3
27.1,2025-09-07 13:36:03.565000+00:00,41.0,1268,996.7,0.0,9912,42.5,175.0,2.6
27.1,2025-09-07 13:37:03.575000+00:00,42.0,1268,996.6,0.0,9912,42.2,153.0,2.3
27.0,2025-09-07 13:38:03.575000+00:00,43.0,1268,996.7,0.0,9912,42.3,195.0,2.1
27.0,2025-09-07 13:39:03.591000+00:00,43.0,1268,996.6,0.0,9912,42.8,189.0,3.1
27.0,2025-09-07 13:40:03.577000+00:00,43.0,1268,996.6,0.0,9912,42.9,175.0,2.8
27.0,2025-09-07 13:41:03.586000+00:00,43.0,1268,996.6,0.0,9912,43.2,181.0,1.9
26.9,2025-09-07 13:42:03.586000+00:00,40.0,1268,996.6,0.0,9912,43.2,193.0,2.6
26.9,2025-09-07 13:43:03.613000+00:00,40.0,1268,996.6,0.0,9912,43.2,165.0,2.0
27.1,2025-09-07 13:44:03.611000+00:00,41.0,1268,996.6,0.0,9912,43.0,211.0,2.2
27.3,2025-09-07 13:45:03.630000+00:00,40.0,1268,996.5,0.0,9912,43.0,193.0,2.9
27.4,2025-09-07 13:46:03.637000+00:00,40.0,1268,996.5,0.0,9912,42.7,180.0,2.5
27.4,2025-09-07 13:47:03.646000+00:00,41.0,1268,996.6,0.0,9912,42.7,199.0,1.9
27.3,2025-09-07 13:48:03.663000+00:00,41.0,1268,996.7,0.0,9912,42.7,208.0,3.0
27.2,2025-09-07 13:49:03.690000+00:00,41.0,1268,996.6,0.0,9912,42.6,178.0,1.8
27.2,2025-09-07 13:50:03.732000+00:00,40.0,1268,996.6,0.0,9912,42.0,201.0,2.4
27.2,2025-09-07 13:51:03.712000+00:00,40.0,1268,996.6,0.0,9912,41.7,213.0,2.3
27.2,2025-09-07 13:52:03.712000+00:00,40.0,1268,996.5,0.0,9912,41.2,171.0,1.6
27.0,2025-09-07 13:53:03.709000+00:00,41.0,1268,996.5,0.0,9912,41.2,192.0,2.2
27.0,2025-09-07 13:54:03.719000+00:00,42.0,1268,996.6,0.0,9912,41.2,191.0,2.9
26.9,2025-09-07 13:55:03.710000+00:00,42.0,1268,996.5,0.0,9912,41.2,193.0,2.5
26.9,2025-09-07 13:56:03.712000+00:00,42.0,1268,996.4,0.0,9912,41.2,198.0,3.0
27.0,2025-09-07 13:57:03.711000+00:00,43.0,1268,996.5,0.0,9912,41.4,203.0,2.2
27.1,2025-09-07 13:58:03.717000+00:00,42.0,1268,996.4,0.0,9912,41.4,176.0,2.1
27.1,2025-09-07 13:59:03.721000+00:00,42.0,1268,996.4,0.0,9912,41.3,185.0,3.9
27.2,2025-09-07 14:00:03.726000+00:00,42.0,1268,996.4,0.0,9912,41.3,191.0,3.1
27.1,2025-09-07 14:01:03.728000+00:00,41.0,1268,996.5,0.0,9912,41.0,189.0,2.6
27.0,2025-09-07 14:02:03.718000+00:00,43.0,1268,996.4,0.0,9912,40.8,181.0,2.7
27.1,2025-09-07 14:03:03.709000+00:00,41.0,1268,996.4,0.0,9912,40.4,182.0,3.5
27.1,2025-09-07 14:04:03.731000+00:00,40.0,1268,996.4,0.0,9912,40.4,184.0,3.7
27.0,2025-09-07 14:05:03.729000+00:00,41.0,1268,996.4,0.0,9912,40.5,209.0,2.3
27.0,2025-09-07 14:06:03.722000+00:00,41.0,1268,996.3,0.0,9912,40.6,195.0,2.5
27.0,2025-09-07 14:07:03.723000+00:00,40.0,1268,996.4,0.0,9912,40.6,197.0,2.2
27.1,2025-09-07 14:08:03.723000+00:00,42.0,1268,996.4,0.0,9912,41.1,171.0,2.4
27.2,2025-09-07 14:09:03.733000+00:00,41.0,1268,996.3,0.0,9912,41.1,167.0,2.2
27.1,2025-09-07 14:10:03.728000+00:00,42.0,1268,996.4,0.0,9912,40.8,193.0,1.3
27.1,2025-09-07 14:11:03.720000+00:00,43.0,1268,996.3,0.0,9912,40.8,172.0,1.2
27.1,2025-09-07 14:12:03.734000+00:00,44.0,1268,996.4,0.0,9912,40.9,184.0,2.1
27.2,2025-09-07 14:13:03.727000+00:00,43.0,1268,996.3,0.0,9912,40.8,194.0,2.9
27.2,2025-09-07 14:14:03.717000+00:00,42.0,1268,996.3,0.0,9912,40.7,203.0,2.7
27.3,2025-09-07 14:15:03.716000+00:00,43.0,1268,996.2,0.0,9912,40.7,161.0,1.9
27.4,2025-09-07 14:16:03.721000+00:00,42.0,1268,996.2,0.0,9912,40.3,134.0,1.5
27.4,2025-09-07 14:17:03.732000+00:00,42.0,1268,996.2,0.0,9912,40.2,177.0,1.9
27.3,2025-09-07 14:18:03.733000+00:00,41.0,1268,996.2,0.0,9912,40.0,171.0,2.0
27.3,2025-09-07 14:19:03.721000+00:00,42.0,1268,996.2,0.0,9912,39.8,175.0,1.4
27.0,2025-09-07 14:20:03.719000+00:00,43.0,1268,996.2,0.0,9912,39.8,106.0,1.6
27.0,2025-09-07 14:21:03.747000+00:00,44.0,1268,996.1,0.0,9912,39.8,153.0,1.0
26.8,2025-09-07 14:22:03.758000+00:00,43.0,1268,996.2,0.0,9912,40.3,145.0,1.7
26.8,2025-09-07 14:23:03.777000+00:00,44.0,1268,996.2,0.0,9912,40.5,103.0,1.6
26.9,2025-09-07 14:24:03.787000+00:00,44.0,1268,996.2,0.0,9912,42.4,166.0,1.0
26.9,2025-09-07 14:25:03.794000+00:00,44.0,1268,996.2,0.0,9912,42.4,166.0,1.0
26.9,2025-09-07 14:26:03.802000+00:00,44.0,1268,996.2,0.0,9912,42.4,166.0,1.0
26.9,2025-09-07 14:27:03.793000+00:00,44.0,1268,996.2,0.0,9912,42.4,166.0,1.0
26.9,2025-09-07 14:28:03.802000+00:00,44.0,1268,996.2,0.0,9912,42.4,166.0,1.0
26.9,2025-09-07 14:29:03.802000+00:00,44.0,1268,996.2,0.0,9912,42.4,166.0,1.0
20.4,2025-09-21 10:06:49.413000+00:00,60.0,1269,1019.8,0.0,9904,27.3,69.0,1.0
20.4,2025-09-21 10:07:49.402000+00:00,61.0,1269,1019.8,0.0,9904,27.3,10.0,1.4
20.4,2025-09-21 10:08:49.414000+00:00,61.0,1269,1019.8,0.0,9904,27.3,255.0,0.7
20.5,2025-09-21 10:09:49.402000+00:00,61.0,1269,1020.2,0.0,9904,27.4,355.0,1.6
20.5,2025-09-21 10:10:49.401000+00:00,60.0,1269,1019.8,0.0,9904,27.2,65.0,1.6
20.5,2025-09-21 10:11:49.409000+00:00,60.0,1269,1020.0,0.0,9904,27.0,2.0,1.1
20.4,2025-09-21 10:12:49.405000+00:00,61.0,1269,1020.0,0.0,9904,27.0,69.0,1.2
20.5,2025-09-21 10:13:49.405000+00:00,60.0,1269,1020.0,0.0,9904,27.0,32.0,2.1
20.5,2025-09-21 10:14:49.400000+00:00,60.0,1269,1020.0,0.0,9904,27.0,128.0,1.5
20.5,2025-09-21 10:15:49.401000+00:00,60.0,1269,1020.0,0.0,9904,27.3,136.0,1.2
20.5,2025-09-21 10:16:49.419000+00:00,60.0,1269,1020.2,0.0,9904,27.3,0.0,1.4
20.5,2025-09-21 10:17:49.418000+00:00,59.0,1269,1020.1,0.0,9904,27.4,51.0,0.8
20.5,2025-09-21 10:18:49.417000+00:00,60.0,1269,1020.1,0.0,9904,27.4,190.0,1.5
20.5,2025-09-21 10:19:49.411000+00:00,61.0,1269,1020.0,0.0,9904,27.0,351.0,1.9
20.5,2025-09-21 10:20:49.411000+00:00,61.0,1269,1020.2,0.0,9904,27.7,83.0,1.7
20.5,2025-09-21 10:21:49.409000+00:00,61.0,1269,1020.1,0.0,9904,27.2,105.0,1.0
20.5,2025-09-21 10:22:49.471000+00:00,61.0,1269,1020.1,0.0,9904,27.2,105.0,1.0
20.5,2025-09-21 10:23:49.420000+00:00,60.0,1269,1019.9,0.0,9904,27.8,15.0,1.2
20.6,2025-09-21 10:24:49.413000+00:00,60.0,1269,1020.0,0.0,9904,27.8,0.0,1.0
20.7,2025-09-21 10:25:49.417000+00:00,58.0,1269,1020.1,0.0,9904,27.7,13.0,1.2
20.7,2025-09-21 10:26:49.429000+00:00,59.0,1269,1020.1,0.0,9904,27.7,83.0,2.0
20.7,2025-09-21 10:27:49.425000+00:00,59.0,1269,1020.2,0.0,9904,27.7,38.0,1.7
20.7,2025-09-21 10:28:49.431000+00:00,60.0,1269,1020.1,0.0,9904,27.7,158.0,2.5
20.8,2025-09-21 10:29:49.427000+00:00,59.0,1269,1020.1,0.0,9904,28.4,98.0,1.6
20.9,2025-09-21 10:30:49.422000+00:00,59.0,1269,1020.2,0.0,9904,28.7,77.0,1.6
20.9,2025-09-21 10:31:49.432000+00:00,58.0,1269,1020.2,0.0,9904,28.7,124.0,1.3
21.0,2025-09-21 10:32:49.481000+00:00,58.0,1269,1020.2,0.0,9904,28.9,240.0,1.4
21.0,2025-09-21 10:33:49.424000+00:00,57.0,1269,1020.4,0.0,9904,29.0,177.0,1.2
21.1,2025-09-21 10:34:49.422000+00:00,57.0,1269,1020.3,0.0,9904,28.9,168.0,1.8
21.0,2025-09-21 10:35:49.425000+00:00,57.0,1269,1020.3,0.0,9904,28.8,104.0,1.8
21.0,2025-09-21 10:36:49.424000+00:00,57.0,1269,1020.4,0.0,9904,28.6,239.0,1.6
21.0,2025-09-21 10:37:49.430000+00:00,57.0,1269,1020.3,0.0,9904,28.4,0.0,0.9
21.0,2025-09-21 10:38:49.447000+00:00,58.0,1269,1020.5,0.0,9904,28.3,138.0,2.3
20.9,2025-09-21 10:39:49.443000+00:00,58.0,1269,1020.4,0.0,9904,28.3,79.0,1.8
21.0,2025-09-21 10:40:49.447000+00:00,59.0,1269,1020.4,0.0,9904,28.5,60.0,1.2
20.9,2025-09-21 10:41:49.469000+00:00,59.0,1269,1020.5,0.0,9904,28.5,42.0,1.2
20.9,2025-09-21 10:42:49.482000+00:00,60.0,1269,1020.4,0.0,9904,27.8,84.0,2.3
20.8,2025-09-21 10:43:49.492000+00:00,60.0,1269,1020.4,0.0,9904,27.7,343.0,2.7
20.8,2025-09-21 10:44:49.483000+00:00,61.0,1269,1020.7,0.0,9904,27.8,103.0,1.2
20.8,2025-09-21 10:45:49.483000+00:00,60.0,1269,1020.5,0.0,9904,27.8,180.0,1.4
20.7,2025-09-21 10:46:49.483000+00:00,60.0,1269,1020.7,0.0,9904,27.9,43.0,0.8
20.6,2025-09-21 10:47:49.493000+00:00,59.0,1269,1020.7,0.0,9904,27.9,102.0,2.1
20.7,2025-09-21 10:48:49.503000+00:00,58.0,1269,1020.5,0.0,9904,28.0,32.0,1.3
20.7,2025-09-21 10:49:49.513000+00:00,59.0,1269,1020.6,0.0,9904,27.9,29.0,2.1
20.6,2025-09-21 10:50:49.528000+00:00,59.0,1269,1020.8,0.0,9904,27.8,166.0,1.4
20.7,2025-09-21 10:51:49.529000+00:00,60.0,1269,1020.8,0.0,9904,27.8,169.0,1.5
20.6,2025-09-21 10:52:49.536000+00:00,60.0,1269,1020.8,0.0,9904,27.8,196.0,1.4
20.7,2025-09-21 10:53:49.543000+00:00,60.0,1269,1020.7,0.0,9904,28.1,63.0,1.6
20.7,2025-09-21 10:54:49.563000+00:00,60.0,1269,1020.9,0.0,9904,28.2,162.0,0.9
20.7,2025-09-21 10:55:49.564000+00:00,61.0,1269,1020.9,0.0,9904,27.4,217.0,0.9
20.7,2025-09-21 10:56:49.562000+00:00,60.0,1269,1020.9,0.0,9904,27.4,0.0,0.6
20.7,2025-09-21 10:57:49.557000+00:00,61.0,1269,1020.9,0.0,9904,27.3,151.0,1.1
20.6,2025-09-21 10:58:49.583000+00:00,60.0,1269,1020.9,0.0,9904,27.1,18.0,1.4
20.6,2025-09-21 10:59:49.577000+00:00,60.0,1269,1021.1,0.0,9904,26.9,136.0,1.8
20.6,2025-09-21 11:00:49.576000+00:00,60.0,1269,1020.8,0.0,9904,26.8,313.0,1.9
20.6,2025-09-21 11:01:49.644000+00:00,60.0,1269,1020.9,0.0,9904,26.8,134.0,1.2
20.5,2025-09-21 11:02:49.592000+00:00,60.0,1269,1021.0,0.0,9904,26.7,27.0,1.5
20.5,2025-09-21 11:03:49.603000+00:00,60.0,1269,1020.8,0.0,9904,26.6,241.0,2.0
20.5,2025-09-21 11:04:49.624000+00:00,61.0,1269,1021.0,0.0,9904,26.6,91.0,1.8
20.5,2025-09-21 11:05:49.617000+00:00,60.0,1269,1021.0,0.0,9904,26.6,297.0,1.4
20.6,2025-09-21 11:06:49.633000+00:00,60.0,1269,1020.9,0.0,9904,26.5,226.0,2.0
20.6,2025-09-21 11:07:49.621000+00:00,60.0,1269,1021.1,0.0,9904,26.4,231.0,2.2
20.6,2025-09-21 11:08:49.618000+00:00,60.0,1269,1021.0,0.0,9904,26.4,206.0,2.9
20.6,2025-09-21 11:09:49.636000+00:00,60.0,1269,1021.0,0.0,9904,26.3,202.0,2.0
20.6,2025-09-21 11:10:49.708000+00:00,60.0,1269,1021.1,0.0,9904,26.3,289.0,2.6
20.5,2025-09-21 11:11:49.670000+00:00,60.0,1269,1021.1,0.0,9904,25.9,69.0,2.1
20.5,2025-09-21 11:12:49.671000+00:00,60.0,1269,1021.2,0.0,9904,25.9,0.0,1.5
20.5,2025-09-21 11:13:49.670000+00:00,60.0,1269,1021.3,0.0,9904,25.9,189.0,0.9
20.5,2025-09-21 11:14:49.678000+00:00,60.0,1269,1021.3,0.0,9904,25.9,204.0,1.1
20.5,2025-09-21 11:15:49.694000+00:00,60.0,1269,1021.3,0.0,9904,26.1,258.0,1.8
20.5,2025-09-21 11:16:49.695000+00:00,60.0,1269,1021.3,0.0,9904,26.1,39.0,1.2
20.4,2025-09-21 11:17:49.699000+00:00,60.0,1269,1021.4,0.0,9904,26.0,241.0,1.3
20.5,2025-09-21 11:18:49.704000+00:00,60.0,1269,1021.4,0.0,9904,25.9,105.0,1.4
20.5,2025-09-21 11:19:49.714000+00:00,60.0,1269,1021.6,0.0,9904,25.9,268.0,1.7
20.5,2025-09-21 11:20:49.715000+00:00,60.0,1269,1021.5,0.0,9904,25.9,251.0,1.7
20.5,2025-09-21 11:21:49.715000+00:00,60.0,1269,1021.5,0.0,9904,26.0,227.0,1.9
20.5,2025-09-21 11:22:49.707000+00:00,60.0,1269,1021.5,0.0,9904,25.6,177.0,2.2
20.5,2025-09-21 11:23:49.709000+00:00,60.0,1269,1021.5,0.0,9904,25.5,223.0,1.3
20.5,2025-09-21 11:24:49.723000+00:00,61.0,1269,1021.4,0.0,9904,25.7,27.0,1.4
20.5,2025-09-21 11:25:49.716000+00:00,61.0,1269,1021.3,0.0,9904,25.6,0.0,1.9
20.5,2025-09-21 11:26:49.717000+00:00,60.0,1269,1021.3,0.0,9904,25.7,116.0,1.0
20.5,2025-09-21 11:27:49.717000+00:00,60.0,1269,1021.6,0.0,9904,25.6,46.0,2.2
20.5,2025-09-21 11:28:49.724000+00:00,61.0,1269,1021.4,0.0,9904,25.5,200.0,1.6
20.5,2025-09-21 11:29:49.725000+00:00,60.0,1269,1021.4,0.0,9904,25.5,273.0,1.7
20.5,2025-09-21 11:30:49.722000+00:00,60.0,1269,1021.5,0.0,9904,25.5,192.0,1.8
20.5,2025-09-21 11:31:49.728000+00:00,60.0,1269,1021.5,0.0,9904,25.4,215.0,1.5
20.5,2025-09-21 11:32:49.710000+00:00,60.0,1269,1021.5,0.0,9904,25.3,8.0,0.8
20.5,2025-09-21 11:33:49.718000+00:00,60.0,1269,1021.6,0.0,9904,25.3,245.0,1.3
20.5,2025-09-21 11:34:49.726000+00:00,60.0,1269,1021.6,0.0,9904,25.2,264.0,2.2
20.5,2025-09-21 11:35:49.719000+00:00,60.0,1269,1021.8,0.0,9904,25.1,129.0,1.0
20.5,2025-09-21 11:36:49.720000+00:00,60.0,1269,1021.6,0.0,9904,25.0,144.0,1.3
20.5,2025-09-21 11:37:49.727000+00:00,60.0,1269,1021.5,0.0,9904,25.1,122.0,1.0
20.5,2025-09-21 11:38:49.721000+00:00,60.0,1269,1021.6,0.0,9904,25.0,52.0,1.1
20.5,2025-09-21 11:39:49.735000+00:00,59.0,1269,1021.5,0.0,9904,25.2,107.0,1.1
20.5,2025-09-21 11:40:49.728000+00:00,59.0,1269,1021.7,0.0,9904,25.2,9.0,1.8
20.5,2025-09-21 11:41:49.739000+00:00,60.0,1269,1021.5,0.0,9904,25.1,80.0,0.6
20.5,2025-09-21 11:42:49.736000+00:00,60.0,1269,1021.6,0.0,9904,24.8,173.0,2.4
20.5,2025-09-21 11:43:49.732000+00:00,60.0,1269,1021.6,0.0,9904,24.8,115.0,0.7
20.5,2025-09-21 11:44:49.742000+00:00,60.0,1269,1021.6,0.0,9904,25.3,223.0,0.8
20.5,2025-09-21 11:45:49.745000+00:00,60.0,1269,1021.7,0.0,9904,25.3,85.0,1.6
20.5,2025-09-21 11:46:49.767000+00:00,60.0,1269,1021.8,0.0,9904,25.3,311.0,1.7
20.4,2025-09-21 11:47:49.792000+00:00,61.0,1269,1021.6,0.0,9904,24.9,213.0,1.4
20.5,2025-09-21 11:48:49.813000+00:00,60.0,1269,1021.4,0.0,9904,25.0,53.0,1.5
20.5,2025-09-21 11:49:49.825000+00:00,61.0,1269,1021.5,0.0,9904,25.2,187.0,2.1
20.5,2025-09-21 11:50:49.823000+00:00,60.0,1269,1021.6,0.0,9904,25.2,228.0,1.3
20.4,2025-09-21 11:51:49.840000+00:00,60.0,1269,1021.6,0.0,9904,25.2,354.0,0.9
20.4,2025-09-21 11:52:49.850000+00:00,60.0,1269,1021.7,0.0,9904,25.2,238.0,1.1
20.4,2025-09-21 11:53:49.859000+00:00,60.0,1269,1021.7,0.0,9904,25.1,338.0,2.2
20.5,2025-09-21 11:54:49.853000+00:00,60.0,1269,1021.7,0.0,9904,24.9,69.0,2.1
20.5,2025-09-21 11:55:49.850000+00:00,60.0,1269,1021.7,0.0,9904,24.9,39.0,1.5
20.5,2025-09-21 11:56:49.863000+00:00,60.0,1269,1021.6,0.0,9904,24.8,338.0,1.8
20.5,2025-09-21 11:57:49.859000+00:00,60.0,1269,1021.7,0.0,9904,24.7,339.0,1.1
20.5,2025-09-21 11:58:49.875000+00:00,60.0,1269,1021.7,0.0,9904,24.8,208.0,0.7
20.5,2025-09-21 11:59:49.855000+00:00,60.0,1269,1021.7,0.0,9904,24.8,68.0,0.9
20.4,2025-09-21 12:00:49.856000+00:00,60.0,1269,1021.7,0.0,9904,24.7,303.0,1.2
20.4,2025-09-21 12:01:49.860000+00:00,60.0,1269,1021.7,0.0,9904,24.7,164.0,1.6
20.4,2025-09-21 12:02:49.867000+00:00,60.0,1269,1021.7,0.0,9904,24.9,206.0,1.8
20.4,2025-09-21 12:03:49.857000+00:00,60.0,1269,1021.7,0.0,9904,24.9,120.0,1.9
20.5,2025-09-21 12:04:49.854000+00:00,61.0,1269,1021.7,0.0,9904,24.8,183.0,1.4
20.5,2025-09-21 12:05:49.847000+00:00,61.0,1269,1021.6,0.0,9904,24.9,162.0,1.1
20.5,2025-09-21 12:06:49.866000+00:00,61.0,1269,1021.6,0.0,9904,24.9,245.0,0.9
20.4,2025-09-21 12:07:49.858000+00:00,60.0,1269,1021.6,0.0,9904,24.9,237.0,1.4
20.4,2025-09-21 12:08:49.860000+00:00,60.0,1269,1021.6,0.0,9904,24.9,237.0,1.4
20.4,2025-09-21 12:09:49.873000+00:00,60.0,1269,1021.7,0.0,9904,24.9,0.0,1.4
20.4,2025-09-21 12:10:49.859000+00:00,60.0,1269,1021.7,0.0,9904,25.2,192.0,1.9
20.4,2025-09-21 12:11:49.873000+00:00,60.0,1269,1021.7,0.0,9904,25.2,309.0,2.0
20.4,2025-09-21 12:12:49.865000+00:00,60.0,1269,1021.7,0.0,9904,25.0,251.0,1.9
20.4,2025-09-21 12:13:49.872000+00:00,60.0,1269,1021.6,0.0,9904,24.8,262.0,2.4
20.5,2025-09-21 12:14:49.891000+00:00,60.0,1269,1021.6,0.0,9904,24.9,334.0,1.5
20.5,2025-09-21 12:15:49.864000+00:00,60.0,1269,1021.8,0.0,9904,24.9,218.0,0.9
20.5,2025-09-21 12:16:49.879000+00:00,60.0,1269,1021.6,0.0,9904,24.9,241.0,1.3
20.5,2025-09-21 12:17:49.875000+00:00,60.0,1269,1021.7,0.0,9904,25.0,152.0,2.2
20.5,2025-09-21 12:18:49.879000+00:00,60.0,1269,1021.6,0.0,9904,24.9,180.0,2.1
20.5,2025-09-21 12:19:49.885000+00:00,60.0,1269,1021.6,0.0,9904,24.9,268.0,1.3
20.5,2025-09-21 12:20:49.879000+00:00,60.0,1269,1021.7,0.0,9904,24.9,200.0,1.0
20.5,2025-09-21 12:21:49.884000+00:00,60.0,1269,1021.7,0.0,9904,25.0,219.0,1.3
20.5,2025-09-21 12:22:49.900000+00:00,60.0,1269,1021.7,0.0,9904,25.0,219.0,1.3
20.4,2025-09-21 12:23:49.877000+00:00,60.0,1269,1021.7,0.0,9904,24.5,245.0,1.2
20.5,2025-09-21 12:24:49.877000+00:00,60.0,1269,1021.7,0.0,9904,24.5,245.0,1.2
20.5,2025-09-21 12:25:49.880000+00:00,60.0,1269,1021.4,0.0,9904,24.8,94.0,1.3
20.5,2025-09-21 12:26:49.880000+00:00,59.0,1269,1021.6,0.0,9904,25.0,217.0,1.3
20.5,2025-09-21 12:27:49.885000+00:00,59.0,1269,1021.6,0.0,9904,24.8,244.0,1.3
20.5,2025-09-21 12:28:49.890000+00:00,59.0,1269,1021.9,0.0,9904,24.6,292.0,0.8
20.5,2025-09-21 12:29:49.890000+00:00,59.0,1269,1021.6,0.0,9904,24.6,205.0,1.4
20.5,2025-09-21 12:30:49.888000+00:00,59.0,1269,1021.7,0.0,9904,24.6,249.0,2.2
20.5,2025-09-21 12:31:49.886000+00:00,59.0,1269,1021.7,0.0,9904,24.6,260.0,2.2
20.5,2025-09-21 12:32:49.890000+00:00,59.0,1269,1021.7,0.0,9904,24.5,212.0,2.1
20.5,2025-09-21 12:33:49.884000+00:00,60.0,1269,1021.7,0.0,9904,24.5,244.0,1.5
20.4,2025-09-21 12:34:49.879000+00:00,60.0,1269,1021.7,0.0,9904,24.5,347.0,1.5
20.4,2025-09-21 12:35:49.886000+00:00,60.0,1269,1021.8,0.0,9904,24.5,25.0,2.1
20.4,2025-09-21 12:36:49.932000+00:00,60.0,1269,1021.8,0.0,9904,24.5,220.0,0.5
20.4,2025-09-21 12:37:49.884000+00:00,60.0,1269,1021.8,0.0,9904,24.1,67.0,1.7
20.4,2025-09-21 12:38:49.890000+00:00,60.0,1269,1021.8,0.0,9904,24.0,159.0,1.6
20.4,2025-09-21 12:39:49.888000+00:00,60.0,1269,1021.8,0.0,9904,24.1,244.0,1.6
20.3,2025-09-21 12:40:49.895000+00:00,60.0,1269,1021.8,0.0,9904,24.1,169.0,1.7
20.3,2025-09-21 12:41:49.887000+00:00,60.0,1269,1021.7,0.0,9904,24.0,70.0,1.5
28.5,2025-10-05 11:09:12.972000+00:00,75.0,1270,1009.9,0.0,9896,34.0,151.0,1.6
28.6,2025-10-05 11:10:12.981000+00:00,75.0,1270,1009.8,0.0,9896,34.4,156.0,1.2
28.8,2025-10-05 11:11:12.996000+00:00,74.0,1270,1009.8,0.0,9896,34.8,167.0,1.3
28.7,2025-10-05 11:12:12.998000+00:00,73.0,1270,1009.9,0.0,9896,34.5,141.0,1.1
28.8,2025-10-05 11:13:12.986000+00:00,74.0,1270,1009.9,1.0,9896,34.3,149.0,1.0
28.8,2025-10-05 11:14:13.006000+00:00,75.0,1270,1009.9,1.0,9896,34.3,145.0,1.0
28.8,2025-10-05 11:15:12.991000+00:00,74.0,1270,1009.9,1.0,9896,34.2,161.0,1.4
28.7,2025-10-05 11:16:12.991000+00:00,73.0,1270,1009.9,1.0,9896,34.2,154.0,1.3
28.7,2025-10-05 11:17:12.984000+00:00,72.0,1270,1010.0,0.0,9896,34.1,167.0,1.4
28.6,2025-10-05 11:18:13.002000+00:00,72.0,1270,1010.1,0.0,9896,33.9,152.0,1.2
28.8,2025-10-05 11:20:13.004000+00:00,71.0,1270,1009.9,0.0,9896,34.1,152.0,1.1
28.8,2025-10-05 11:21:13.004000+00:00,73.0,1270,1010.0,1.0,9896,34.0,159.0,1.2
28.8,2025-10-05 11:22:13.010000+00:00,72.0,1270,1010.0,1.0,9896,33.7,155.0,1.3
28.7,2025-10-05 11:23:12.994000+00:00,73.0,1270,1010.1,0.0,9896,33.7,153.0,1.4
28.8,2025-10-05 11:24:13.007000+00:00,74.0,1270,1010.1,0.0,9896,33.7,165.0,1.1
28.8,2025-10-05 11:25:13.040000+00:00,76.0,1270,1010.1,0.0,9896,33.6,165.0,1.1
28.9,2025-10-05 11:26:13.053000+00:00,75.0,1270,1010.0,0.0,9896,34.3,159.0,0.8
28.9,2025-10-05 11:27:13.040000+00:00,76.0,1270,1009.9,0.0,9896,34.8,144.0,0.7
28.8,2025-10-05 11:28:13.060000+00:00,75.0,1270,1009.9,0.0,9896,34.8,84.0,0.6
28.8,2025-10-05 11:29:13.071000+00:00,71.0,1270,1009.8,0.0,9896,34.9,0.0,0.4
28.9,2025-10-05 11:30:13.078000+00:00,77.0,1270,1009.9,0.0,9896,37.0,341.0,0.4
28.9,2025-10-05 11:31:13.071000+00:00,77.0,1270,1010.0,0.0,9896,37.0,0.0,0.0
28.9,2025-10-05 11:32:13.071000+00:00,76.0,1270,1010.0,0.0,9896,38.8,76.0,0.0
29.0,2025-10-05 11:33:13.105000+00:00,74.0,1270,1010.1,0.0,9896,37.7,151.0,0.5
29.0,2025-10-05 11:34:13.100000+00:00,74.0,1270,1010.2,0.0,9896,33.5,160.0,0.9
28.8,2025-10-05 11:35:13.113000+00:00,77.0,1270,1010.4,0.0,9896,32.8,150.0,0.7
28.8,2025-10-05 11:36:13.089000+00:00,78.0,1270,1010.4,0.0,9896,34.1,168.0,0.7
28.8,2025-10-05 11:37:13.106000+00:00,78.0,1270,1010.3,0.0,9896,34.6,139.0,0.4
28.7,2025-10-05 11:38:13.123000+00:00,76.0,1270,1010.3,0.0,9896,34.5,169.0,1.1
28.6,2025-10-05 11:39:13.146000+00:00,77.0,1270,1010.3,0.0,9896,32.9,187.0,1.5
28.7,2025-10-05 11:40:13.130000+00:00,78.0,1270,1010.4,0.0,9896,32.7,191.0,1.3
28.7,2025-10-05 11:41:13.146000+00:00,78.0,1270,1010.4,0.0,9896,32.9,184.0,1.2
28.7,2025-10-05 11:42:13.145000+00:00,78.0,1270,1010.5,0.0,9896,33.2,183.0,1.3
28.7,2025-10-05 11:43:13.182000+00:00,78.0,1270,1010.4,0.0,9896,33.0,168.0,1.3
28.8,2025-10-05 11:44:13.164000+00:00,79.0,1270,1010.4,0.0,9896,32.5,152.0,1.6
28.8,2025-10-05 11:45:13.187000+00:00,79.0,1270,1010.5,0.0,9896,32.5,146.0,1.6
28.8,2025-10-05 11:46:13.185000+00:00,81.0,1270,1010.5,0.0,9896,33.2,171.0,1.1
28.8,2025-10-05 11:47:13.183000+00:00,81.0,1270,1010.6,0.0,9896,33.2,163.0,1.3
28.8,2025-10-05 11:48:13.191000+00:00,80.0,1270,1010.6,0.0,9896,32.6,163.0,1.4
28.8,2025-10-05 11:49:13.183000+00:00,81.0,1270,1010.7,0.0,9896,32.6,162.0,1.4
28.7,2025-10-05 11:50:13.198000+00:00,81.0,1270,1010.5,0.0,9896,32.7,164.0,1.1
28.7,2025-10-05 11:51:13.226000+00:00,81.0,1270,1010.6,0.0,9896,32.8,165.0,1.2
28.7,2025-10-05 11:52:13.228000+00:00,81.0,1270,1010.6,0.0,9896,32.8,157.0,1.1
28.7,2025-10-05 11:53:13.243000+00:00,81.0,1270,1010.7,0.0,9896,33.4,164.0,1.1
28.7,2025-10-05 11:54:13.279000+00:00,81.0,1270,1010.6,0.0,9896,33.0,151.0,1.0
28.6,2025-10-05 11:55:13.271000+00:00,80.0,1270,1010.7,0.0,9896,33.0,166.0,1.0
28.6,2025-10-05 11:56:13.270000+00:00,81.0,1270,1010.6,0.0,9896,33.0,167.0,1.1
28.6,2025-10-05 11:57:13.279000+00:00,81.0,1270,1010.7,0.0,9896,33.1,181.0,0.9
28.6,2025-10-05 11:58:13.269000+00:00,81.0,1270,1010.7,0.0,9896,33.4,188.0,1.1
28.6,2025-10-05 11:59:13.288000+00:00,81.0,1270,1010.7,0.0,9896,33.2,190.0,1.0
28.6,2025-10-05 12:00:13.287000+00:00,82.0,1270,1010.6,0.0,9896,33.2,154.0,0.5
28.6,2025-10-05 12:01:13.297000+00:00,81.0,1270,1010.7,0.0,9896,33.4,0.0,0.4
28.6,2025-10-05 12:02:13.313000+00:00,81.0,1270,1010.6,0.0,9896,36.1,142.0,0.4
28.7,2025-10-05 12:03:13.317000+00:00,81.0,1270,1010.6,0.0,9896,34.1,0.0,0.5
28.7,2025-10-05 12:04:13.339000+00:00,80.0,1270,1010.6,0.0,9896,33.6,0.0,0.4
28.9,2025-10-05 12:05:13.351000+00:00,81.0,1270,1010.6,0.0,9896,34.2,103.0,0.5
28.9,2025-10-05 12:06:13.371000+00:00,80.0,1270,1010.7,0.0,9896,34.2,0.0,0.6
28.9,2025-10-05 12:07:13.382000+00:00,81.0,1270,1010.6,0.0,9896,33.3,262.0,0.5
28.9,2025-10-05 12:08:13.377000+00:00,80.0,1270,1010.7,0.0,9896,34.2,181.0,0.6
29.1,2025-10-05 12:09:13.406000+00:00,80.0,1270,1010.7,0.0,9896,34.5,233.0,0.8
29.1,2025-10-05 12:10:13.401000+00:00,80.0,1270,1010.6,0.0,9896,34.5,178.0,0.8
29.1,2025-10-05 12:11:13.432000+00:00,78.0,1270,1010.7,0.0,9896,34.1,148.0,1.0
29.0,2025-10-05 12:12:13.435000+00:00,78.0,1270,1010.7,0.0,9896,33.8,165.0,1.0
29.1,2025-10-05 12:13:13.438000+00:00,78.0,1270,1010.7,0.0,9896,33.6,144.0,0.8
29.1,2025-10-05 12:14:13.455000+00:00,78.0,1270,1010.7,0.0,9896,33.8,160.0,1.4
29.0,2025-10-05 12:15:13.461000+00:00,78.0,1270,1010.7,0.0,9896,33.8,165.0,1.9
29.1,2025-10-05 12:16:13.473000+00:00,77.0,1270,1010.6,0.0,9896,33.9,182.0,1.2
29.1,2025-10-05 12:17:13.464000+00:00,77.0,1270,1010.7,0.0,9896,34.1,167.0,1.4
29.1,2025-10-05 12:18:13.473000+00:00,77.0,1270,1010.6,0.0,9896,34.0,153.0,1.7
29.1,2025-10-05 12:19:13.483000+00:00,76.0,1270,1010.7,0.0,9896,34.0,156.0,1.8
29.1,2025-10-05 12:20:13.487000+00:00,75.0,1270,1010.7,0.0,9896,34.2,151.0,1.7
29.1,2025-10-05 12:21:13.521000+00:00,74.0,1270,1010.7,0.0,9896,34.3,159.0,1.7
29.0,2025-10-05 12:22:13.524000+00:00,74.0,1270,1010.8,0.0,9896,34.3,155.0,1.9
29.0,2025-10-05 12:23:13.537000+00:00,73.0,1270,1010.8,0.0,9896,34.0,162.0,1.9
29.0,2025-10-05 12:24:13.554000+00:00,74.0,1270,1010.7,0.0,9896,33.9,159.0,2.2
29.0,2025-10-05 12:25:13.558000+00:00,73.0,1270,1010.8,0.0,9896,34.0,168.0,1.6
29.1,2025-10-05 12:26:13.545000+00:00,71.0,1270,1010.8,0.0,9896,33.9,159.0,2.0
29.1,2025-10-05 12:27:13.546000+00:00,72.0,1270,1010.9,0.0,9896,34.3,146.0,1.6
29.1,2025-10-05 12:28:13.561000+00:00,72.0,1270,1010.8,0.0,9896,34.0,162.0,2.1
29.1,2025-10-05 12:29:13.573000+00:00,71.0,1270,1010.7,0.0,9896,34.0,153.0,2.0
29.2,2025-10-05 12:30:13.589000+00:00,72.0,1270,1010.8,0.0,9896,33.8,157.0,2.1
29.2,2025-10-05 12:31:13.623000+00:00,72.0,1270,1010.7,0.0,9896,33.8,148.0,1.8
29.2,2025-10-05 12:32:13.614000+00:00,72.0,1270,1010.8,0.0,9896,34.1,151.0,1.9
29.3,2025-10-05 12:33:13.641000+00:00,72.0,1270,1010.8,0.0,9896,34.1,161.0,1.1
29.2,2025-10-05 12:34:13.670000+00:00,72.0,1270,1010.8,0.0,9896,33.8,140.0,1.5
29.2,2025-10-05 12:35:13.638000+00:00,73.0,1270,1010.9,0.0,9896,33.8,147.0,0.9
29.2,2025-10-05 12:36:13.640000+00:00,73.0,1270,1010.9,0.0,9896,33.8,158.0,1.0
29.2,2025-10-05 12:37:13.645000+00:00,72.0,1270,1010.9,0.0,9896,34.0,148.0,1.2
29.2,2025-10-05 12:38:13.662000+00:00,71.0,1270,1010.9,0.0,9896,34.0,162.0,1.3
29.2,2025-10-05 12:39:13.650000+00:00,72.0,1270,1010.9,0.0,9896,33.7,175.0,1.5
29.2,2025-10-05 12:40:13.641000+00:00,72.0,1270,1010.9,0.0,9896,33.8,163.0,1.1
29.2,2025-10-05 12:41:13.662000+00:00,72.0,1270,1010.9,0.0,9896,33.7,168.0,1.3
29.3,2025-10-05 12:42:13.653000+00:00,72.0,1270,1010.9,0.0,9896,33.7,135.0,1.3
29.3,2025-10-05 12:43:13.643000+00:00,72.0,1270,1010.9,0.0,9896,33.8,160.0,1.4
29.3,2025-10-05 12:44:13.672000+00:00,71.0,1270,1010.9,0.0,9896,33.7,149.0,1.4
29.3,2025-10-05 12:45:13.673000+00:00,72.0,1270,1011.0,0.0,9896,33.7,157.0,1.5
29.2,2025-10-05 12:46:13.694000+00:00,72.0,1270,1011.0,0.0,9896,33.7,152.0,1.4
29.2,2025-10-05 12:47:13.695000+00:00,72.0,1270,1011.0,0.0,9896,33.7,150.0,1.2
29.2,2025-10-05 12:48:13.681000+00:00,72.0,1270,1011.0,0.0,9896,33.7,160.0,1.1
29.2,2025-10-05 12:49:13.685000+00:00,73.0,1270,1011.0,0.0,9896,33.7,143.0,1.1
29.2,2025-10-05 12:50:13.711000+00:00,73.0,1270,1011.0,0.0,9896,33.9,163.0,1.1
29.2,2025-10-05 12:51:13.712000+00:00,72.0,1270,1011.1,0.0,9896,33.9,161.0,1.3
29.3,2025-10-05 12:52:13.728000+00:00,72.0,1270,1011.1,0.0,9896,33.7,157.0,1.1
29.2,2025-10-05 12:53:13.722000+00:00,72.0,1270,1011.1,0.0,9896,33.8,150.0,1.1
29.2,2025-10-05 12:54:13.747000+00:00,72.0,1270,1011.1,0.0,9896,33.8,162.0,1.3
29.2,2025-10-05 12:55:13.756000+00:00,72.0,1270,1011.2,0.0,9896,34.0,164.0,1.1
29.2,2025-10-05 12:56:13.750000+00:00,71.0,1270,1011.0,0.0,9896,33.9,149.0,1.3
29.2,2025-10-05 12:57:13.730000+00:00,72.0,1270,1011.0,0.0,9896,33.9,153.0,1.3
29.2,2025-10-05 12:58:13.770000+00:00,71.0,1270,1011.1,0.0,9896,33.7,141.0,1.2
29.1,2025-10-05 12:59:13.772000+00:00,72.0,1270,1011.1,0.0,9896,34.0,168.0,1.3
29.1,2025-10-05 13:00:13.782000+00:00,72.0,1270,1011.2,0.0,9896,34.1,160.0,1.0
29.1,2025-10-05 13:01:13.785000+00:00,71.0,1270,1011.1,0.0,9896,34.0,143.0,1.0
29.2,2025-10-05 13:02:13.788000+00:00,71.0,1270,1011.1,0.0,9896,33.9,145.0,1.4
29.2,2025-10-05 13:03:13.806000+00:00,71.0,1270,1011.1,0.0,9896,34.0,172.0,1.1
29.2,2025-10-05 13:04:13.822000+00:00,71.0,1270,1011.1,0.0,9896,34.0,130.0,1.0
29.2,2025-10-05 13:05:13.817000+00:00,72.0,1270,1011.1,0.0,9896,34.0,156.0,0.8
29.2,2025-10-05 13:06:13.825000+00:00,72.0,1270,1011.2,0.0,9896,33.7,104.0,0.5
29.2,2025-10-05 13:07:13.823000+00:00,72.0,1270,1011.1,0.0,9896,33.9,96.0,0.8
29.2,2025-10-05 13:08:13.835000+00:00,72.0,1270,1011.2,0.0,9896,34.3,137.0,0.8
29.3,2025-10-05 13:09:13.851000+00:00,71.0,1270,1011.1,0.0,9896,34.3,350.0,1.5
29.3,2025-10-05 13:10:13.867000+00:00,71.0,1270,1011.0,0.0,9896,34.1,110.0,0.8
29.3,2025-10-05 13:11:13.873000+00:00,71.0,1270,1011.1,0.0,9896,34.1,112.0,0.5
29.4,2025-10-05 13:12:13.872000+00:00,71.0,1270,1011.1,0.0,9896,34.1,112.0,0.9
29.4,2025-10-05 13:13:13.885000+00:00,71.0,1270,1011.2,0.0,9896,33.9,158.0,1.0
29.3,2025-10-05 13:14:13.884000+00:00,71.0,1270,1011.2,0.0,9896,33.5,30.0,0.6
29.4,2025-10-05 13:15:13.886000+00:00,71.0,1270,1011.2,0.0,9896,33.9,34.0,0.7
29.4,2025-10-05 13:16:13.924000+00:00,71.0,1270,1011.1,0.0,9896,33.6,56.0,0.0
29.4,2025-10-05 13:17:13.905000+00:00,71.0,1270,1011.1,0.0,9896,33.9,0.0,0.6
29.4,2025-10-05 13:18:13.935000+00:00,71.0,1270,1011.2,0.0,9896,34.1,154.0,0.5
29.4,2025-10-05 13:19:13.943000+00:00,70.0,1270,1011.2,0.0,9896,34.1,144.0,1.0
29.5,2025-10-05 13:20:13.965000+00:00,70.0,1270,1011.3,0.0,9896,33.6,200.0,0.9
29.5,2025-10-05 13:21:13.977000+00:00,70.0,1270,1011.3,0.0,9896,34.0,156.0,0.8
29.5,2025-10-05 13:22:13.954000+00:00,70.0,1270,1011.3,0.0,9896,34.0,201.0,1.2
29.5,2025-10-05 13:23:13.966000+00:00,72.0,1270,1011.3,0.0,9896,33.5,213.0,0.7
29.5,2025-10-05 13:24:13.962000+00:00,73.0,1270,1011.3,0.0,9896,33.4,236.0,0.7
29.4,2025-10-05 13:25:13.978000+00:00,73.0,1270,1011.3,0.0,9896,33.6,0.0,0.9
29.4,2025-10-05 13:26:13.994000+00:00,73.0,1270,1011.3,0.0,9896,34.0,217.0,0.6
29.4,2025-10-05 13:27:13.995000+00:00,73.0,1270,1011.3,0.0,9896,33.3,225.0,0.9
29.4,2025-10-05 13:28:13.979000+00:00,72.0,1270,1011.3,0.0,9896,33.3,0.0,0.6
29.3,2025-10-05 13:29:13.997000+00:00,73.0,1270,1011.4,0.0,9896,33.3,141.0,0.6
29.3,2025-10-05 13:30:13.991000+00:00,74.0,1270,1011.3,0.0,9896,33.6,175.0,1.1
29.4,2025-10-05 13:31:13.999000+00:00,74.0,1270,1011.3,0.0,9896,33.6,188.0,1.3
29.4,2025-10-05 13:32:14.036000+00:00,74.0,1270,1011.4,0.0,9896,33.2,174.0,0.9
29.5,2025-10-05 13:33:14.043000+00:00,72.0,1270,1011.3,0.0,9896,33.1,162.0,1.1
29.5,2025-10-05 13:34:14.068000+00:00,73.0,1270,1011.4,0.0,9896,33.1,138.0,0.9
29.5,2025-10-05 13:35:14.085000+00:00,73.0,1270,1011.3,0.0,9896,33.3,132.0,0.3
29.5,2025-10-05 13:36:14.079000+00:00,72.0,1270,1011.3,0.0,9896,33.3,161.0,0.9
29.5,2025-10-05 13:37:14.110000+00:00,72.0,1270,1011.5,0.0,9896,33.5,155.0,1.5
29.5,2025-10-05 13:38:14.096000+00:00,72.0,1270,1011.3,0.0,9896,33.5,173.0,1.2
29.4,2025-10-05 13:39:14.110000+00:00,71.0,1270,1011.4,0.0,9896,33.5,156.0,1.4
29.4,2025-10-05 13:40:14.113000+00:00,71.0,1270,1011.4,0.0,9896,33.4,159.0,1.6
29.4,2025-10-05 13:41:14.139000+00:00,72.0,1270,1011.4,0.0,9896,33.3,155.0,1.7
29.4,2025-10-05 13:42:14.127000+00:00,71.0,1270,1011.4,0.0,9896,33.4,159.0,1.6
29.4,2025-10-05 13:43:14.129000+00:00,72.0,1270,1011.5,0.0,9896,33.6,153.0,1.4
29.4,2025-10-05 13:44:14.144000+00:00,72.0,1270,1011.4,0.0,9896,33.2,159.0,1.6
29.4,2025-10-05 13:45:14.149000+00:00,72.0,1270,1011.4,0.0,9896,33.6,157.0,1.2
29.4,2025-10-05 13:46:14.161000+00:00,72.0,1270,1011.5,0.0,9896,33.6,161.0,1.0
29.4,2025-10-05 13:47:14.163000+00:00,72.0,1270,1011.4,0.0,9896,33.6,143.0,1.3
29.4,2025-10-05 13:48:14.162000+00:00,72.0,1270,1011.4,0.0,9896,33.6,143.0,1.3
29.4,2025-10-05 13:49:14.154000+00:00,72.0,1270,1011.4,0.0,9896,33.6,143.0,1.3
28.9,2025-10-18 16:16:23.461000+00:00,60.0,1271,992.4,0.0,9883,41.0,135.0,2.2
29.0,2025-10-18 16:17:23.456000+00:00,60.0,1271,992.6,0.0,9883,41.3,331.0,1.4
29.1,2025-10-18 16:18:23.460000+00:00,60.0,1271,992.6,0.0,9883,41.3,13.0,1.7
29.0,2025-10-18 16:19:23.451000+00:00,60.0,1271,992.5,0.0,9883,41.2,321.0,0.9
29.0,2025-10-18 16:20:23.452000+00:00,60.0,1271,992.5,0.0,9883,41.3,331.0,1.7
29.0,2025-10-18 16:21:23.457000+00:00,59.0,1271,992.3,0.0,9883,41.7,107.0,2.5
29.0,2025-10-18 16:22:23.466000+00:00,59.0,1271,992.3,0.0,9883,41.5,75.0,5.5
29.0,2025-10-18 16:23:23.454000+00:00,60.0,1271,992.3,0.0,9883,41.1,99.0,5.1
29.1,2025-10-18 16:24:23.451000+00:00,61.0,1271,992.1,0.0,9883,41.1,87.0,6.2
29.1,2025-10-18 16:25:23.459000+00:00,61.0,1271,992.2,0.0,9883,41.5,86.0,6.3
29.0,2025-10-18 16:26:23.468000+00:00,61.0,1271,992.1,0.0,9883,41.6,89.0,5.7
28.9,2025-10-18 16:27:23.460000+00:00,61.0,1271,992.0,0.0,9883,41.9,78.0,5.8
28.9,2025-10-18 16:28:23.476000+00:00,61.0,1271,991.9,0.0,9883,41.9,94.0,5.7
28.9,2025-10-18 16:29:23.479000+00:00,61.0,1271,991.9,0.0,9883,41.9,104.0,5.4
29.0,2025-10-18 16:30:23.474000+00:00,61.0,1271,991.8,0.0,9883,42.1,75.0,4.6
29.1,2025-10-18 16:31:23.477000+00:00,60.0,1271,991.9,0.0,9883,42.5,101.0,4.8
29.2,2025-10-18 16:32:23.480000+00:00,60.0,1271,992.0,0.0,9883,42.7,146.0,5.7
29.3,2025-10-18 16:33:23.491000+00:00,59.0,1271,992.1,0.0,9883,42.8,106.0,2.3
29.5,2025-10-18 16:34:23.480000+00:00,58.0,1271,992.1,0.0,9883,42.8,135.0,3.5
29.5,2025-10-18 16:35:23.499000+00:00,58.0,1271,992.2,0.0,9883,42.7,88.0,2.6
29.4,2025-10-18 16:36:23.508000+00:00,57.0,1271,992.0,0.0,9883,42.7,0.0,3.4
29.4,2025-10-18 16:37:23.509000+00:00,57.0,1271,992.1,0.0,9883,42.9,64.0,1.9
29.3,2025-10-18 16:38:23.522000+00:00,57.0,1271,992.0,0.0,9883,43.0,78.0,4.4
29.3,2025-10-18 16:39:23.535000+00:00,57.0,1271,992.0,0.0,9883,42.8,101.0,4.1
29.4,2025-10-18 16:40:23.530000+00:00,57.0,1271,991.9,0.0,9883,42.6,84.0,4.8
29.3,2025-10-18 16:41:23.552000+00:00,58.0,1271,991.9,0.0,9883,42.2,81.0,5.9
29.3,2025-10-18 16:42:23.554000+00:00,59.0,1271,991.9,0.0,9883,41.9,83.0,7.2
29.2,2025-10-18 16:43:23.578000+00:00,59.0,1271,991.8,0.0,9883,41.9,97.0,7.0
29.3,2025-10-18 16:44:23.574000+00:00,60.0,1271,991.8,0.0,9883,42.1,86.0,6.4
29.3,2025-10-18 16:45:23.576000+00:00,60.0,1271,991.9,0.0,9883,42.3,100.0,5.7
29.4,2025-10-18 16:46:23.596000+00:00,60.0,1271,991.8,0.0,9883,42.8,88.0,4.6
29.5,2025-10-18 16:47:23.615000+00:00,59.0,1271,991.8,0.0,9883,43.3,95.0,3.1
29.5,2025-10-18 16:48:23.616000+00:00,59.0,1271,991.8,0.0,9883,43.4,86.0,4.8
29.5,2025-10-18 16:49:23.601000+00:00,59.0,1271,991.8,0.0,9883,43.6,122.0,3.0
29.5,2025-10-18 16:50:23.619000+00:00,58.0,1271,991.9,0.0,9883,43.7,104.0,1.3
29.6,2025-10-18 16:51:23.629000+00:00,57.0,1271,991.8,0.0,9883,43.8,99.0,2.0
29.8,2025-10-18 16:52:23.639000+00:00,57.0,1271,991.9,0.0,9883,43.9,138.0,2.7
29.8,2025-10-18 16:53:23.626000+00:00,57.0,1271,991.9,0.0,9883,43.8,115.0,2.1
29.7,2025-10-18 16:54:23.647000+00:00,58.0,1271,991.9,0.0,9883,43.5,82.0,2.4
29.6,2025-10-18 16:55:23.665000+00:00,58.0,1271,991.9,0.0,9883,43.7,88.0,1.5
29.6,2025-10-18 16:56:23.662000+00:00,58.0,1271,992.0,0.0,9883,43.5,102.0,1.5
29.7,2025-10-18 16:57:23.683000+00:00,58.0,1271,992.0,0.0,9883,43.2,90.0,3.8
29.7,2025-10-18 16:58:23.700000+00:00,58.0,1271,991.9,0.0,9883,43.0,104.0,3.3
29.6,2025-10-18 16:59:23.701000+00:00,58.0,1271,991.9,0.0,9883,43.4,98.0,1.5
29.6,2025-10-18 17:00:23.721000+00:00,57.0,1271,991.8,0.0,9883,43.4,100.0,3.6
29.6,2025-10-18 17:01:23.731000+00:00,58.0,1271,991.9,0.0,9883,43.8,78.0,2.3
29.5,2025-10-18 17:02:23.736000+00:00,57.0,1271,991.9,0.0,9883,43.7,140.0,1.3
29.6,2025-10-18 17:03:23.750000+00:00,57.0,1271,991.9,0.0,9883,43.1,145.0,1.4
29.7,2025-10-18 17:04:23.751000+00:00,56.0,1271,992.0,0.0,9883,42.6,344.0,1.8
29.8,2025-10-18 17:05:23.751000+00:00,56.0,1271,991.8,0.0,9883,42.4,350.0,3.2
29.8,2025-10-18 17:06:23.747000+00:00,57.0,1271,991.9,0.0,9883,42.6,343.0,3.3
29.8,2025-10-18 17:07:23.754000+00:00,57.0,1271,991.9,0.0,9883,42.8,339.0,3.2
29.8,2025-10-18 17:08:23.747000+00:00,57.0,1271,992.0,0.0,9883,43.6,15.0,1.9
29.9,2025-10-18 17:09:23.752000+00:00,57.0,1271,992.0,0.0,9883,44.3,126.0,1.4
30.0,2025-10-18 17:10:23.753000+00:00,55.0,1271,992.0,0.0,9883,44.1,291.0,1.3
30.1,2025-10-18 17:11:23.755000+00:00,55.0,1271,992.0,0.0,9883,44.1,84.0,2.0
30.0,2025-10-18 17:12:23.763000+00:00,55.0,1271,992.0,0.0,9883,44.5,90.0,1.6
30.0,2025-10-18 17:13:23.753000+00:00,54.0,1271,992.1,0.0,9883,44.5,288.0,2.2
30.1,2025-10-18 17:14:23.750000+00:00,54.0,1271,992.0,0.0,9883,44.2,272.0,3.2
30.2,2025-10-18 17:15:23.750000+00:00,54.0,1271,992.1,0.0,9883,43.1,349.0,2.7
30.3,2025-10-18 17:16:23.751000+00:00,55.0,1271,992.0,0.0,9883,42.3,352.0,2.3
30.3,2025-10-18 17:17:23.757000+00:00,55.0,1271,992.0,0.0,9883,41.5,301.0,2.4
30.4,2025-10-18 17:18:23.745000+00:00,55.0,1271,992.2,0.0,9883,41.5,316.0,2.8
30.5,2025-10-18 17:19:23.764000+00:00,55.0,1271,992.2,0.0,9883,41.8,341.0,2.6
30.5,2025-10-18 17:20:23.750000+00:00,55.0,1271,992.1,0.0,9883,42.1,325.0,2.9
30.4,2025-10-18 17:21:23.748000+00:00,55.0,1271,992.3,0.0,9883,42.9,284.0,3.0
30.3,2025-10-18 17:22:23.755000+00:00,55.0,1271,992.3,0.0,9883,43.8,290.0,2.8
30.4,2025-10-18 17:23:23.762000+00:00,54.0,1271,992.3,0.0,9883,44.5,291.0,2.5
30.5,2025-10-18 17:24:23.769000+00:00,53.0,1271,992.4,0.0,9883,44.6,288.0,4.0
30.7,2025-10-18 17:25:23.766000+00:00,54.0,1271,992.5,0.0,9883,44.6,294.0,4.5
30.7,2025-10-18 17:26:23.770000+00:00,54.0,1271,992.3,0.0,9883,44.6,293.0,3.7
30.8,2025-10-18 17:27:23.760000+00:00,53.0,1271,992.6,0.0,9883,44.6,294.0,3.9
30.8,2025-10-18 17:28:23.767000+00:00,54.0,1271,992.5,0.0,9883,43.9,299.0,4.0
30.9,2025-10-18 17:29:23.769000+00:00,54.0,1271,992.5,0.0,9883,42.9,285.0,3.8
30.6,2025-10-18 17:30:23.769000+00:00,54.0,1271,992.5,0.0,9883,42.7,300.0,2.9
30.6,2025-10-18 17:31:23.767000+00:00,55.0,1271,992.6,0.0,9883,42.7,22.0,2.4
30.5,2025-10-18 17:32:23.765000+00:00,54.0,1271,992.5,0.0,9883,42.2,327.0,2.8
30.6,2025-10-18 17:33:23.784000+00:00,53.0,1271,992.4,0.0,9883,42.7,320.0,2.1
30.7,2025-10-18 17:34:23.783000+00:00,53.0,1271,992.5,0.0,9883,43.4,316.0,3.3
30.7,2025-10-18 17:35:23.804000+00:00,52.0,1271,992.6,0.0,9883,42.9,340.0,2.9
30.8,2025-10-18 17:36:23.816000+00:00,53.0,1271,992.4,0.0,9883,41.7,296.0,2.8
30.8,2025-10-18 17:37:23.820000+00:00,53.0,1271,992.3,0.0,9883,41.2,5.0,3.5
30.6,2025-10-18 17:38:23.838000+00:00,53.0,1271,992.4,0.0,9883,40.9,349.0,2.5
30.5,2025-10-18 17:39:23.847000+00:00,54.0,1271,992.4,0.0,9883,40.5,309.0,2.9
30.3,2025-10-18 17:40:23.832000+00:00,54.0,1271,992.2,0.0,9883,40.6,291.0,1.8
30.3,2025-10-18 17:41:23.856000+00:00,54.0,1271,992.3,0.0,9883,40.8,302.0,2.3
30.3,2025-10-18 17:42:23.862000+00:00,53.0,1271,992.3,0.0,9883,41.1,330.0,3.0
30.3,2025-10-18 17:43:23.881000+00:00,52.0,1271,992.3,0.0,9883,40.5,320.0,3.1
30.3,2025-10-18 17:44:23.904000+00:00,53.0,1271,992.2,0.0,9883,40.0,331.0,2.5
26.4,2025-10-19 18:07:29.925000+00:00,30.0,1271,1002.1,0.0,9888,42.1,282.0,2.9
26.4,2025-10-19 18:08:29.930000+00:00,30.0,1271,1002.1,0.0,9888,42.4,278.0,2.4
26.5,2025-10-19 18:09:29.931000+00:00,29.0,1271,1002.1,0.0,9888,42.4,275.0,3.1
26.6,2025-10-19 18:10:29.944000+00:00,29.0,1271,1002.0,0.0,9888,42.4,271.0,2.8
26.7,2025-10-19 18:11:29.957000+00:00,29.0,1271,1002.1,0.0,9888,42.6,283.0,2.2
26.8,2025-10-19 18:12:29.979000+00:00,29.0,1271,1002.1,0.0,9888,43.0,290.0,2.3
26.7,2025-10-19 18:13:29.981000+00:00,28.0,1271,1002.1,0.0,9888,43.0,257.0,2.1
26.6,2025-10-19 18:14:29.975000+00:00,28.0,1271,1002.1,0.0,9888,42.9,278.0,2.5
26.6,2025-10-19 18:15:30.005000+00:00,28.0,1271,1002.1,0.0,9888,42.9,260.0,3.1
26.6,2025-10-19 18:16:30.005000+00:00,28.0,1271,1002.0,0.0,9888,43.0,273.0,2.6
26.6,2025-10-19 18:17:30.033000+00:00,28.0,1271,1002.1,0.0,9888,42.9,267.0,2.8
26.8,2025-10-19 18:18:30.019000+00:00,28.0,1271,1002.0,0.0,9888,42.9,296.0,3.3
26.9,2025-10-19 18:19:30.019000+00:00,28.0,1271,1002.0,0.0,9888,43.0,245.0,1.7
26.9,2025-10-19 18:20:30.020000+00:00,27.0,1271,1001.9,0.0,9888,43.3,228.0,2.1
26.9,2025-10-19 18:21:30.020000+00:00,27.0,1271,1002.0,0.0,9888,43.7,273.0,2.2
27.0,2025-10-19 18:22:30.020000+00:00,26.0,1271,1002.0,0.0,9888,43.8,282.0,1.7
27.0,2025-10-19 18:23:30.020000+00:00,26.0,1271,1002.0,0.0,9888,43.8,286.0,2.0
27.1,2025-10-19 18:24:30.020000+00:00,27.0,1271,1001.8,0.0,9888,43.8,257.0,3.1
27.2,2025-10-19 18:25:30.022000+00:00,27.0,1271,1001.8,0.0,9888,43.7,273.0,4.9
27.1,2025-10-19 18:26:30.019000+00:00,27.0,1271,1001.8,0.0,9888,43.7,264.0,2.5
27.1,2025-10-19 18:27:30.020000+00:00,26.0,1271,1001.8,0.0,9888,43.8,281.0,2.0
27.1,2025-10-19 18:28:30.021000+00:00,26.0,1271,1001.8,0.0,9888,43.8,278.0,3.2
27.0,2025-10-19 18:29:30.030000+00:00,26.0,1271,1001.8,0.0,9888,43.6,277.0,4.6
27.0,2025-10-19 18:30:30.027000+00:00,26.0,1271,1001.6,0.0,9888,43.5,274.0,3.9
27.2,2025-10-19 18:31:30.031000+00:00,26.0,1271,1001.7,0.0,9888,43.6,250.0,2.8
27.3,2025-10-19 18:32:30.023000+00:00,26.0,1271,1001.7,0.0,9888,43.8,238.0,2.6
27.3,2025-10-19 18:33:30.028000+00:00,26.0,1271,1001.8,0.0,9888,43.8,292.0,2.8
27.3,2025-10-19 18:34:30.036000+00:00,26.0,1271,1001.7,0.0,9888,43.9,241.0,2.0
27.5,2025-10-19 18:35:30.032000+00:00,25.0,1271,1001.5,0.0,9888,44.0,288.0,3.2
27.7,2025-10-19 18:36:30.033000+00:00,25.0,1271,1001.7,0.0,9888,44.0,262.0,2.5
27.8,2025-10-19 18:37:30.031000+00:00,25.0,1271,1001.6,0.0,9888,44.0,285.0,2.8
27.7,2025-10-19 18:38:30.026000+00:00,25.0,1271,1001.6,0.0,9888,43.9,276.0,3.7
27.6,2025-10-19 18:39:30.033000+00:00,25.0,1271,1001.5,0.0,9888,43.9,260.0,3.1
27.4,2025-10-19 18:40:30.033000+00:00,24.0,1271,1001.6,0.0,9888,43.9,294.0,2.9
27.5,2025-10-19 18:41:30.037000+00:00,24.0,1271,1001.5,0.0,9888,44.0,262.0,3.3
27.5,2025-10-19 18:42:30.038000+00:00,24.0,1271,1001.5,0.0,9888,44.3,272.0,2.5
27.5,2025-10-19 18:43:30.029000+00:00,23.0,1271,1001.5,0.0,9888,44.4,287.0,3.0
27.5,2025-10-19 18:44:30.026000+00:00,23.0,1271,1001.5,0.0,9888,44.4,162.0,1.7
27.6,2025-10-19 18:45:30.034000+00:00,23.0,1271,1001.6,0.0,9888,44.4,136.0,3.0
27.6,2025-10-19 18:46:30.034000+00:00,23.0,1271,1001.4,0.0,9888,44.5,93.0,1.8
27.8,2025-10-19 18:47:30.041000+00:00,23.0,1271,1001.5,0.0,9888,44.7,344.0,1.3
27.9,2025-10-19 18:48:30.045000+00:00,23.0,1271,1001.4,0.0,9888,44.8,265.0,1.2
28.0,2025-10-19 18:49:30.040000+00:00,24.0,1271,1001.4,0.0,9888,44.9,269.0,2.5
28.0,2025-10-19 18:50:30.039000+00:00,23.0,1271,1001.4,0.0,9888,45.1,242.0,1.3
28.1,2025-10-19 18:51:30.040000+00:00,23.0,1271,1001.3,0.0,9888,45.2,261.0,1.9
28.1,2025-10-19 18:52:30.058000+00:00,22.0,1271,1001.4,0.0,9888,45.2,286.0,2.6
28.1,2025-10-19 18:53:30.045000+00:00,22.0,1271,1001.3,0.0,9888,44.9,267.0,3.0
28.0,2025-10-19 18:54:30.040000+00:00,22.0,1271,1001.2,0.0,9888,44.9,277.0,3.6
27.8,2025-10-19 18:55:30.042000+00:00,22.0,1271,1001.3,0.0,9888,44.6,259.0,3.4
27.7,2025-10-19 18:56:30.048000+00:00,23.0,1271,1001.4,0.0,9888,44.6,288.0,3.6
27.8,2025-10-19 18:57:30.042000+00:00,23.0,1271,1001.3,0.0,9888,44.7,287.0,3.8
27.8,2025-10-19 18:58:30.042000+00:00,23.0,1271,1001.2,0.0,9888,44.6,270.0,3.8
28.0,2025-10-19 18:59:30.042000+00:00,23.0,1271,1001.3,0.0,9888,44.7,259.0,2.3
28.0,2025-10-19 19:00:30.044000+00:00,23.0,1271,1001.3,0.0,9888,45.0,282.0,1.6
27.9,2025-10-19 19:01:30.054000+00:00,22.0,1271,1001.2,0.0,9888,45.1,261.0,3.1
27.9,2025-10-19 19:02:30.053000+00:00,22.0,1271,1001.2,0.0,9888,44.9,292.0,1.8
28.0,2025-10-19 19:03:30.054000+00:00,22.0,1271,1001.2,0.0,9888,45.0,304.0,1.4
28.2,2025-10-19 19:04:30.055000+00:00,22.0,1271,1001.2,0.0,9888,45.1,232.0,1.5
28.2,2025-10-19 19:05:30.054000+00:00,22.0,1271,1001.1,0.0,9888,45.6,316.0,2.0
28.1,2025-10-19 19:06:30.056000+00:00,21.0,1271,1001.1,0.0,9888,45.1,105.0,1.2
28.1,2025-10-19 19:07:30.055000+00:00,22.0,1271,1001.1,0.0,9888,45.1,277.0,1.9
28.3,2025-10-19 19:08:30.056000+00:00,22.0,1271,1001.1,0.0,9888,45.5,80.0,1.0
28.4,2025-10-19 19:09:30.057000+00:00,21.0,1271,1001.2,0.0,9888,45.5,192.0,1.2
28.5,2025-10-19 19:10:30.057000+00:00,21.0,1271,1001.1,0.0,9888,45.4,263.0,1.8
28.6,2025-10-19 19:11:30.057000+00:00,22.0,1271,1001.1,0.0,9888,45.8,212.0,1.4
28.7,2025-10-19 19:12:30.056000+00:00,21.0,1271,1001.0,0.0,9888,45.9,244.0,1.9
28.6,2025-10-19 19:13:30.056000+00:00,21.0,1271,1001.2,0.0,9888,45.9,13.0,1.1
28.8,2025-10-19 19:14:30.056000+00:00,21.0,1271,1001.1,0.0,9888,45.9,288.0,0.6
28.8,2025-10-19 19:15:30.063000+00:00,22.0,1271,1001.0,0.0,9888,45.5,283.0,2.8
28.7,2025-10-19 19:16:30.057000+00:00,22.0,1271,1001.1,0.0,9888,45.5,218.0,1.3
28.7,2025-10-19 19:17:30.071000+00:00,21.0,1271,1001.2,0.0,9888,45.9,286.0,1.6
28.7,2025-10-19 19:18:30.057000+00:00,21.0,1271,1001.1,0.0,9888,46.0,259.0,1.6
28.6,2025-10-19 19:19:30.057000+00:00,20.0,1271,1001.2,0.0,9888,46.0,182.0,2.1
28.5,2025-10-19 19:20:30.058000+00:00,21.0,1271,1001.1,0.0,9888,45.8,262.0,1.1
28.5,2025-10-19 19:21:30.058000+00:00,21.0,1271,1001.1,0.0,9888,46.0,189.0,1.2
28.4,2025-10-19 19:22:30.058000+00:00,21.0,1271,1001.2,0.0,9888,46.0,203.0,1.3
28.5,2025-10-19 19:23:30.059000+00:00,21.0,1271,1001.1,0.0,9888,46.0,266.0,1.0
28.5,2025-10-19 19:24:30.058000+00:00,21.0,1271,1001.1,0.0,9888,46.0,200.0,1.8
28.6,2025-10-19 19:25:30.074000+00:00,21.0,1271,1001.1,0.0,9888,46.2,245.0,2.0
28.8,2025-10-19 19:26:30.070000+00:00,21.0,1271,1000.9,0.0,9888,46.2,280.0,1.4
28.8,2025-10-19 19:27:30.066000+00:00,21.0,1271,1001.0,0.0,9888,46.3,198.0,1.4
28.7,2025-10-19 19:28:30.070000+00:00,21.0,1271,1001.0,0.0,9888,46.1,280.0,1.9
28.8,2025-10-19 19:29:30.070000+00:00,21.0,1271,1001.0,0.0,9888,46.1,156.0,1.3
28.6,2025-10-19 19:30:30.073000+00:00,21.0,1271,1000.9,0.0,9888,46.1,293.0,1.5
28.7,2025-10-19 19:31:30.074000+00:00,20.0,1271,1000.9,0.0,9888,45.9,342.0,2.0
28.7,2025-10-19 19:32:30.063000+00:00,20.0,1271,1000.9,0.0,9888,46.0,258.0,1.4
28.6,2025-10-19 19:33:30.074000+00:00,20.0,1271,1000.9,0.0,9888,46.0,212.0,1.6
28.6,2025-10-19 19:34:30.074000+00:00,21.0,1271,1000.9,0.0,9888,45.9,6.0,1.4
28.7,2025-10-19 19:35:30.075000+00:00,21.0,1271,1001.0,0.0,9888,45.8,285.0,0.7
28.9,2025-10-19 19:36:30.075000+00:00,21.0,1271,1000.9,0.0,9888,45.8,265.0,2.4
28.9,2025-10-19 19:37:30.075000+00:00,21.0,1271,1001.0,0.0,9888,45.8,240.0,2.8
28.8,2025-10-19 19:38:30.075000+00:00,21.0,1271,1000.9,0.0,9888,46.0,43.0,1.7
28.8,2025-10-19 19:39:30.075000+00:00,21.0,1271,1000.8,0.0,9888,46.1,324.0,0.8
28.9,2025-10-19 19:40:30.076000+00:00,21.0,1271,1000.9,0.0,9888,46.3,270.0,1.0
28.9,2025-10-19 19:41:30.077000+00:00,21.0,1271,1001.0,0.0,9888,46.3,323.0,1.6
28.9,2025-10-19 19:42:30.076000+00:00,20.0,1271,1000.9,0.0,9888,46.2,274.0,1.2
28.9,2025-10-19 19:43:30.076000+00:00,20.0,1271,1000.8,0.0,9888,46.1,243.0,1.5
28.8,2025-10-19 19:44:30.077000+00:00,21.0,1271,1000.8,0.0,9888,46.1,264.0,1.4
28.9,2025-10-19 19:45:30.094000+00:00,20.0,1271,1000.8,0.0,9888,45.9,274.0,2.7
28.9,2025-10-19 19:46:30.077000+00:00,21.0,1271,1000.7,0.0,9888,45.8,259.0,2.5
28.9,2025-10-19 19:47:30.077000+00:00,21.0,1271,1000.8,0.0,9888,45.8,263.0,3.3
28.8,2025-10-19 19:48:30.078000+00:00,21.0,1271,1000.7,0.0,9888,45.7,261.0,4.9
28.7,2025-10-19 19:49:30.093000+00:00,21.0,1271,1000.7,0.0,9888,45.6,268.0,4.8
28.6,2025-10-19 19:50:30.088000+00:00,21.0,1271,1000.7,0.0,9888,45.6,297.0,2.5
28.6,2025-10-19 19:51:30.083000+00:00,21.0,1271,1000.7,0.0,9888,45.5,255.0,2.6
28.6,2025-10-19 19:52:30.082000+00:00,21.0,1271,1000.8,0.0,9888,45.4,299.0,3.0
28.5,2025-10-19 19:53:30.079000+00:00,21.0,1271,1000.7,0.0,9888,45.4,163.0,2.3
28.5,2025-10-19 19:54:30.087000+00:00,21.0,1271,1000.6,0.0,9888,45.8,189.0,1.5
28.6,2025-10-19 19:55:30.090000+00:00,21.0,1271,1000.6,0.0,9888,45.8,297.0,1.0
28.8,2025-10-19 19:56:30.096000+00:00,21.0,1271,1000.7,0.0,9888,45.8,343.0,1.2
28.9,2025-10-19 19:57:30.091000+00:00,21.0,1271,1000.7,0.0,9888,45.9,246.0,1.4
28.9,2025-10-19 19:58:30.087000+00:00,21.0,1271,1000.7,0.0,9888,45.9,295.0,2.7
28.8,2025-10-19 19:59:30.085000+00:00,21.0,1271,1000.7,0.0,9888,45.7,233.0,2.0
28.7,2025-10-19 20:00:30.086000+00:00,21.0,1271,1000.7,0.0,9888,45.9,203.0,1.3
28.6,2025-10-19 20:01:30.097000+00:00,21.0,1271,1000.7,0.0,9888,45.9,4.0,1.2
28.5,2025-10-19 20:02:30.094000+00:00,21.0,1271,1000.6,0.0,9888,45.9,257.0,2.0
28.6,2025-10-19 20:03:30.104000+00:00,21.0,1271,1000.7,0.0,9888,45.7,0.0,1.1
28.6,2025-10-19 20:04:30.099000+00:00,21.0,1271,1000.6,0.0,9888,45.7,251.0,1.3
28.9,2025-10-19 20:05:30.098000+00:00,21.0,1271,1000.6,0.0,9888,45.8,270.0,1.0
29.0,2025-10-19 20:06:30.098000+00:00,21.0,1271,1000.6,0.0,9888,45.9,250.0,1.2
29.1,2025-10-19 20:07:30.100000+00:00,20.0,1271,1000.5,0.0,9888,45.8,160.0,1.9
29.1,2025-10-19 20:08:30.102000+00:00,21.0,1271,1000.6,0.0,9888,45.9,269.0,1.7
29.0,2025-10-19 20:09:30.099000+00:00,21.0,1271,1000.5,0.0,9888,45.5,286.0,2.4
29.0,2025-10-19 20:10:30.130000+00:00,21.0,1271,1000.6,0.0,9888,45.6,241.0,2.0
28.9,2025-10-19 20:11:30.146000+00:00,20.0,1271,1000.6,0.0,9888,45.8,297.0,1.4
29.0,2025-10-19 20:12:30.143000+00:00,20.0,1271,1000.6,0.0,9888,45.6,277.0,1.6
29.1,2025-10-19 20:13:30.184000+00:00,20.0,1271,1000.6,0.0,9888,45.7,283.0,1.0
29.3,2025-10-19 20:14:30.200000+00:00,20.0,1271,1000.5,0.0,9888,45.8,267.0,1.3
29.2,2025-10-19 20:15:30.204000+00:00,20.0,1271,1000.6,0.0,9888,45.6,261.0,3.2
29.1,2025-10-19 20:16:30.213000+00:00,21.0,1271,1000.5,0.0,9888,45.3,248.0,3.0
29.1,2025-10-19 20:17:30.230000+00:00,21.0,1271,1000.6,0.0,9888,45.3,262.0,2.0
29.1,2025-10-19 20:18:30.231000+00:00,21.0,1271,1000.7,0.0,9888,45.4,56.0,1.5
29.0,2025-10-19 20:19:30.230000+00:00,21.0,1271,1000.6,0.0,9888,45.7,269.0,1.0
29.0,2025-10-19 20:20:30.231000+00:00,21.0,1271,1000.4,0.0,9888,45.7,163.0,1.4
29.0,2025-10-19 20:21:30.236000+00:00,21.0,1271,1000.6,0.0,9888,45.5,294.0,1.8
29.0,2025-10-19 20:22:30.231000+00:00,21.0,1271,1000.5,0.0,9888,45.3,272.0,2.0
29.0,2025-10-19 20:23:30.233000+00:00,21.0,1271,1000.5,0.0,9888,45.3,258.0,1.2
29.0,2025-10-19 20:24:30.246000+00:00,21.0,1271,1000.5,0.0,9888,45.6,132.0,1.3
29.0,2025-10-19 20:25:30.232000+00:00,21.0,1271,1000.5,0.0,9888,45.6,147.0,0.7
29.0,2025-10-19 20:26:30.233000+00:00,21.0,1271,1000.5,0.0,9888,45.6,147.0,0.7
29.2,2025-10-19 20:27:30.254000+00:00,21.0,1271,1000.5,0.0,9888,45.6,147.0,0.7
29.3,2025-10-19 20:28:30.235000+00:00,21.0,1271,1000.5,0.0,9888,45.7,154.0,0.9
29.3,2025-10-19 20:29:30.246000+00:00,21.0,1271,1000.6,0.0,9888,45.8,258.0,1.4
29.1,2025-10-19 20:30:30.245000+00:00,21.0,1271,1000.5,0.0,9888,45.7,244.0,1.7
29.1,2025-10-19 20:31:30.247000+00:00,21.0,1271,1000.5,0.0,9888,45.7,258.0,1.2
29.2,2025-10-19 20:32:30.247000+00:00,21.0,1271,1000.6,0.0,9888,45.6,182.0,1.0
29.2,2025-10-19 20:33:30.246000+00:00,20.0,1271,1000.6,0.0,9888,45.6,285.0,1.7
29.2,2025-10-19 20:34:30.246000+00:00,20.0,1271,1000.6,0.0,9888,45.3,255.0,2.8
29.2,2025-10-19 20:35:30.262000+00:00,21.0,1271,1000.6,0.0,9888,44.8,265.0,3.4
29.1,2025-10-19 20:36:30.274000+00:00,21.0,1271,1000.5,0.0,9888,44.8,252.0,3.3
29.0,2025-10-19 20:37:30.298000+00:00,21.0,1271,1000.5,0.0,9888,45.0,252.0,2.5
29.0,2025-10-19 20:38:30.296000+00:00,21.0,1271,1000.5,0.0,9888,44.9,185.0,2.0
29.1,2025-10-19 20:39:30.298000+00:00,21.0,1271,1000.5,0.0,9888,44.9,251.0,1.6
29.0,2025-10-19 20:40:30.297000+00:00,21.0,1271,1000.6,0.0,9888,45.0,159.0,1.6
25.5,2025-10-26 19:06:27.287000+00:00,26.0,1272,1008.3,0.0,9877,51.4,288.0,2.3
25.6,2025-10-26 19:07:27.279000+00:00,26.0,1272,1008.3,0.0,9877,51.4,303.0,1.8
25.5,2025-10-26 19:08:27.282000+00:00,26.0,1272,1008.3,0.0,9877,51.6,0.0,1.0
25.5,2025-10-26 19:09:27.281000+00:00,25.0,1272,1008.3,0.0,9877,51.8,22.0,0.4
25.5,2025-10-26 19:10:27.281000+00:00,25.0,1272,1008.3,0.0,9877,52.1,135.0,1.0
25.6,2025-10-26 19:11:27.281000+00:00,25.0,1272,1008.3,0.0,9877,52.1,162.0,2.2
25.6,2025-10-26 19:12:27.278000+00:00,25.0,1272,1008.3,0.0,9877,52.3,117.0,2.3
25.5,2025-10-26 19:13:27.282000+00:00,25.0,1272,1008.3,0.0,9877,52.8,120.0,2.5
25.5,2025-10-26 19:14:27.286000+00:00,25.0,1272,1008.3,0.0,9877,53.1,131.0,1.3
25.4,2025-10-26 19:15:27.282000+00:00,25.0,1272,1008.3,0.0,9877,53.1,113.0,2.8
25.4,2025-10-26 19:16:27.284000+00:00,25.0,1272,1008.3,0.0,9877,53.1,132.0,1.6
25.4,2025-10-26 19:17:27.284000+00:00,25.0,1272,1008.3,0.0,9877,53.1,148.0,1.3
25.4,2025-10-26 19:18:27.287000+00:00,25.0,1272,1008.3,0.0,9877,53.2,291.0,2.3
25.5,2025-10-26 19:19:27.286000+00:00,24.0,1272,1008.3,0.0,9877,53.1,317.0,1.8
25.6,2025-10-26 19:20:27.296000+00:00,24.0,1272,1008.3,0.0,9877,53.1,216.0,2.0
25.6,2025-10-26 19:21:27.295000+00:00,24.0,1272,1008.3,0.0,9877,53.1,287.0,1.4
25.7,2025-10-26 19:22:27.284000+00:00,24.0,1272,1008.3,0.0,9877,52.8,337.0,1.4
25.8,2025-10-26 19:23:27.288000+00:00,24.0,1272,1008.3,0.0,9877,52.8,310.0,0.8
25.6,2025-10-26 19:24:27.293000+00:00,24.0,1272,1008.3,0.0,9877,52.8,244.0,0.6
25.6,2025-10-26 19:25:27.287000+00:00,24.0,1272,1008.3,0.0,9877,53.1,238.0,1.4
25.6,2025-10-26 19:26:27.299000+00:00,25.0,1272,1008.3,0.0,9877,53.1,226.0,1.6
25.8,2025-10-26 19:27:27.298000+00:00,25.0,1272,1008.3,0.0,9877,52.6,0.0,1.3
25.9,2025-10-26 19:28:27.294000+00:00,24.0,1272,1008.3,0.0,9877,53.1,149.0,1.5
26.0,2025-10-26 19:29:27.292000+00:00,24.0,1272,1008.3,0.0,9877,52.5,141.0,1.3
26.0,2025-10-26 19:30:27.299000+00:00,25.0,1272,1008.3,0.0,9877,52.5,144.0,1.8
25.9,2025-10-26 19:31:27.301000+00:00,25.0,1272,1008.3,0.0,9877,52.7,43.0,1.1
25.9,2025-10-26 19:32:27.334000+00:00,25.0,1272,1008.3,0.0,9877,52.7,219.0,1.4
25.9,2025-10-26 19:33:27.301000+00:00,25.0,1272,1008.3,0.0,9877,52.9,330.0,1.6
25.8,2025-10-26 19:34:27.300000+00:00,25.0,1272,1008.3,0.0,9877,53.0,302.0,1.7
25.8,2025-10-26 19:35:27.300000+00:00,24.0,1272,1008.3,0.0,9877,53.0,300.0,2.1
25.9,2025-10-26 19:36:27.302000+00:00,24.0,1272,1008.3,0.0,9877,53.0,279.0,1.8
25.8,2025-10-26 19:37:27.317000+00:00,25.0,1272,1008.3,0.0,9877,52.6,318.0,1.0
25.9,2025-10-26 19:38:27.305000+00:00,24.0,1272,1008.3,0.0,9877,52.8,228.0,0.9
26.0,2025-10-26 19:39:27.302000+00:00,24.0,1272,1008.3,0.0,9877,52.8,270.0,1.6
25.8,2025-10-26 19:40:27.302000+00:00,24.0,1272,1008.3,0.0,9877,52.7,293.0,1.1
25.9,2025-10-26 19:41:27.302000+00:00,24.0,1272,1008.3,0.0,9877,52.4,293.0,2.2
25.9,2025-10-26 19:42:27.308000+00:00,25.0,1272,1008.3,0.0,9877,52.4,268.0,2.6
26.0,2025-10-26 19:43:27.299000+00:00,26.0,1272,1008.3,0.0,9877,52.5,259.0,2.2
25.9,2025-10-26 19:44:27.307000+00:00,26.0,1272,1008.3,0.0,9877,52.6,250.0,2.4
25.9,2025-10-26 19:45:27.307000+00:00,26.0,1272,1008.3,0.0,9877,53.0,246.0,1.8
25.8,2025-10-26 19:46:27.305000+00:00,25.0,1272,1008.3,0.0,9877,53.0,142.0,1.9
25.6,2025-10-26 19:47:27.311000+00:00,25.0,1272,1008.3,0.0,9877,52.8,193.0,1.6
25.6,2025-10-26 19:48:27.306000+00:00,24.0,1272,1008.3,0.0,9877,52.8,170.0,2.7
25.6,2025-10-26 19:49:27.320000+00:00,25.0,1272,1008.3,0.0,9877,52.9,230.0,1.3
25.6,2025-10-26 19:50:27.305000+00:00,25.0,1272,1008.3,0.0,9877,53.1,121.0,0.0
25.7,2025-10-26 19:51:27.316000+00:00,25.0,1272,1008.3,0.0,9877,52.8,162.0,1.6
25.8,2025-10-26 19:52:27.306000+00:00,25.0,1272,1008.3,0.0,9877,52.7,39.0,2.5
25.9,2025-10-26 19:53:27.318000+00:00,26.0,1272,1008.3,0.0,9877,52.8,308.0,1.2
26.0,2025-10-26 19:54:27.307000+00:00,25.0,1272,1008.3,0.0,9877,53.1,207.0,2.3
26.1,2025-10-26 19:55:27.307000+00:00,25.0,1272,1008.3,0.0,9877,52.9,224.0,2.7
26.1,2025-10-26 19:56:27.309000+00:00,25.0,1272,1008.3,0.0,9877,52.8,228.0,2.3
26.2,2025-10-26 19:57:27.325000+00:00,25.0,1272,1008.3,0.0,9877,52.6,129.0,3.4
26.1,2025-10-26 19:58:27.315000+00:00,26.0,1272,1008.3,0.0,9877,52.5,256.0,2.4
26.3,2025-10-26 19:59:27.322000+00:00,26.0,1272,1008.3,0.0,9877,52.2,265.0,1.0
26.2,2025-10-26 20:00:27.324000+00:00,25.0,1272,1008.3,0.0,9877,52.3,274.0,1.4
26.2,2025-10-26 20:01:27.324000+00:00,25.0,1272,1008.3,0.0,9877,52.2,283.0,2.3
26.2,2025-10-26 20:02:27.322000+00:00,25.0,1272,1008.3,0.0,9877,52.1,212.0,1.6
26.3,2025-10-26 20:03:27.327000+00:00,25.0,1272,1008.3,0.0,9877,52.0,168.0,1.3
26.3,2025-10-26 20:04:27.319000+00:00,26.0,1272,1008.3,0.0,9877,51.9,243.0,2.3
26.1,2025-10-26 20:05:27.321000+00:00,26.0,1272,1008.3,0.0,9877,52.0,238.0,1.0
26.2,2025-10-26 20:06:27.314000+00:00,25.0,1272,1008.3,0.0,9877,52.0,165.0,1.7
26.3,2025-10-26 20:07:27.319000+00:00,26.0,1272,1008.3,0.0,9877,52.1,103.0,1.9
26.4,2025-10-26 20:08:27.329000+00:00,25.0,1272,1008.3,0.0,9877,52.7,108.0,1.8
26.4,2025-10-26 20:09:27.330000+00:00,25.0,1272,1008.3,0.0,9877,52.6,299.0,1.7
26.4,2025-10-26 20:10:27.328000+00:00,24.0,1272,1008.3,0.0,9877,52.2,237.0,1.8
26.4,2025-10-26 20:11:27.336000+00:00,25.0,1272,1008.3,0.0,9877,52.2,278.0,1.9
26.4,2025-10-26 20:12:27.333000+00:00,24.0,1272,1008.3,0.0,9877,52.0,267.0,1.5
26.4,2025-10-26 20:13:27.328000+00:00,25.0,1272,1008.3,0.0,9877,51.9,258.0,2.7
26.4,2025-10-26 20:14:27.330000+00:00,24.0,1272,1008.3,0.0,9877,51.8,273.0,3.1
26.5,2025-10-26 20:15:27.335000+00:00,24.0,1272,1008.3,0.0,9877,51.7,297.0,1.9
26.5,2025-10-26 20:16:27.332000+00:00,24.0,1272,1008.3,0.0,9877,51.7,297.0,1.9
26.6,2025-10-26 20:17:27.333000+00:00,24.0,1272,1008.3,0.0,9877,51.7,297.0,1.9
26.6,2025-10-26 20:18:27.334000+00:00,24.0,1272,1008.3,0.0,9877,51.1,289.0,2.6
26.8,2025-10-26 20:19:27.332000+00:00,24.0,1272,1008.3,0.0,9877,51.5,273.0,1.6
26.8,2025-10-26 20:20:27.340000+00:00,24.0,1272,1008.3,0.0,9877,51.4,268.0,2.4
26.6,2025-10-26 20:21:27.342000+00:00,24.0,1272,1008.3,0.0,9877,51.3,274.0,3.0
26.6,2025-10-26 20:22:27.331000+00:00,24.0,1272,1008.3,0.0,9877,51.4,275.0,1.8
26.6,2025-10-26 20:23:27.325000+00:00,24.0,1272,1008.3,0.0,9877,51.4,300.0,1.4
26.8,2025-10-26 20:24:27.336000+00:00,24.0,1272,1008.3,0.0,9877,51.3,256.0,1.7
26.8,2025-10-26 20:25:27.326000+00:00,24.0,1272,1008.3,0.0,9877,51.4,237.0,2.7
26.6,2025-10-26 20:26:27.342000+00:00,24.0,1272,1008.3,0.0,9877,51.5,249.0,1.7
26.6,2025-10-26 20:27:27.335000+00:00,23.0,1272,1008.3,0.0,9877,51.5,248.0,3.6
26.8,2025-10-26 20:28:27.345000+00:00,24.0,1272,1008.3,0.0,9877,51.4,249.0,2.2
26.8,2025-10-26 20:29:27.340000+00:00,24.0,1272,1008.3,0.0,9877,51.4,263.0,2.1
26.9,2025-10-26 20:30:27.340000+00:00,24.0,1272,1008.3,0.0,9877,51.3,285.0,3.6
26.8,2025-10-26 20:31:27.336000+00:00,24.0,1272,1008.3,0.0,9877,50.7,242.0,1.8
26.7,2025-10-26 20:32:27.345000+00:00,24.0,1272,1008.3,0.0,9877,50.4,286.0,1.4
26.7,2025-10-26 20:33:27.348000+00:00,23.0,1272,1008.3,0.0,9877,50.4,298.0,1.0
26.7,2025-10-26 20:34:27.391000+00:00,24.0,1272,1008.3,0.0,9877,50.3,292.0,0.6
26.6,2025-10-26 20:35:27.377000+00:00,24.0,1272,1008.3,0.0,9877,50.4,199.0,1.4
26.6,2025-10-26 20:36:27.360000+00:00,23.0,1272,1008.3,0.0,9877,50.7,180.0,1.7
26.5,2025-10-26 20:37:27.382000+00:00,23.0,1272,1008.3,0.0,9877,50.7,248.0,1.6
26.5,2025-10-26 20:38:27.379000+00:00,23.0,1272,1008.3,0.0,9877,50.7,296.0,1.9
26.5,2025-10-26 20:39:27.381000+00:00,23.0,1272,1008.3,0.0,9877,51.0,145.0,1.6
26.5,2025-10-26 20:40:27.388000+00:00,23.0,1272,1008.3,0.0,9877,51.0,151.0,1.5
26.6,2025-10-26 20:41:27.437000+00:00,23.0,1272,1008.3,0.0,9877,50.6,256.0,1.8
26.6,2025-10-26 20:42:27.403000+00:00,23.0,1272,1008.3,0.0,9877,50.6,279.0,2.6
26.6,2025-10-26 20:43:27.422000+00:00,23.0,1272,1008.3,0.0,9877,50.7,233.0,2.9
26.5,2025-10-26 20:44:27.410000+00:00,23.0,1272,1008.3,0.0,9877,50.7,183.0,3.2
26.4,2025-10-26 20:45:27.406000+00:00,23.0,1272,1008.3,0.0,9877,50.3,254.0,1.7
26.5,2025-10-26 20:46:27.394000+00:00,23.0,1272,1008.3,0.0,9877,50.3,239.0,1.5
26.6,2025-10-26 20:47:27.407000+00:00,23.0,1272,1008.3,0.0,9877,50.6,158.0,1.1
26.7,2025-10-26 20:48:27.424000+00:00,22.0,1272,1008.3,0.0,9877,50.8,246.0,2.2
27.0,2025-10-26 20:49:27.444000+00:00,22.0,1272,1008.3,0.0,9877,50.6,21.0,0.7
26.9,2025-10-26 20:50:27.457000+00:00,21.0,1272,1008.3,0.0,9877,50.5,306.0,1.4
26.8,2025-10-26 20:51:27.450000+00:00,21.0,1272,1008.3,0.0,9877,50.4,252.0,1.6
26.6,2025-10-26 20:52:27.465000+00:00,21.0,1272,1008.3,0.0,9877,50.4,283.0,2.1
26.8,2025-10-26 20:53:27.466000+00:00,21.0,1272,1008.3,0.0,9877,50.6,262.0,2.1
26.8,2025-10-26 20:54:27.454000+00:00,21.0,1272,1008.3,0.0,9877,50.6,203.0,2.1
26.8,2025-10-26 20:55:27.465000+00:00,20.0,1272,1008.3,0.0,9877,50.4,237.0,2.3
26.6,2025-10-26 20:56:27.462000+00:00,21.0,1272,1008.3,0.0,9877,49.9,201.0,2.7
26.5,2025-10-26 20:57:27.491000+00:00,21.0,1272,1008.3,0.0,9877,49.6,178.0,1.7
26.5,2025-10-26 20:58:27.491000+00:00,21.0,1272,1008.3,0.0,9877,50.2,247.0,1.1
26.5,2025-10-26 20:59:27.505000+00:00,21.0,1272,1008.3,0.0,9877,50.1,243.0,1.7
26.6,2025-10-26 21:00:27.490000+00:00,21.0,1272,1008.3,0.0,9877,49.7,144.0,1.2
26.8,2025-10-26 21:01:27.493000+00:00,20.0,1272,1008.3,0.0,9877,49.6,126.0,1.5
26.9,2025-10-26 21:02:27.491000+00:00,20.0,1272,1008.3,0.0,9877,49.4,113.0,1.1
27.0,2025-10-26 21:03:27.495000+00:00,20.0,1272,1008.3,0.0,9877,49.3,201.0,0.6
27.0,2025-10-26 21:04:27.500000+00:00,21.0,1272,1008.3,0.0,9877,49.1,333.0,0.6
26.9,2025-10-26 21:05:27.506000+00:00,21.0,1272,1008.3,0.0,9877,49.1,295.0,1.6
26.8,2025-10-26 21:06:27.492000+00:00,21.0,1272,1008.3,0.0,9877,49.1,300.0,1.1
26.8,2025-10-26 21:07:27.492000+00:00,22.0,1272,1008.3,0.0,9877,49.1,272.0,2.5
27.0,2025-10-26 21:08:27.509000+00:00,22.0,1272,1008.3,0.0,9877,49.1,265.0,2.3
27.1,2025-10-26 21:09:27.493000+00:00,21.0,1272,1008.3,0.0,9877,48.9,246.0,2.9
27.1,2025-10-26 21:10:27.497000+00:00,21.0,1272,1008.3,0.0,9877,48.3,249.0,2.1
27.1,2025-10-26 21:11:27.501000+00:00,22.0,1272,1008.3,0.0,9877,48.1,262.0,3.2
27.1,2025-10-26 21:12:27.506000+00:00,22.0,1272,1008.3,0.0,9877,48.1,261.0,2.1
27.1,2025-10-26 21:13:27.509000+00:00,21.0,1272,1008.3,0.0,9877,48.1,245.0,3.9
27.1,2025-10-26 21:14:27.506000+00:00,22.0,1272,1008.3,0.0,9877,48.0,277.0,3.2
27.0,2025-10-26 21:15:27.500000+00:00,22.0,1272,1008.3,0.0,9877,47.9,280.0,2.7
26.9,2025-10-26 21:16:27.504000+00:00,22.0,1272,1008.3,0.0,9877,47.8,262.0,3.0
26.9,2025-10-26 21:17:27.512000+00:00,22.0,1272,1008.3,0.0,9877,47.8,259.0,2.2
26.9,2025-10-26 21:18:27.507000+00:00,22.0,1272,1008.3,0.0,9877,48.0,294.0,2.0
26.9,2025-10-26 21:19:27.504000+00:00,22.0,1272,1008.3,0.0,9877,48.0,253.0,2.0
26.8,2025-10-26 21:20:27.510000+00:00,22.0,1272,1008.3,0.0,9877,47.8,273.0,2.2
26.8,2025-10-26 21:21:27.511000+00:00,22.0,1272,1008.3,0.0,9877,47.9,288.0,1.5
26.8,2025-10-26 21:22:27.511000+00:00,22.0,1272,1008.3,0.0,9877,47.5,285.0,2.5
26.8,2025-10-26 21:23:27.509000+00:00,22.0,1272,1008.3,0.0,9877,47.5,237.0,1.6
26.9,2025-10-26 21:24:27.513000+00:00,22.0,1272,1008.3,0.0,9877,47.7,275.0,0.9
27.0,2025-10-26 21:25:27.512000+00:00,22.0,1272,1008.3,0.0,9877,47.7,284.0,2.6
27.1,2025-10-26 21:26:27.514000+00:00,22.0,1272,1008.3,0.0,9877,47.6,288.0,3.3
27.1,2025-10-26 21:27:27.513000+00:00,22.0,1272,1008.3,0.0,9877,47.4,287.0,3.4
27.0,2025-10-26 21:28:27.511000+00:00,22.0,1272,1008.3,0.0,9877,46.9,247.0,1.4
27.0,2025-10-26 21:29:27.516000+00:00,22.0,1272,1008.3,0.0,9877,47.0,222.0,1.4
27.0,2025-10-26 21:30:27.508000+00:00,21.0,1272,1008.3,0.0,9877,47.1,277.0,2.1
26.9,2025-10-26 21:31:27.526000+00:00,20.0,1272,1008.3,0.0,9877,47.1,245.0,1.2
27.0,2025-10-26 21:32:27.525000+00:00,21.0,1272,1008.3,0.0,9877,46.8,287.0,1.2
27.0,2025-10-26 21:33:27.515000+00:00,21.0,1272,1008.3,0.0,9877,46.7,257.0,1.4
27.1,2025-10-26 21:34:27.523000+00:00,21.0,1272,1008.3,0.0,9877,46.7,249.0,3.0
27.0,2025-10-26 21:35:27.516000+00:00,20.0,1272,1008.3,0.0,9877,46.7,157.0,1.5
26.9,2025-10-26 21:36:27.540000+00:00,20.0,1272,1008.3,0.0,9877,46.7,146.0,2.3
26.9,2025-10-26 21:37:27.556000+00:00,20.0,1272,1008.3,0.0,9877,46.5,264.0,1.0
26.9,2025-10-26 21:38:27.567000+00:00,20.0,1272,1008.3,0.0,9877,46.5,117.0,1.5
26.8,2025-10-26 21:39:27.579000+00:00,20.0,1272,1008.3,0.0,9877,46.1,174.0,1.7
26.8,2025-10-26 21:40:27.559000+00:00,21.0,1272,1008.3,0.0,9877,45.8,237.0,2.0
26.8,2025-10-26 21:41:27.566000+00:00,21.0,1272,1008.3,0.0,9877,45.8,308.0,1.6
26.9,2025-10-26 21:42:27.617000+00:00,21.0,1272,1008.3,0.0,9877,45.7,147.0,1.0
26.9,2025-10-26 21:43:27.584000+00:00,20.0,1272,1008.3,0.0,9877,45.7,264.0,1.2
26.9,2025-10-26 21:44:27.569000+00:00,20.0,1272,1008.3,0.0,9877,45.7,247.0,2.2
26.9,2025-10-26 21:45:27.583000+00:00,20.0,1272,1008.3,0.0,9877,45.7,245.0,2.4
27.0,2025-10-26 21:46:27.585000+00:00,21.0,1272,1008.3,0.0,9877,45.7,285.0,0.8
27.0,2025-10-26 21:47:27.620000+00:00,20.0,1272,1008.3,0.0,9877,45.8,284.0,1.4
22.5,2025-11-08 13:15:08.164000+00:00,75.0,1273,919.0,0.0,9864,25.5,359.0,1.5
22.5,2025-11-08 13:16:08.171000+00:00,76.0,1273,919.1,0.0,9864,24.9,83.0,1.4
22.5,2025-11-08 13:17:08.178000+00:00,76.0,1273,919.0,0.0,9864,24.9,62.0,1.5
22.5,2025-11-08 13:18:08.184000+00:00,75.0,1273,919.1,0.0,9864,24.9,12.0,2.0
22.5,2025-11-08 13:19:08.190000+00:00,75.0,1273,919.2,0.0,9864,24.7,28.0,2.2
22.5,2025-11-08 13:20:08.208000+00:00,76.0,1273,919.3,0.0,9864,24.7,69.0,2.1
22.4,2025-11-08 13:21:08.210000+00:00,76.0,1273,919.3,0.0,9864,24.7,0.0,1.3
22.4,2025-11-08 13:22:08.215000+00:00,76.0,1273,919.3,1.0,9864,24.7,318.0,0.9
22.4,2025-11-08 13:23:08.222000+00:00,76.0,1273,919.2,0.0,9864,24.7,44.0,0.7
22.4,2025-11-08 13:24:08.225000+00:00,76.0,1273,919.3,0.0,9864,24.6,85.0,1.7
22.4,2025-11-08 13:25:08.252000+00:00,76.0,1273,919.2,0.0,9864,24.6,349.0,1.3
22.4,2025-11-08 13:26:08.242000+00:00,76.0,1273,919.3,0.0,9864,24.8,60.0,1.5
22.4,2025-11-08 13:27:08.242000+00:00,76.0,1273,919.2,0.0,9864,24.8,66.0,1.0
22.4,2025-11-08 13:28:08.259000+00:00,76.0,1273,919.3,0.0,9864,24.7,39.0,3.2
22.4,2025-11-08 13:29:08.263000+00:00,76.0,1273,919.2,0.0,9864,24.4,65.0,3.1
22.4,2025-11-08 13:30:08.279000+00:00,76.0,1273,919.3,0.0,9864,24.5,42.0,2.5
22.4,2025-11-08 13:31:08.281000+00:00,76.0,1273,919.3,0.0,9864,24.5,25.0,1.2
22.4,2025-11-08 13:32:08.283000+00:00,77.0,1273,919.2,0.0,9864,24.5,57.0,2.4
22.4,2025-11-08 13:33:08.305000+00:00,76.0,1273,919.2,0.0,9864,24.5,30.0,1.9
22.4,2025-11-08 13:34:08.310000+00:00,76.0,1273,919.1,0.0,9864,24.5,21.0,2.0
22.4,2025-11-08 13:35:08.322000+00:00,76.0,1273,919.1,0.0,9864,24.6,41.0,3.1
22.4,2025-11-08 13:36:08.320000+00:00,76.0,1273,919.1,0.0,9864,24.6,49.0,2.5
22.4,2025-11-08 13:37:08.315000+00:00,76.0,1273,919.1,0.0,9864,24.7,18.0,1.6
22.4,2025-11-08 13:38:08.324000+00:00,76.0,1273,919.0,0.0,9864,24.7,19.0,1.6
22.4,2025-11-08 13:39:08.323000+00:00,75.0,1273,919.0,0.0,9864,25.0,50.0,1.2
22.4,2025-11-08 13:40:08.310000+00:00,76.0,1273,919.2,0.0,9864,25.1,27.0,2.4
22.5,2025-11-08 13:41:08.317000+00:00,76.0,1273,919.1,0.0,9864,25.1,11.0,2.5
22.5,2025-11-08 13:42:08.322000+00:00,76.0,1273,919.2,0.0,9864,25.3,48.0,1.7
22.5,2025-11-08 13:43:08.326000+00:00,75.0,1273,919.1,0.0,9864,25.9,16.0,2.5
22.5,2025-11-08 13:44:08.330000+00:00,75.0,1273,919.2,0.0,9864,25.9,37.0,1.7
22.6,2025-11-08 13:45:08.315000+00:00,75.0,1273,919.1,0.0,9864,25.7,16.0,3.3
22.6,2025-11-08 13:46:08.323000+00:00,75.0,1273,919.1,0.0,9864,25.7,32.0,2.8
22.6,2025-11-08 13:47:08.324000+00:00,75.0,1273,919.3,0.0,9864,25.6,30.0,3.0
22.6,2025-11-08 13:48:08.328000+00:00,75.0,1273,919.2,0.0,9864,25.4,31.0,3.1
22.6,2025-11-08 13:49:08.322000+00:00,75.0,1273,919.2,0.0,9864,25.4,61.0,3.4
22.6,2025-11-08 13:50:08.328000+00:00,75.0,1273,919.3,0.0,9864,25.4,37.0,2.6
22.6,2025-11-08 13:51:08.332000+00:00,75.0,1273,919.3,0.0,9864,25.4,28.0,2.1
22.6,2025-11-08 13:52:08.333000+00:00,75.0,1273,919.3,0.0,9864,25.3,101.0,2.0
22.6,2025-11-08 13:53:08.326000+00:00,75.0,1273,919.0,0.0,9864,25.2,74.0,2.2
22.6,2025-11-08 13:54:08.334000+00:00,75.0,1273,919.3,0.0,9864,25.2,14.0,2.5
22.6,2025-11-08 13:55:08.326000+00:00,75.0,1273,919.4,0.0,9864,25.1,41.0,1.3
22.6,2025-11-08 13:56:08.333000+00:00,75.0,1273,919.3,0.0,9864,25.1,50.0,1.4
22.5,2025-11-08 13:57:08.334000+00:00,75.0,1273,919.3,0.0,9864,25.1,28.0,1.7
22.5,2025-11-08 13:58:08.326000+00:00,75.0,1273,919.3,0.0,9864,25.1,56.0,3.0
22.5,2025-11-08 13:59:08.328000+00:00,75.0,1273,919.3,0.0,9864,25.2,35.0,2.1
22.6,2025-11-08 14:00:08.330000+00:00,75.0,1273,919.3,0.0,9864,25.3,65.0,2.2
22.6,2025-11-08 14:01:08.334000+00:00,75.0,1273,919.4,0.0,9864,25.4,83.0,1.3
22.7,2025-11-08 14:02:08.337000+00:00,75.0,1273,919.4,0.0,9864,25.9,356.0,1.8
22.7,2025-11-08 14:03:08.340000+00:00,75.0,1273,919.6,0.0,9864,26.1,123.0,0.8
22.8,2025-11-08 14:04:08.347000+00:00,75.0,1273,919.5,0.0,9864,25.9,315.0,2.8
22.9,2025-11-08 14:05:08.336000+00:00,74.0,1273,919.6,0.0,9864,25.9,27.0,1.7
22.8,2025-11-08 14:06:08.335000+00:00,74.0,1273,919.6,0.0,9864,25.5,1.0,3.7
22.8,2025-11-08 14:07:08.335000+00:00,74.0,1273,919.6,0.0,9864,25.5,46.0,3.7
22.8,2025-11-08 14:08:08.341000+00:00,75.0,1273,919.6,0.0,9864,25.5,343.0,4.3
22.8,2025-11-08 14:09:08.344000+00:00,74.0,1273,919.7,0.0,9864,25.6,55.0,1.9
22.9,2025-11-08 14:10:08.346000+00:00,74.0,1273,919.5,0.0,9864,26.0,61.0,1.5
22.9,2025-11-08 14:11:08.348000+00:00,74.0,1273,919.6,0.0,9864,26.5,29.0,1.3
23.0,2025-11-08 14:12:08.406000+00:00,73.0,1273,919.5,0.0,9864,26.7,40.0,2.2
23.0,2025-11-08 14:13:08.357000+00:00,73.0,1273,919.5,0.0,9864,26.7,33.0,2.9
23.0,2025-11-08 14:14:08.378000+00:00,73.0,1273,919.6,0.0,9864,26.8,59.0,2.7
23.0,2025-11-08 14:15:08.393000+00:00,72.0,1273,919.5,0.0,9864,26.9,13.0,2.3
23.1,2025-11-08 14:16:08.412000+00:00,73.0,1273,919.6,0.0,9864,27.3,0.0,1.6
23.2,2025-11-08 14:17:08.408000+00:00,72.0,1273,919.6,0.0,9864,27.9,36.0,0.9
23.3,2025-11-08 14:18:08.434000+00:00,71.0,1273,919.5,0.0,9864,28.0,122.0,1.5
23.3,2025-11-08 14:19:08.427000+00:00,70.0,1273,919.5,0.0,9864,28.1,91.0,1.3
23.4,2025-11-08 14:20:08.427000+00:00,70.0,1273,919.5,0.0,9864,28.1,17.0,1.7
23.4,2025-11-08 14:21:08.442000+00:00,71.0,1273,919.5,0.0,9864,28.0,6.0,1.6
23.4,2025-11-08 14:22:08.458000+00:00,70.0,1273,919.5,0.0,9864,28.1,9.0,1.1
23.4,2025-11-08 14:23:08.465000+00:00,69.0,1273,919.4,0.0,9864,28.4,20.0,1.5
23.5,2025-11-08 14:24:08.469000+00:00,69.0,1273,919.4,0.0,9864,28.0,33.0,2.9
23.4,2025-11-08 14:25:08.468000+00:00,71.0,1273,919.4,0.0,9864,28.0,15.0,2.2
23.4,2025-11-08 14:26:08.475000+00:00,70.0,1273,919.2,0.0,9864,28.0,49.0,2.0
23.4,2025-11-08 14:27:08.468000+00:00,70.0,1273,919.2,0.0,9864,28.2,23.0,2.3
23.4,2025-11-08 14:28:08.501000+00:00,70.0,1273,919.2,0.0,9864,28.3,46.0,2.7
23.5,2025-11-08 14:29:08.498000+00:00,70.0,1273,919.3,0.0,9864,28.3,48.0,2.4
23.4,2025-11-08 14:30:08.514000+00:00,69.0,1273,919.2,0.0,9864,28.5,45.0,2.2
23.5,2025-11-08 14:31:08.524000+00:00,70.0,1273,919.2,0.0,9864,28.6,48.0,2.2
23.5,2025-11-08 14:32:08.526000+00:00,69.0,1273,919.3,0.0,9864,28.7,40.0,1.6
23.5,2025-11-08 14:33:08.532000+00:00,69.0,1273,919.2,0.0,9864,28.7,18.0,4.0
23.5,2025-11-08 14:34:08.525000+00:00,70.0,1273,919.2,0.0,9864,28.9,34.0,2.2
23.5,2025-11-08 14:35:08.533000+00:00,69.0,1273,919.2,0.0,9864,29.2,66.0,1.0
23.6,2025-11-08 14:36:08.541000+00:00,69.0,1273,919.3,0.0,9864,29.3,79.0,2.0
23.6,2025-11-08 14:37:08.534000+00:00,68.0,1273,919.2,0.0,9864,29.7,91.0,1.3
23.6,2025-11-08 14:38:08.530000+00:00,67.0,1273,919.2,0.0,9864,29.8,69.0,2.1
23.6,2025-11-08 14:39:08.528000+00:00,68.0,1273,919.1,0.0,9864,29.8,28.0,1.1
23.5,2025-11-08 14:40:08.531000+00:00,66.0,1273,919.1,0.0,9864,29.5,46.0,3.2
23.5,2025-11-08 14:41:08.529000+00:00,67.0,1273,919.1,0.0,9864,29.4,55.0,3.6
23.5,2025-11-08 14:42:08.553000+00:00,68.0,1273,919.1,0.0,9864,29.2,60.0,1.8
23.4,2025-11-08 14:43:08.569000+00:00,67.0,1273,919.0,0.0,9864,29.2,6.0,2.4
23.5,2025-11-08 14:44:08.582000+00:00,67.0,1273,919.1,0.0,9864,29.3,27.0,2.4
23.4,2025-11-08 14:45:08.600000+00:00,67.0,1273,919.0,0.0,9864,29.0,46.0,2.1
23.4,2025-11-08 14:46:08.604000+00:00,67.0,1273,918.9,0.0,9864,28.7,43.0,1.1
23.5,2025-11-08 14:47:08.618000+00:00,67.0,1273,919.1,0.0,9864,28.8,18.0,2.2
23.5,2025-11-08 14:48:08.631000+00:00,67.0,1273,919.1,0.0,9864,28.7,31.0,3.3
23.4,2025-11-08 14:49:08.638000+00:00,67.0,1273,919.1,0.0,9864,28.7,95.0,2.7
23.4,2025-11-08 14:50:08.620000+00:00,68.0,1273,919.1,0.0,9864,28.7,47.0,1.7
23.4,2025-11-08 14:51:08.620000+00:00,68.0,1273,919.0,0.0,9864,28.9,32.0,2.0
23.4,2025-11-08 14:52:08.620000+00:00,67.0,1273,919.0,0.0,9864,29.2,30.0,1.9
23.4,2025-11-08 14:53:08.624000+00:00,67.0,1273,918.9,0.0,9864,29.2,59.0,2.7
23.5,2025-11-08 14:54:08.621000+00:00,67.0,1273,919.0,0.0,9864,29.4,25.0,1.6
23.5,2025-11-08 14:55:08.621000+00:00,67.0,1273,919.0,0.0,9864,29.5,355.0,1.8
23.5,2025-11-08 14:56:08.619000+00:00,67.0,1273,919.0,0.0,9864,29.4,26.0,3.3
23.5,2025-11-08 14:57:08.624000+00:00,67.0,1273,919.1,0.0,9864,29.2,46.0,2.3
23.5,2025-11-08 14:58:08.623000+00:00,67.0,1273,919.1,0.0,9864,29.2,16.0,2.7
17.9,2025-11-09 16:07:20.633000+00:00,70.0,1273,929.9,0.0,9869,32.7,124.0,1.0
17.9,2025-11-09 16:08:20.631000+00:00,70.0,1273,929.9,0.0,9869,32.7,160.0,1.3
17.9,2025-11-09 16:09:20.631000+00:00,70.0,1273,930.0,0.0,9869,32.8,178.0,1.5
18.0,2025-11-09 16:10:20.633000+00:00,70.0,1273,929.9,0.0,9869,32.8,158.0,2.0
17.9,2025-11-09 16:11:20.632000+00:00,70.0,1273,930.0,0.0,9869,32.3,177.0,1.9
17.9,2025-11-09 16:12:20.633000+00:00,71.0,1273,930.0,0.0,9869,32.2,194.0,1.8
17.9,2025-11-09 16:13:20.641000+00:00,71.0,1273,929.9,0.0,9869,31.6,181.0,2.0
17.9,2025-11-09 16:14:20.635000+00:00,71.0,1273,929.9,0.0,9869,31.2,154.0,2.7
17.8,2025-11-09 16:15:20.634000+00:00,72.0,1273,930.0,0.0,9869,30.7,203.0,2.2
17.8,2025-11-09 16:16:20.641000+00:00,73.0,1273,929.9,0.0,9869,30.4,194.0,2.1
17.6,2025-11-09 16:17:20.633000+00:00,74.0,1273,929.9,0.0,9869,30.0,141.0,1.7
17.5,2025-11-09 16:18:20.635000+00:00,73.0,1273,929.9,0.0,9869,29.8,203.0,2.4
17.4,2025-11-09 16:19:20.634000+00:00,73.0,1273,929.9,0.0,9869,29.7,196.0,2.2
17.2,2025-11-09 16:20:20.634000+00:00,73.0,1273,929.8,0.0,9869,29.7,206.0,1.7
17.1,2025-11-09 16:21:20.634000+00:00,73.0,1273,929.8,0.0,9869,29.7,153.0,1.7
17.0,2025-11-09 16:22:20.647000+00:00,73.0,1273,930.0,0.0,9869,29.6,189.0,2.4
17.0,2025-11-09 16:23:20.640000+00:00,73.0,1273,929.9,0.0,9869,29.5,156.0,2.2
17.0,2025-11-09 16:24:20.656000+00:00,74.0,1273,929.9,0.0,9869,29.5,200.0,1.5
17.0,2025-11-09 16:25:20.665000+00:00,74.0,1273,929.9,0.0,9869,29.5,190.0,1.6
17.1,2025-11-09 16:26:20.678000+00:00,75.0,1273,929.9,0.0,9869,29.5,0.0,0.8
17.1,2025-11-09 16:27:20.701000+00:00,74.0,1273,929.9,0.0,9869,29.8,335.0,0.6
17.0,2025-11-09 16:28:20.691000+00:00,73.0,1273,929.9,0.0,9869,29.8,147.0,1.0
17.0,2025-11-09 16:29:20.691000+00:00,73.0,1273,929.9,0.0,9869,29.7,181.0,0.9
17.0,2025-11-09 16:30:20.707000+00:00,73.0,1273,929.9,0.0,9869,29.6,183.0,1.3
16.9,2025-11-09 16:31:20.723000+00:00,74.0,1273,929.9,0.0,9869,29.4,128.0,1.2
16.8,2025-11-09 16:32:20.737000+00:00,75.0,1273,930.0,0.0,9869,29.4,202.0,1.8
16.8,2025-11-09 16:33:20.730000+00:00,74.0,1273,929.9,0.0,9869,29.3,177.0,1.0
16.8,2025-11-09 16:34:20.727000+00:00,75.0,1273,929.9,0.0,9869,29.4,199.0,1.0
16.7,2025-11-09 16:35:20.755000+00:00,75.0,1273,930.0,0.0,9869,29.5,161.0,1.7
16.7,2025-11-09 16:36:20.774000+00:00,75.0,1273,929.9,0.0,9869,29.8,194.0,0.9
16.6,2025-11-09 16:37:20.778000+00:00,73.0,1273,929.9,0.0,9869,29.8,206.0,1.6
16.6,2025-11-09 16:38:20.777000+00:00,73.0,1273,929.9,0.0,9869,29.8,176.0,1.8
16.6,2025-11-09 16:39:20.775000+00:00,72.0,1273,929.9,0.0,9869,29.9,177.0,1.6
16.7,2025-11-09 16:40:20.768000+00:00,72.0,1273,929.9,0.0,9869,30.1,167.0,2.2
16.9,2025-11-09 16:41:20.771000+00:00,72.0,1273,929.8,0.0,9869,30.4,161.0,0.7
17.0,2025-11-09 16:42:20.764000+00:00,71.0,1273,929.9,0.0,9869,30.4,129.0,1.3
17.0,2025-11-09 16:43:20.777000+00:00,71.0,1273,929.9,0.0,9869,30.4,178.0,1.2
17.1,2025-11-09 16:44:20.779000+00:00,72.0,1273,929.9,0.0,9869,30.5,138.0,2.1
17.1,2025-11-09 16:45:20.772000+00:00,72.0,1273,929.9,0.0,9869,30.4,197.0,2.4
17.1,2025-11-09 16:46:20.782000+00:00,73.0,1273,929.9,0.0,9869,30.4,133.0,1.6
17.2,2025-11-09 16:47:20.778000+00:00,72.0,1273,929.9,0.0,9869,30.7,171.0,0.7
17.3,2025-11-09 16:48:20.784000+00:00,71.0,1273,929.8,0.0,9869,31.0,162.0,0.6
17.3,2025-11-09 16:49:20.787000+00:00,70.0,1273,929.8,0.0,9869,31.1,125.0,1.0
17.4,2025-11-09 16:50:20.793000+00:00,70.0,1273,929.8,0.0,9869,30.9,203.0,1.1
17.5,2025-11-09 16:51:20.817000+00:00,71.0,1273,929.8,0.0,9869,30.8,154.0,0.9
17.4,2025-11-09 16:52:20.836000+00:00,70.0,1273,929.9,0.0,9869,31.0,170.0,0.9
17.4,2025-11-09 16:53:20.836000+00:00,70.0,1273,929.8,0.0,9869,31.2,144.0,1.1
17.5,2025-11-09 16:54:20.836000+00:00,70.0,1273,929.8,0.0,9869,31.1,212.0,1.1
17.5,2025-11-09 16:55:20.833000+00:00,70.0,1273,929.8,0.0,9869,30.7,149.0,1.9
17.5,2025-11-09 16:56:20.845000+00:00,70.0,1273,929.9,0.0,9869,30.7,162.0,1.1
17.5,2025-11-09 16:57:20.868000+00:00,70.0,1273,929.8,0.0,9869,30.8,122.0,0.9
17.5,2025-11-09 16:58:20.884000+00:00,69.0,1273,929.7,0.0,9869,30.9,130.0,0.4
17.5,2025-11-09 16:59:20.887000+00:00,69.0,1273,929.8,0.0,9869,30.9,149.0,1.4
17.5,2025-11-09 17:00:20.867000+00:00,70.0,1273,929.8,0.0,9869,30.8,171.0,1.1
17.5,2025-11-09 17:01:20.880000+00:00,70.0,1273,929.9,0.0,9869,31.1,162.0,0.6
17.5,2025-11-09 17:02:20.888000+00:00,70.0,1273,929.8,0.0,9869,30.7,0.0,1.7
17.5,2025-11-09 17:03:20.886000+00:00,69.0,1273,929.8,0.0,9869,30.8,123.0,0.4
17.5,2025-11-09 17:04:20.899000+00:00,70.0,1273,929.9,0.0,9869,30.7,158.0,1.7
17.5,2025-11-09 17:05:20.919000+00:00,70.0,1273,929.8,0.0,9869,30.7,161.0,1.9
17.5,2025-11-09 17:06:20.924000+00:00,70.0,1273,929.9,0.0,9869,30.6,140.0,1.1
17.5,2025-11-09 17:07:20.922000+00:00,70.0,1273,929.8,0.0,9869,30.5,175.0,1.4
17.4,2025-11-09 17:08:20.924000+00:00,70.0,1273,929.9,0.0,9869,30.5,152.0,1.8
17.4,2025-11-09 17:09:20.925000+00:00,70.0,1273,929.9,0.0,9869,30.5,118.0,1.3
17.4,2025-11-09 17:10:20.928000+00:00,71.0,1273,929.9,0.0,9869,30.5,139.0,1.3
17.4,2025-11-09 17:11:20.923000+00:00,71.0,1273,929.9,0.0,9869,30.4,155.0,1.5
17.3,2025-11-09 17:12:20.924000+00:00,71.0,1273,929.9,0.0,9869,30.5,219.0,1.8
17.3,2025-11-09 17:13:20.921000+00:00,70.0,1273,929.8,0.0,9869,30.4,192.0,2.0
17.3,2025-11-09 17:14:20.933000+00:00,71.0,1273,929.9,0.0,9869,30.3,220.0,1.7
17.2,2025-11-09 17:15:20.932000+00:00,71.0,1273,929.9,0.0,9869,30.5,169.0,1.0
17.3,2025-11-09 17:16:20.940000+00:00,70.0,1273,929.8,0.0,9869,30.5,181.0,1.2
17.3,2025-11-09 17:17:20.922000+00:00,70.0,1273,929.9,0.0,9869,30.2,182.0,1.5
17.3,2025-11-09 17:18:20.933000+00:00,70.0,1273,929.8,0.0,9869,30.1,143.0,0.9
17.3,2025-11-09 17:19:20.928000+00:00,70.0,1273,929.9,0.0,9869,30.1,0.0,0.9
17.3,2025-11-09 17:20:20.934000+00:00,69.0,1273,929.9,0.0,9869,30.1,173.0,2.1
17.3,2025-11-09 17:21:20.938000+00:00,69.0,1273,929.9,0.0,9869,30.2,174.0,1.8
17.4,2025-11-09 17:22:20.936000+00:00,69.0,1273,929.8,0.0,9869,30.3,179.0,1.2
17.5,2025-11-09 17:23:20.929000+00:00,69.0,1273,929.8,0.0,9869,30.4,212.0,1.3
17.5,2025-11-09 17:24:20.935000+00:00,69.0,1273,929.8,0.0,9869,30.4,353.0,0.9
17.5,2025-11-09 17:25:20.936000+00:00,68.0,1273,929.8,0.0,9869,30.7,181.0,0.6
17.5,2025-11-09 17:26:20.936000+00:00,68.0,1273,929.8,0.0,9869,30.7,173.0,1.5
17.6,2025-11-09 17:27:20.936000+00:00,68.0,1273,929.7,0.0,9869,30.8,0.0,0.4
17.6,2025-11-09 17:28:20.936000+00:00,67.0,1273,929.8,0.0,9869,31.0,197.0,2.0
17.6,2025-11-09 17:29:20.955000+00:00,68.0,1273,929.7,0.0,9869,30.9,157.0,1.9
17.6,2025-11-09 17:30:20.958000+00:00,68.0,1273,929.7,0.0,9869,31.3,158.0,1.5
17.6,2025-11-09 17:31:20.976000+00:00,68.0,1273,929.7,0.0,9869,31.3,168.0,2.2
17.6,2025-11-09 17:32:20.969000+00:00,69.0,1273,929.7,0.0,9869,31.4,150.0,1.3
17.7,2025-11-09 17:33:20.980000+00:00,68.0,1273,929.7,0.0,9869,31.4,160.0,1.1
17.7,2025-11-09 17:34:21.038000+00:00,67.0,1273,929.6,0.0,9869,31.7,165.0,1.5
17.7,2025-11-09 17:35:21.006000+00:00,67.0,1273,929.6,0.0,9869,31.7,185.0,1.9
17.7,2025-11-09 17:36:21.008000+00:00,68.0,1273,929.6,0.0,9869,31.5,149.0,1.3
17.7,2025-11-09 17:37:21.010000+00:00,67.0,1273,929.7,0.0,9869,31.1,181.0,1.6
17.7,2025-11-09 17:38:21.010000+00:00,67.0,1273,929.6,0.0,9869,31.1,170.0,1.6
17.6,2025-11-09 17:39:21.008000+00:00,69.0,1273,929.7,0.0,9869,30.8,179.0,1.8
17.6,2025-11-09 17:40:21.030000+00:00,68.0,1273,929.7,0.0,9869,31.0,220.0,1.5
17.5,2025-11-09 17:41:21.040000+00:00,68.0,1273,929.7,0.0,9869,31.1,174.0,1.7
17.5,2025-11-09 17:42:21.053000+00:00,68.0,1273,929.6,0.0,9869,31.2,0.0,1.4
17.5,2025-11-09 17:43:21.054000+00:00,68.0,1273,929.6,0.0,9869,31.1,164.0,0.7
17.5,2025-11-09 17:44:21.081000+00:00,67.0,1273,929.6,0.0,9869,31.0,257.0,1.1
17.5,2025-11-09 17:45:21.076000+00:00,68.0,1273,929.6,0.0,9869,30.8,140.0,1.5
17.4,2025-11-09 17:46:21.074000+00:00,68.0,1273,929.7,0.0,9869,30.9,194.0,1.1
17.5,2025-11-09 17:47:21.077000+00:00,68.0,1273,929.6,0.0,9869,30.9,204.0,1.5
17.5,2025-11-09 17:48:21.064000+00:00,68.0,1273,929.6,0.0,9869,30.8,127.0,0.6
17.4,2025-11-09 17:49:21.080000+00:00,68.0,1273,929.6,0.0,9869,30.4,188.0,1.7
17.4,2025-11-09 17:50:21.079000+00:00,69.0,1273,929.6,0.0,9869,30.3,167.0,2.4
17.4,2025-11-09 17:51:21.067000+00:00,69.0,1273,929.6,0.0,9869,30.3,143.0,1.3
17.3,2025-11-09 17:52:21.079000+00:00,70.0,1273,929.6,0.0,9869,30.3,199.0,1.7
17.3,2025-11-09 17:53:21.083000+00:00,70.0,1273,929.6,0.0,9869,30.3,175.0,2.4
17.3,2025-11-09 17:54:21.073000+00:00,71.0,1273,929.5,0.0,9869,30.2,183.0,1.0
17.2,2025-11-09 17:55:21.085000+00:00,71.0,1273,929.5,0.0,9869,30.2,201.0,1.7
17.2,2025-11-09 17:56:21.085000+00:00,71.0,1273,929.6,0.0,9869,30.1,139.0,1.4
17.2,2025-11-09 17:57:21.079000+00:00,70.0,1273,929.4,0.0,9869,30.3,170.0,1.0
17.2,2025-11-09 17:58:21.087000+00:00,70.0,1273,929.5,0.0,9869,30.3,196.0,1.2
17.2,2025-11-09 17:59:21.077000+00:00,71.0,1273,929.4,0.0,9869,30.2,140.0,1.7
17.2,2025-11-09 18:00:21.078000+00:00,71.0,1273,929.4,0.0,9869,30.2,132.0,1.3
17.2,2025-11-09 18:01:21.088000+00:00,71.0,1273,929.6,0.0,9869,30.2,187.0,1.5
17.2,2025-11-09 18:02:21.092000+00:00,71.0,1273,929.5,0.0,9869,30.2,167.0,1.8
17.1,2025-11-09 18:03:21.093000+00:00,71.0,1273,929.5,0.0,9869,30.0,187.0,2.0
17.1,2025-11-09 18:04:21.090000+00:00,71.0,1273,929.5,0.0,9869,30.2,183.0,1.6
17.1,2025-11-09 18:05:21.094000+00:00,71.0,1273,929.3,0.0,9869,30.3,156.0,1.1
17.1,2025-11-09 18:06:21.086000+00:00,70.0,1273,929.4,0.0,9869,30.6,204.0,0.9
17.2,2025-11-09 18:07:21.213000+00:00,69.0,1273,929.4,0.0,9869,30.6,161.0,1.0
17.2,2025-11-09 18:08:21.217000+00:00,69.0,1273,929.4,0.0,9869,30.5,150.0,2.2
17.2,2025-11-09 18:09:21.237000+00:00,70.0,1273,929.4,0.0,9869,30.4,143.0,1.9
17.3,2025-11-09 18:10:21.240000+00:00,70.0,1273,929.4,0.0,9869,30.6,126.0,1.3
17.4,2025-11-09 18:11:21.254000+00:00,71.0,1273,929.4,0.0,9869,30.8,156.0,2.7
17.5,2025-11-09 18:12:21.265000+00:00,71.0,1273,929.4,0.0,9869,31.2,168.0,1.2
17.5,2025-11-09 18:13:21.265000+00:00,70.0,1273,929.5,0.0,9869,31.4,171.0,1.9
17.5,2025-11-09 18:14:21.277000+00:00,70.0,1273,929.4,0.0,9869,31.4,0.0,1.7
17.5,2025-11-09 18:15:21.271000+00:00,70.0,1273,929.4,0.0,9869,31.4,170.0,0.9
17.4,2025-11-09 18:16:21.261000+00:00,70.0,1273,929.5,0.0,9869,31.5,171.0,1.7
17.4,2025-11-09 18:17:21.265000+00:00,70.0,1273,929.4,0.0,9869,31.4,194.0,2.0
17.5,2025-11-09 18:18:21.261000+00:00,71.0,1273,929.5,0.0,9869,31.1,207.0,1.7
17.5,2025-11-09 18:19:21.278000+00:00,71.0,1273,929.5,0.0,9869,31.1,165.0,1.7
17.4,2025-11-09 18:20:21.285000+00:00,71.0,1273,929.4,0.0,9869,31.4,267.0,1.9
17.5,2025-11-09 18:21:21.297000+00:00,70.0,1273,929.4,0.0,9869,31.8,182.0,1.8
17.5,2025-11-09 18:22:21.317000+00:00,70.0,1273,929.4,0.0,9869,31.8,169.0,2.8
17.4,2025-11-09 18:23:21.315000+00:00,72.0,1273,929.4,0.0,9869,31.2,245.0,2.9
17.3,2025-11-09 18:24:21.317000+00:00,72.0,1273,929.5,0.0,9869,31.2,198.0,1.8
17.2,2025-11-09 18:25:21.325000+00:00,72.0,1273,929.5,0.0,9869,31.0,194.0,2.7
17.3,2025-11-09 18:26:21.318000+00:00,72.0,1273,929.5,0.0,9869,31.0,128.0,2.5
17.3,2025-11-09 18:27:21.343000+00:00,72.0,1273,929.5,0.0,9869,30.9,203.0,1.4
17.2,2025-11-09 18:28:21.364000+00:00,72.0,1273,929.5,0.0,9869,31.0,144.0,1.6
17.3,2025-11-09 18:29:21.353000+00:00,72.0,1273,929.4,0.0,9869,31.0,179.0,1.4
17.3,2025-11-09 18:30:21.362000+00:00,72.0,1273,929.4,0.0,9869,31.0,146.0,2.1
17.2,2025-11-09 18:31:21.367000+00:00,72.0,1273,929.4,0.0,9869,31.0,130.0,1.9
17.2,2025-11-09 18:32:21.361000+00:00,71.0,1273,929.4,0.0,9869,31.2,148.0,1.8
17.2,2025-11-09 18:33:21.363000+00:00,71.0,1273,929.5,0.0,9869,31.3,155.0,1.4
17.2,2025-11-09 18:34:21.372000+00:00,72.0,1273,929.5,0.0,9869,31.3,165.0,1.9
17.4,2025-11-09 18:35:21.399000+00:00,71.0,1273,929.5,0.0,9869,31.5,190.0,1.1
17.4,2025-11-09 18:36:21.402000+00:00,71.0,1273,929.5,0.0,9869,31.5,189.0,2.1
17.4,2025-11-09 18:37:21.408000+00:00,70.0,1273,929.4,0.0,9869,31.3,122.0,1.0
17.4,2025-11-09 18:38:21.409000+00:00,70.0,1273,929.4,0.0,9869,31.4,196.0,0.7
16.9,2025-11-23 03:06:32.953000+00:00,38.0,1274,942.1,0.0,9858,18.0,126.0,0.7
16.9,2025-11-23 03:07:32.950000+00:00,38.0,1274,942.1,0.0,9858,17.6,133.0,0.7
16.9,2025-11-23 03:08:32.953000+00:00,38.0,1274,942.2,0.0,9858,17.6,80.0,0.6
16.9,2025-11-23 03:09:32.953000+00:00,38.0,1274,942.1,0.0,9858,17.7,62.0,0.0
16.9,2025-11-23 03:10:32.955000+00:00,38.0,1274,942.1,0.0,9858,17.7,269.0,1.1
16.9,2025-11-23 03:11:32.956000+00:00,38.0,1274,942.1,0.0,9858,17.9,66.0,0.7
17.0,2025-11-23 03:12:32.955000+00:00,37.0,1274,942.0,0.0,9858,17.8,0.0,0.6
17.0,2025-11-23 03:13:32.955000+00:00,37.0,1274,942.1,0.0,9858,17.9,179.0,0.3
17.1,2025-11-23 03:14:32.949000+00:00,37.0,1274,942.0,0.0,9858,18.0,93.0,0.5
17.1,2025-11-23 03:15:32.957000+00:00,37.0,1274,942.0,0.0,9858,18.1,101.0,0.4
17.1,2025-11-23 03:16:32.965000+00:00,37.0,1274,942.1,0.0,9858,18.1,207.0,0.6
17.1,2025-11-23 03:17:32.959000+00:00,37.0,1274,942.0,0.0,9858,18.0,0.0,0.5
17.1,2025-11-23 03:18:32.974000+00:00,37.0,1274,942.1,0.0,9858,17.7,184.0,0.0
17.1,2025-11-23 03:19:32.962000+00:00,37.0,1274,942.0,0.0,9858,17.7,124.0,0.7
17.1,2025-11-23 03:20:32.966000+00:00,37.0,1274,942.1,0.0,9858,17.6,159.0,0.8
17.1,2025-11-23 03:21:32.975000+00:00,37.0,1274,942.0,0.0,9858,17.7,0.0,0.0
17.1,2025-11-23 03:22:32.967000+00:00,37.0,1274,942.0,0.0,9858,17.7,143.0,0.6
17.1,2025-11-23 03:23:32.961000+00:00,37.0,1274,942.0,0.0,9858,17.7,147.0,0.5
17.1,2025-11-23 03:24:32.965000+00:00,37.0,1274,942.0,0.0,9858,17.7,82.0,0.5
17.1,2025-11-23 03:25:32.968000+00:00,37.0,1274,942.0,0.0,9858,17.7,107.0,0.6
17.1,2025-11-23 03:26:32.971000+00:00,37.0,1274,942.0,0.0,9858,17.8,123.0,0.6
17.1,2025-11-23 03:27:32.968000+00:00,37.0,1274,942.1,0.0,9858,17.7,94.0,1.0
17.1,2025-11-23 03:28:32.962000+00:00,37.0,1274,942.0,0.0,9858,17.7,200.0,1.0
17.1,2025-11-23 03:29:32.972000+00:00,37.0,1274,942.0,0.0,9858,17.7,189.0,0.4
17.1,2025-11-23 03:30:32.963000+00:00,37.0,1274,942.1,0.0,9858,17.9,187.0,0.8
17.1,2025-11-23 03:31:32.965000+00:00,36.0,1274,942.1,0.0,9858,18.5,14.0,0.5
17.2,2025-11-23 03:32:32.966000+00:00,36.0,1274,942.0,0.0,9858,18.0,125.0,0.3
17.2,2025-11-23 03:33:32.967000+00:00,36.0,1274,942.0,0.0,9858,23.9,181.0,0.7
17.2,2025-11-23 03:34:32.979000+00:00,35.0,1274,941.9,0.0,9858,24.6,0.0,0.6
17.1,2025-11-23 03:35:32.973000+00:00,36.0,1274,941.9,0.0,9858,28.2,136.0,0.0
17.1,2025-11-23 03:36:32.966000+00:00,36.0,1274,942.0,0.0,9858,29.0,142.0,0.3
17.1,2025-11-23 03:37:32.978000+00:00,36.0,1274,941.9,0.0,9858,29.5,110.0,1.1
17.0,2025-11-23 03:38:32.977000+00:00,36.0,1274,942.0,0.0,9858,29.3,110.0,0.9
17.0,2025-11-23 03:39:32.992000+00:00,37.0,1274,941.9,0.0,9858,28.7,165.0,0.8
17.0,2025-11-23 03:40:33.019000+00:00,37.0,1274,942.0,0.0,9858,28.7,126.0,0.7
17.0,2025-11-23 03:41:33.026000+00:00,36.0,1274,942.0,0.0,9858,29.2,224.0,0.7
17.0,2025-11-23 03:42:33.032000+00:00,36.0,1274,942.0,0.0,9858,29.2,126.0,0.7
17.0,2025-11-23 03:43:33.025000+00:00,37.0,1274,942.1,0.0,9858,28.2,148.0,0.4
16.9,2025-11-23 03:44:33.034000+00:00,36.0,1274,942.0,0.0,9858,27.7,187.0,0.8
17.0,2025-11-23 03:45:33.057000+00:00,36.0,1274,941.9,0.0,9858,27.2,130.0,0.7
16.9,2025-11-23 03:46:33.054000+00:00,37.0,1274,941.9,0.0,9858,27.2,211.0,1.2
16.9,2025-11-23 03:47:33.071000+00:00,36.0,1274,942.0,0.0,9858,27.2,212.0,1.8
16.9,2025-11-23 03:48:33.058000+00:00,37.0,1274,941.9,0.0,9858,27.7,0.0,0.8
16.9,2025-11-23 03:49:33.058000+00:00,37.0,1274,941.9,0.0,9858,28.9,250.0,1.2
16.8,2025-11-23 03:50:33.076000+00:00,37.0,1274,941.9,0.0,9858,28.7,188.0,1.0
16.9,2025-11-23 03:51:33.146000+00:00,36.0,1274,941.9,0.0,9858,28.3,163.0,1.7
16.8,2025-11-23 03:52:33.121000+00:00,37.0,1274,941.9,0.0,9858,28.3,197.0,1.2
16.8,2025-11-23 03:53:33.113000+00:00,37.0,1274,942.0,0.0,9858,28.5,153.0,1.2
16.8,2025-11-23 03:54:33.110000+00:00,38.0,1274,941.9,0.0,9858,27.2,190.0,0.5
16.8,2025-11-23 03:55:33.126000+00:00,37.0,1274,941.9,0.0,9858,25.3,166.0,0.8
16.8,2025-11-23 03:56:33.122000+00:00,37.0,1274,941.9,0.0,9858,24.2,179.0,1.2
16.8,2025-11-23 03:57:33.124000+00:00,38.0,1274,942.0,0.0,9858,24.2,163.0,1.1
16.7,2025-11-23 03:58:33.122000+00:00,38.0,1274,942.0,0.0,9858,24.4,240.0,0.9
16.8,2025-11-23 03:59:33.130000+00:00,37.0,1274,942.0,0.0,9858,24.7,126.0,1.0
16.7,2025-11-23 04:00:33.126000+00:00,37.0,1274,941.9,0.0,9858,24.2,192.0,1.1
16.7,2025-11-23 04:01:33.127000+00:00,37.0,1274,942.0,0.0,9858,25.1,166.0,1.6
16.7,2025-11-23 04:02:33.148000+00:00,38.0,1274,942.0,0.0,9858,23.8,162.0,0.9
16.7,2025-11-23 04:03:33.146000+00:00,37.0,1274,942.0,0.0,9858,18.5,197.0,1.8
16.7,2025-11-23 04:04:33.140000+00:00,38.0,1274,941.9,0.0,9858,18.2,183.0,1.3
16.8,2025-11-23 04:05:33.143000+00:00,38.0,1274,942.0,0.0,9858,18.2,208.0,1.9
16.8,2025-11-23 04:06:33.169000+00:00,38.0,1274,942.0,0.0,9858,18.7,182.0,1.2
16.8,2025-11-23 04:07:33.154000+00:00,37.0,1274,941.9,0.0,9858,18.7,178.0,1.5
16.9,2025-11-23 04:08:33.179000+00:00,38.0,1274,942.0,0.0,9858,18.2,175.0,2.1
16.9,2025-11-23 04:09:33.198000+00:00,38.0,1274,942.0,0.0,9858,18.2,189.0,1.6
16.9,2025-11-23 04:10:33.231000+00:00,38.0,1274,941.9,0.0,9858,18.1,186.0,1.5
16.9,2025-11-23 04:11:33.231000+00:00,38.0,1274,941.9,0.0,9858,18.0,197.0,2.1
16.9,2025-11-23 04:12:33.233000+00:00,38.0,1274,941.9,0.0,9858,18.0,185.0,1.2
16.8,2025-11-23 04:13:33.231000+00:00,38.0,1274,941.9,0.0,9858,17.8,187.0,2.1
16.9,2025-11-23 04:14:33.240000+00:00,38.0,1274,941.9,0.0,9858,17.9,185.0,2.0
16.9,2025-11-23 04:15:33.256000+00:00,38.0,1274,941.9,0.0,9858,17.9,206.0,1.6
17.0,2025-11-23 04:16:33.266000+00:00,38.0,1274,941.8,0.0,9858,17.9,193.0,1.7
17.0,2025-11-23 04:17:33.290000+00:00,38.0,1274,941.8,0.0,9858,17.9,180.0,2.2
17.0,2025-11-23 04:18:33.268000+00:00,38.0,1274,941.9,0.0,9858,17.9,191.0,1.9
17.0,2025-11-23 04:19:33.272000+00:00,38.0,1274,942.0,0.0,9858,17.8,206.0,1.7
17.0,2025-11-23 04:20:33.261000+00:00,38.0,1274,941.9,0.0,9858,17.9,177.0,1.5
17.0,2025-11-23 04:21:33.272000+00:00,38.0,1274,942.0,0.0,9858,17.8,185.0,1.5
17.0,2025-11-23 04:22:33.268000+00:00,38.0,1274,941.9,0.0,9858,17.9,181.0,2.0
17.0,2025-11-23 04:23:33.277000+00:00,37.0,1274,941.9,0.0,9858,17.8,194.0,1.7
17.0,2025-11-23 04:24:33.287000+00:00,37.0,1274,941.8,0.0,9858,17.7,192.0,2.0
17.0,2025-11-23 04:25:33.287000+00:00,38.0,1274,941.8,0.0,9858,17.7,197.0,2.3
16.9,2025-11-23 04:26:33.313000+00:00,38.0,1274,941.8,0.0,9858,17.7,191.0,2.2
16.9,2025-11-23 04:27:33.316000+00:00,38.0,1274,941.7,0.0,9858,17.7,174.0,1.8
16.9,2025-11-23 04:28:33.316000+00:00,38.0,1274,941.7,0.0,9858,17.7,200.0,1.8
16.9,2025-11-23 04:29:33.326000+00:00,38.0,1274,941.7,0.0,9858,17.6,201.0,2.1
16.9,2025-11-23 04:30:33.321000+00:00,38.0,1274,941.8,0.0,9858,17.6,188.0,1.8
16.9,2025-11-23 04:31:33.332000+00:00,38.0,1274,941.9,0.0,9858,17.6,197.0,1.4
16.8,2025-11-23 04:32:33.323000+00:00,38.0,1274,941.7,0.0,9858,17.5,178.0,2.1
16.7,2025-11-23 04:33:33.340000+00:00,38.0,1274,941.8,0.0,9858,17.6,209.0,1.2
16.7,2025-11-23 04:34:33.480000+00:00,38.0,1274,941.8,0.0,9858,17.5,231.0,0.9
16.6,2025-11-23 04:35:33.321000+00:00,38.0,1274,941.8,0.0,9858,17.5,192.0,1.6
16.6,2025-11-23 04:36:33.324000+00:00,38.0,1274,941.7,0.0,9858,17.4,187.0,1.5
16.6,2025-11-23 04:37:33.349000+00:00,38.0,1274,941.7,0.0,9858,17.4,212.0,1.9
16.6,2025-11-23 04:38:33.370000+00:00,38.0,1274,941.8,0.0,9858,17.5,188.0,1.8
16.6,2025-11-23 04:39:33.384000+00:00,38.0,1274,941.8,0.0,9858,17.4,192.0,2.0
16.6,2025-11-23 04:40:33.382000+00:00,38.0,1274,941.8,0.0,9858,17.4,191.0,2.5
16.6,2025-11-23 04:41:33.400000+00:00,38.0,1274,941.8,0.0,9858,17.3,187.0,1.4
16.5,2025-11-23 04:42:33.410000+00:00,38.0,1274,941.9,0.0,9858,17.3,194.0,1.2
16.5,2025-11-23 04:43:33.417000+00:00,38.0,1274,941.9,0.0,9858,17.3,183.0,2.1
16.4,2025-11-23 04:44:33.476000+00:00,38.0,1274,941.9,0.0,9858,17.3,217.0,1.5
16.4,2025-11-23 04:45:33.429000+00:00,38.0,1274,941.8,0.0,9858,17.3,207.0,1.5
16.4,2025-11-23 04:46:33.430000+00:00,38.0,1274,941.9,0.0,9858,17.3,221.0,1.6
16.4,2025-11-23 04:47:33.451000+00:00,38.0,1274,941.8,0.0,9858,17.3,194.0,1.6
16.4,2025-11-23 04:48:33.468000+00:00,38.0,1274,941.8,0.0,9858,17.3,198.0,1.4
16.4,2025-11-23 04:49:33.487000+00:00,39.0,1274,941.8,0.0,9858,17.0,178.0,1.8
16.4,2025-11-23 04:50:33.480000+00:00,39.0,1274,941.8,0.0,9858,17.2,179.0,1.8
16.4,2025-11-23 04:51:33.502000+00:00,39.0,1274,941.8,0.0,9858,17.2,200.0,1.4
16.4,2025-11-23 04:52:33.528000+00:00,39.0,1274,941.8,0.0,9858,17.2,186.0,1.8
16.3,2025-11-23 04:53:33.520000+00:00,39.0,1274,941.7,0.0,9858,17.2,183.0,2.0
16.3,2025-11-23 04:54:33.535000+00:00,39.0,1274,941.8,0.0,9858,17.2,214.0,2.0
16.3,2025-11-23 04:55:33.528000+00:00,39.0,1274,941.8,0.0,9858,17.2,180.0,2.2
16.3,2025-11-23 04:56:33.529000+00:00,39.0,1274,941.8,0.0,9858,17.2,212.0,2.6
16.3,2025-11-23 04:57:33.542000+00:00,39.0,1274,941.7,0.0,9858,17.0,194.0,1.7
16.4,2025-11-23 04:58:33.556000+00:00,39.0,1274,941.8,0.0,9858,17.0,187.0,1.8
16.4,2025-11-23 04:59:33.553000+00:00,39.0,1274,941.7,0.0,9858,17.2,203.0,2.2
16.4,2025-11-23 05:00:33.568000+00:00,39.0,1274,941.7,0.0,9858,17.2,194.0,2.5
16.3,2025-11-23 05:01:33.561000+00:00,38.0,1274,941.7,0.0,9858,17.0,190.0,2.1
16.3,2025-11-23 05:02:33.565000+00:00,39.0,1274,941.8,0.0,9858,17.0,187.0,2.3
16.3,2025-11-23 05:03:33.555000+00:00,39.0,1274,941.8,0.0,9858,17.0,187.0,2.3
16.3,2025-11-23 05:04:33.568000+00:00,39.0,1274,941.8,0.0,9858,17.0,188.0,2.4
16.3,2025-11-23 05:05:33.566000+00:00,39.0,1274,941.7,0.0,9858,17.0,184.0,2.5
16.3,2025-11-23 05:06:33.561000+00:00,39.0,1274,941.9,0.0,9858,17.0,189.0,2.4
16.3,2025-11-23 05:07:33.564000+00:00,39.0,1274,941.8,0.0,9858,17.0,186.0,2.4
16.3,2025-11-23 05:08:33.591000+00:00,39.0,1274,941.9,0.0,9858,16.9,179.0,2.8
16.3,2025-11-23 05:09:33.561000+00:00,39.0,1274,941.9,0.0,9858,16.9,179.0,2.8
16.3,2025-11-23 05:10:33.569000+00:00,39.0,1274,941.8,0.0,9858,16.9,199.0,1.9
16.3,2025-11-23 05:11:33.566000+00:00,39.0,1274,941.8,0.0,9858,16.9,201.0,2.3
16.3,2025-11-23 05:12:33.552000+00:00,39.0,1274,941.9,0.0,9858,16.9,198.0,2.2
16.3,2025-11-23 05:13:33.580000+00:00,39.0,1274,941.9,0.0,9858,16.9,191.0,2.1
16.3,2025-11-23 05:14:33.572000+00:00,39.0,1274,941.8,0.0,9858,16.9,199.0,1.8
16.3,2025-11-23 05:15:33.593000+00:00,39.0,1274,941.8,0.0,9858,16.8,183.0,1.8
16.3,2025-11-23 05:16:33.565000+00:00,39.0,1274,941.8,0.0,9858,16.9,184.0,1.9
16.3,2025-11-23 05:17:33.578000+00:00,39.0,1274,941.8,0.0,9858,16.9,187.0,1.4
16.3,2025-11-23 05:18:33.572000+00:00,38.0,1274,941.7,0.0,9858,16.9,211.0,1.9
16.3,2025-11-23 05:19:33.571000+00:00,38.0,1274,941.7,0.0,9858,16.9,211.0,1.9
16.3,2025-11-23 05:20:33.573000+00:00,38.0,1274,941.8,0.0,9858,16.9,192.0,2.0
16.3,2025-11-23 05:21:33.563000+00:00,38.0,1274,941.8,0.0,9858,16.8,205.0,2.2
16.3,2025-11-23 05:22:33.576000+00:00,39.0,1274,941.8,0.0,9858,16.8,207.0,2.2
16.3,2025-11-23 05:23:33.589000+00:00,39.0,1274,941.8,0.0,9858,16.8,195.0,2.5
16.3,2025-11-23 05:24:33.579000+00:00,39.0,1274,941.8,0.0,9858,16.8,189.0,2.0
16.3,2025-11-23 05:25:33.568000+00:00,39.0,1274,941.8,0.0,9858,16.7,213.0,2.5
16.3,2025-11-23 05:26:33.572000+00:00,39.0,1274,941.8,0.0,9858,16.7,200.0,2.3
26.0,2025-11-29 13:18:34.948000+00:00,47.0,1275,1015.0,0.0,9845,32.6,340.0,2.9
26.0,2025-11-29 13:19:34.949000+00:00,47.0,1275,1015.1,0.0,9845,32.6,353.0,3.0
25.9,2025-11-29 13:20:34.961000+00:00,47.0,1275,1015.0,0.0,9845,32.6,344.0,2.8
25.9,2025-11-29 13:21:34.958000+00:00,47.0,1275,1015.0,0.0,9845,32.6,338.0,2.7
25.9,2025-11-29 13:22:34.950000+00:00,47.0,1275,1015.1,0.0,9845,32.6,352.0,2.5
25.9,2025-11-29 13:23:35.042000+00:00,47.0,1275,1015.1,0.0,9845,32.6,352.0,2.5
25.9,2025-11-29 13:24:35.021000+00:00,47.0,1275,1015.1,0.0,9845,32.6,352.0,2.5
25.8,2025-11-29 13:25:35.037000+00:00,47.0,1275,1015.0,0.0,9845,32.3,335.0,2.6
25.8,2025-11-29 13:26:35.028000+00:00,47.0,1275,1015.0,0.0,9845,32.3,342.0,2.7
25.8,2025-11-29 13:27:35.041000+00:00,48.0,1275,1015.0,0.0,9845,32.2,351.0,3.0
25.8,2025-11-29 13:28:35.033000+00:00,48.0,1275,1015.0,0.0,9845,32.4,348.0,2.9
25.7,2025-11-29 13:29:35.038000+00:00,48.0,1275,1015.1,0.0,9845,32.5,342.0,3.0
25.7,2025-11-29 13:30:35.030000+00:00,48.0,1275,1015.0,0.0,9845,32.5,342.0,3.1
25.7,2025-11-29 13:31:35.038000+00:00,48.0,1275,1015.1,0.0,9845,32.5,334.0,3.2
25.7,2025-11-29 13:32:35.041000+00:00,48.0,1275,1015.1,0.0,9845,32.3,348.0,3.4
25.7,2025-11-29 13:33:35.043000+00:00,49.0,1275,1015.1,0.0,9845,32.3,352.0,2.5
25.6,2025-11-29 13:34:35.028000+00:00,48.0,1275,1015.1,0.0,9845,32.2,344.0,2.3
25.7,2025-11-29 13:35:35.032000+00:00,48.0,1275,1015.1,0.0,9845,32.3,345.0,2.1
25.6,2025-11-29 13:36:35.045000+00:00,48.0,1275,1015.1,0.0,9845,32.3,336.0,2.3
25.6,2025-11-29 13:37:35.044000+00:00,48.0,1275,1015.1,0.0,9845,32.2,347.0,2.7
25.6,2025-11-29 13:38:35.035000+00:00,48.0,1275,1015.1,0.0,9845,32.1,334.0,2.7
25.6,2025-11-29 13:39:35.047000+00:00,48.0,1275,1015.2,0.0,9845,32.1,336.0,2.4
25.6,2025-11-29 13:40:35.057000+00:00,48.0,1275,1015.2,0.0,9845,32.1,342.0,2.1
25.6,2025-11-29 13:41:35.048000+00:00,48.0,1275,1015.2,0.0,9845,32.1,341.0,2.6
25.5,2025-11-29 13:42:35.048000+00:00,48.0,1275,1015.2,0.0,9845,31.9,343.0,2.5
25.5,2025-11-29 13:43:35.052000+00:00,48.0,1275,1015.2,0.0,9845,32.2,0.0,2.3
25.5,2025-11-29 13:44:35.049000+00:00,48.0,1275,1015.1,0.0,9845,32.2,356.0,1.9
25.5,2025-11-29 13:45:35.040000+00:00,48.0,1275,1015.2,0.0,9845,32.1,332.0,2.7
25.4,2025-11-29 13:46:35.047000+00:00,48.0,1275,1015.2,0.0,9845,31.9,348.0,2.1
25.4,2025-11-29 13:47:35.067000+00:00,48.0,1275,1015.2,0.0,9845,32.1,343.0,2.4
25.4,2025-11-29 13:48:35.053000+00:00,48.0,1275,1015.3,0.0,9845,31.8,344.0,2.3
25.3,2025-11-29 13:49:35.059000+00:00,48.0,1275,1015.2,0.0,9845,31.8,333.0,2.8
25.3,2025-11-29 13:50:35.069000+00:00,49.0,1275,1015.2,0.0,9845,31.8,338.0,2.7
25.2,2025-11-29 13:51:35.085000+00:00,49.0,1275,1015.3,0.0,9845,31.6,342.0,2.4
25.2,2025-11-29 13:52:35.071000+00:00,49.0,1275,1015.3,0.0,9845,31.5,348.0,2.9
25.2,2025-11-29 13:53:35.054000+00:00,49.0,1275,1015.3,0.0,9845,31.5,346.0,2.5
25.2,2025-11-29 13:54:35.055000+00:00,49.0,1275,1015.2,0.0,9845,31.4,355.0,2.4
25.2,2025-11-29 13:55:35.069000+00:00,49.0,1275,1015.4,0.0,9845,31.6,347.0,2.7
25.1,2025-11-29 13:56:35.065000+00:00,49.0,1275,1015.2,0.0,9845,31.7,342.0,2.3
25.1,2025-11-29 13:57:35.059000+00:00,49.0,1275,1015.4,0.0,9845,31.7,350.0,2.5
25.1,2025-11-29 13:58:35.060000+00:00,49.0,1275,1015.4,0.0,9845,31.4,345.0,3.0
25.1,2025-11-29 13:59:35.065000+00:00,50.0,1275,1015.4,0.0,9845,31.4,347.0,2.4
25.1,2025-11-29 14:00:35.063000+00:00,50.0,1275,1015.3,0.0,9845,31.4,356.0,2.2
25.1,2025-11-29 14:01:35.054000+00:00,50.0,1275,1015.4,0.0,9845,31.4,344.0,2.7
25.0,2025-11-29 14:02:35.069000+00:00,50.0,1275,1015.3,0.0,9845,31.3,340.0,2.6
25.0,2025-11-29 14:03:35.070000+00:00,50.0,1275,1015.4,0.0,9845,31.3,346.0,2.8
25.0,2025-11-29 14:04:35.068000+00:00,50.0,1275,1015.4,0.0,9845,31.2,1.0,2.3
25.0,2025-11-29 14:05:35.095000+00:00,50.0,1275,1015.4,0.0,9845,31.3,348.0,2.5
25.0,2025-11-29 14:06:35.079000+00:00,50.0,1275,1015.5,0.0,9845,31.4,346.0,2.4
25.0,2025-11-29 14:07:35.057000+00:00,50.0,1275,1015.4,0.0,9845,31.2,331.0,1.5
25.0,2025-11-29 14:08:35.072000+00:00,50.0,1275,1015.5,0.0,9845,31.0,167.0,2.1
25.0,2025-11-29 14:09:35.065000+00:00,50.0,1275,1015.4,0.0,9845,31.0,349.0,1.7
25.0,2025-11-29 14:10:35.078000+00:00,50.0,1275,1015.6,0.0,9845,31.1,342.0,1.7
24.9,2025-11-29 14:11:35.066000+00:00,50.0,1275,1015.6,0.0,9845,31.1,356.0,1.8
24.9,2025-11-29 14:12:35.073000+00:00,50.0,1275,1015.5,0.0,9845,30.9,355.0,1.3
24.9,2025-11-29 14:13:35.290000+00:00,50.0,1275,1015.5,0.0,9845,30.9,323.0,1.5
24.8,2025-11-29 14:14:35.076000+00:00,51.0,1275,1015.5,0.0,9845,30.9,348.0,2.1
24.8,2025-11-29 14:15:35.081000+00:00,50.0,1275,1015.6,0.0,9845,30.9,357.0,0.9
24.8,2025-11-29 14:16:35.071000+00:00,50.0,1275,1015.5,0.0,9845,31.0,334.0,1.6
24.8,2025-11-29 14:17:35.085000+00:00,51.0,1275,1015.5,0.0,9845,30.7,339.0,1.6
24.8,2025-11-29 14:18:35.076000+00:00,50.0,1275,1015.6,0.0,9845,30.7,349.0,1.8
24.7,2025-11-29 14:19:35.077000+00:00,50.0,1275,1015.6,0.0,9845,30.7,19.0,1.7
24.7,2025-11-29 14:20:35.084000+00:00,50.0,1275,1015.6,0.0,9845,30.7,324.0,1.9
24.6,2025-11-29 14:21:35.083000+00:00,51.0,1275,1015.6,0.0,9845,30.7,127.0,1.8
24.6,2025-11-29 14:22:35.085000+00:00,50.0,1275,1015.7,0.0,9845,30.7,336.0,2.6
24.6,2025-11-29 14:23:35.090000+00:00,50.0,1275,1015.7,0.0,9845,30.7,336.0,2.6
24.6,2025-11-29 14:24:35.095000+00:00,50.0,1275,1015.7,0.0,9845,30.7,266.0,1.7
24.5,2025-11-29 14:25:35.085000+00:00,50.0,1275,1015.7,0.0,9845,30.7,2.0,1.3
24.5,2025-11-29 14:26:35.082000+00:00,50.0,1275,1015.6,0.0,9845,30.8,6.0,1.3
24.5,2025-11-29 14:27:35.108000+00:00,50.0,1275,1015.7,0.0,9845,30.6,10.0,1.0
24.5,2025-11-29 14:28:35.124000+00:00,50.0,1275,1015.8,0.0,9845,30.6,359.0,1.5
24.5,2025-11-29 14:29:35.124000+00:00,50.0,1275,1015.7,0.0,9845,30.2,352.0,1.5
24.5,2025-11-29 14:30:35.143000+00:00,51.0,1275,1015.7,0.0,9845,30.2,321.0,1.6
24.4,2025-11-29 14:31:35.127000+00:00,51.0,1275,1015.8,0.0,9845,30.3,20.0,2.1
24.4,2025-11-29 14:32:35.133000+00:00,51.0,1275,1015.8,0.0,9845,30.3,276.0,0.8
24.4,2025-11-29 14:33:35.159000+00:00,51.0,1275,1015.7,0.0,9845,30.3,317.0,0.9
23.7,2025-11-30 15:05:41.032000+00:00,65.0,1275,1015.6,0.0,9850,29.8,356.0,2.6
23.6,2025-11-30 15:06:41.034000+00:00,65.0,1275,1015.6,0.0,9850,29.8,348.0,2.1
23.6,2025-11-30 15:07:41.047000+00:00,65.0,1275,1015.6,0.0,9850,29.6,335.0,2.2
23.6,2025-11-30 15:08:41.060000+00:00,66.0,1275,1015.6,0.0,9850,29.6,359.0,2.5
23.6,2025-11-30 15:09:41.070000+00:00,65.0,1275,1015.6,0.0,9850,29.5,353.0,2.6
23.6,2025-11-30 15:10:41.079000+00:00,66.0,1275,1015.6,0.0,9850,29.5,343.0,1.8
23.5,2025-11-30 15:11:41.083000+00:00,66.0,1275,1015.5,0.0,9850,29.4,358.0,2.3
23.5,2025-11-30 15:12:41.098000+00:00,66.0,1275,1015.6,0.0,9850,29.4,344.0,2.4
23.5,2025-11-30 15:13:41.098000+00:00,66.0,1275,1015.7,0.0,9850,29.4,343.0,2.3
23.5,2025-11-30 15:14:41.118000+00:00,66.0,1275,1015.6,0.0,9850,29.4,8.0,1.9
23.5,2025-11-30 15:15:41.107000+00:00,66.0,1275,1015.7,0.0,9850,29.7,351.0,2.1
23.5,2025-11-30 15:16:41.121000+00:00,66.0,1275,1015.6,0.0,9850,29.6,356.0,2.0
23.5,2025-11-30 15:17:41.112000+00:00,66.0,1275,1015.7,0.0,9850,29.4,344.0,2.7
23.4,2025-11-30 15:18:41.127000+00:00,66.0,1275,1015.8,0.0,9850,29.6,4.0,2.1
23.4,2025-11-30 15:19:41.122000+00:00,66.0,1275,1015.7,0.0,9850,29.6,355.0,2.3
23.4,2025-11-30 15:20:41.124000+00:00,66.0,1275,1015.8,0.0,9850,29.5,351.0,2.4
23.4,2025-11-30 15:21:41.123000+00:00,66.0,1275,1015.7,0.0,9850,29.3,341.0,2.3
23.4,2025-11-30 15:22:41.122000+00:00,66.0,1275,1015.8,0.0,9850,29.3,343.0,1.9
23.3,2025-11-30 15:23:41.123000+00:00,66.0,1275,1015.8,0.0,9850,29.4,359.0,1.4
23.4,2025-11-30 15:24:41.122000+00:00,66.0,1275,1015.8,0.0,9850,29.4,359.0,1.4
23.4,2025-11-30 15:25:41.122000+00:00,66.0,1275,1015.8,0.0,9850,29.4,359.0,1.4
23.4,2025-11-30 15:26:41.136000+00:00,65.0,1275,1015.8,0.0,9850,29.6,340.0,1.6
23.4,2025-11-30 15:27:41.127000+00:00,65.0,1275,1015.8,0.0,9850,29.8,16.0,1.6
23.4,2025-11-30 15:28:41.120000+00:00,65.0,1275,1015.9,0.0,9850,29.7,343.0,1.9
23.4,2025-11-30 15:29:41.130000+00:00,65.0,1275,1015.9,0.0,9850,29.6,325.0,1.4
23.3,2025-11-30 15:30:41.124000+00:00,65.0,1275,1016.0,0.0,9850,29.6,327.0,1.6
23.3,2025-11-30 15:31:41.124000+00:00,65.0,1275,1015.8,0.0,9850,29.7,334.0,1.4
23.3,2025-11-30 15:32:41.125000+00:00,65.0,1275,1015.9,0.0,9850,29.8,334.0,1.6
23.3,2025-11-30 15:33:41.138000+00:00,65.0,1275,1016.0,0.0,9850,29.5,353.0,2.2
23.3,2025-11-30 15:34:41.138000+00:00,65.0,1275,1016.0,0.0,9850,29.5,353.0,2.2
23.2,2025-11-30 15:35:41.138000+00:00,66.0,1275,1016.0,0.0,9850,29.3,331.0,1.4
23.2,2025-11-30 15:36:41.141000+00:00,66.0,1275,1016.0,0.0,9850,29.2,334.0,1.1
23.2,2025-11-30 15:37:41.160000+00:00,66.0,1275,1016.0,0.0,9850,29.1,358.0,1.2
23.1,2025-11-30 15:38:41.159000+00:00,66.0,1275,1016.0,0.0,9850,28.9,353.0,2.2
23.1,2025-11-30 15:39:41.151000+00:00,66.0,1275,1016.1,0.0,9850,28.7,351.0,1.4
23.1,2025-11-30 15:40:41.184000+00:00,66.0,1275,1016.1,0.0,9850,28.9,345.0,1.7
23.1,2025-11-30 15:41:41.174000+00:00,66.0,1275,1016.0,0.0,9850,28.9,338.0,1.5
23.0,2025-11-30 15:42:41.190000+00:00,67.0,1275,1016.0,0.0,9850,28.9,4.0,2.0
23.0,2025-11-30 15:43:41.195000+00:00,67.0,1275,1016.1,0.0,9850,28.6,9.0,1.9
23.0,2025-11-30 15:44:41.181000+00:00,67.0,1275,1016.1,0.0,9850,28.6,359.0,1.9
23.0,2025-11-30 15:45:41.209000+00:00,67.0,1275,1016.1,0.0,9850,28.6,335.0,1.8
23.0,2025-11-30 15:46:41.218000+00:00,67.0,1275,1016.1,0.0,9850,28.6,336.0,1.8
23.0,2025-11-30 15:47:41.205000+00:00,67.0,1275,1016.1,0.0,9850,28.7,9.0,1.8
22.9,2025-11-30 15:48:41.207000+00:00,67.0,1275,1016.0,0.0,9850,28.7,348.0,1.9
22.9,2025-11-30 15:49:41.232000+00:00,67.0,1275,1016.0,0.0,9850,29.1,348.0,2.0
22.9,2025-11-30 15:50:41.247000+00:00,67.0,1275,1016.1,0.0,9850,28.5,359.0,1.6
22.9,2025-11-30 15:51:41.258000+00:00,67.0,1275,1016.0,0.0,9850,28.5,355.0,1.5
22.9,2025-11-30 15:52:41.252000+00:00,67.0,1275,1016.0,0.0,9850,28.5,344.0,1.8
22.9,2025-11-30 15:53:41.238000+00:00,68.0,1275,1016.2,0.0,9850,28.5,351.0,1.5
22.8,2025-11-30 15:54:41.245000+00:00,68.0,1275,1016.1,0.0,9850,28.4,352.0,1.6
22.8,2025-11-30 15:55:41.244000+00:00,67.0,1275,1016.1,0.0,9850,28.5,347.0,1.7
22.8,2025-11-30 15:56:41.306000+00:00,68.0,1275,1016.1,0.0,9850,28.7,4.0,1.3
22.8,2025-11-30 15:57:41.326000+00:00,67.0,1275,1016.0,0.0,9850,28.5,353.0,1.3
22.8,2025-11-30 15:58:41.327000+00:00,68.0,1275,1016.1,0.0,9850,28.6,337.0,1.2
22.7,2025-11-30 15:59:41.327000+00:00,68.0,1275,1016.1,0.0,9850,28.6,354.0,1.3
22.7,2025-11-30 16:00:41.344000+00:00,68.0,1275,1016.0,0.0,9850,28.6,337.0,1.0
22.7,2025-11-30 16:01:41.359000+00:00,68.0,1275,1016.1,0.0,9850,28.3,342.0,1.8
22.7,2025-11-30 16:02:41.374000+00:00,68.0,1275,1016.1,0.0,9850,28.3,343.0,1.3
22.7,2025-11-30 16:03:41.407000+00:00,68.0,1275,1016.0,0.0,9850,28.5,345.0,1.3
22.6,2025-11-30 16:04:41.407000+00:00,68.0,1275,1016.1,0.0,9850,28.6,348.0,1.6
22.6,2025-11-30 16:05:41.417000+00:00,69.0,1275,1016.1,0.0,9850,28.5,343.0,1.6
22.7,2025-11-30 16:06:41.408000+00:00,69.0,1275,1016.1,0.0,9850,28.4,332.0,1.4
22.7,2025-11-30 16:07:41.414000+00:00,69.0,1275,1016.2,0.0,9850,28.3,342.0,1.3
22.7,2025-11-30 16:08:41.430000+00:00,69.0,1275,1016.2,0.0,9850,28.1,155.0,1.4
22.7,2025-11-30 16:09:41.430000+00:00,69.0,1275,1016.1,0.0,9850,28.3,331.0,1.5
22.7,2025-11-30 16:10:41.432000+00:00,69.0,1275,1016.1,0.0,9850,28.4,329.0,1.2
22.7,2025-11-30 16:11:41.436000+00:00,68.0,1275,1016.1,0.0,9850,28.5,202.0,0.6
22.7,2025-11-30 16:12:41.434000+00:00,68.0,1275,1016.2,0.0,9850,28.4,11.0,0.6
22.7,2025-11-30 16:13:41.438000+00:00,68.0,1275,1016.2,0.0,9850,28.4,301.0,0.6
22.7,2025-11-30 16:14:41.453000+00:00,68.0,1275,1016.1,0.0,9850,28.4,276.0,1.2
22.7,2025-11-30 16:15:41.465000+00:00,68.0,1275,1016.1,0.0,9850,28.4,0.0,0.0
22.7,2025-11-30 16:16:41.474000+00:00,68.0,1275,1016.2,0.0,9850,28.3,352.0,0.0
22.6,2025-11-30 16:17:41.473000+00:00,68.0,1275,1016.2,0.0,9850,28.2,331.0,0.3
22.6,2025-11-30 16:18:41.473000+00:00,68.0,1275,1016.1,0.0,9850,28.1,113.0,0.9
22.6,2025-11-30 16:19:41.473000+00:00,68.0,1275,1016.2,0.0,9850,28.2,9.0,0.8
22.6,2025-11-30 16:20:41.476000+00:00,68.0,1275,1016.2,0.0,9850,28.2,359.0,0.7
22.5,2025-11-30 16:21:41.499000+00:00,69.0,1275,1016.1,0.0,9850,28.0,327.0,0.8
22.5,2025-11-30 16:22:41.505000+00:00,69.0,1275,1016.1,0.0,9850,27.9,348.0,0.9
22.5,2025-11-30 16:23:41.514000+00:00,69.0,1275,1016.2,0.0,9850,28.0,7.0,1.5
22.5,2025-11-30 16:24:41.531000+00:00,69.0,1275,1016.1,0.0,9850,28.0,211.0,1.0
22.5,2025-11-30 16:25:41.550000+00:00,69.0,1275,1016.1,0.0,9850,28.0,306.0,1.1
22.5,2025-11-30 16:26:41.562000+00:00,69.0,1275,1016.0,0.0,9850,27.9,0.0,1.3
22.5,2025-11-30 16:27:41.564000+00:00,69.0,1275,1016.1,0.0,9850,28.0,242.0,0.3
22.5,2025-11-30 16:28:41.564000+00:00,69.0,1275,1016.1,0.0,9850,28.0,31.0,1.3
22.5,2025-11-30 16:29:41.564000+00:00,69.0,1275,1016.1,0.0,9850,28.1,79.0,1.6
22.5,2025-11-30 16:30:41.562000+00:00,69.0,1275,1016.2,0.0,9850,27.8,331.0,0.6
22.5,2025-11-30 16:31:41.553000+00:00,70.0,1275,1016.2,0.0,9850,27.7,358.0,0.6
22.4,2025-11-30 16:32:41.562000+00:00,70.0,1275,1016.2,0.0,9850,27.9,0.0,1.1
22.5,2025-11-30 16:33:41.554000+00:00,70.0,1275,1016.3,0.0,9850,28.0,25.0,0.6
22.5,2025-11-30 16:34:41.555000+00:00,69.0,1275,1016.2,0.0,9850,27.9,29.0,0.8
22.5,2025-11-30 16:35:41.573000+00:00,70.0,1275,1016.3,0.0,9850,27.9,342.0,1.1
22.5,2025-11-30 16:36:41.617000+00:00,70.0,1275,1016.2,0.0,9850,27.8,8.0,1.4
22.5,2025-11-30 16:37:41.555000+00:00,70.0,1275,1016.2,0.0,9850,27.8,25.0,1.5
22.4,2025-11-30 16:38:41.571000+00:00,71.0,1275,1016.2,0.0,9850,27.8,0.0,0.5
22.4,2025-11-30 16:39:41.570000+00:00,71.0,1275,1016.2,0.0,9850,27.8,305.0,0.6
22.4,2025-11-30 16:40:41.565000+00:00,71.0,1275,1016.3,0.0,9850,27.7,0.0,1.2
22.3,2025-11-30 16:41:41.568000+00:00,71.0,1275,1016.2,0.0,9850,27.7,354.0,1.0
22.3,2025-11-30 16:42:41.584000+00:00,71.0,1275,1016.2,0.0,9850,27.6,43.0,0.9
22.3,2025-11-30 16:43:41.569000+00:00,71.0,1275,1016.2,0.0,9850,27.6,318.0,1.1
22.3,2025-11-30 16:44:41.585000+00:00,71.0,1275,1016.2,0.0,9850,27.6,214.0,1.2
22.2,2025-11-30 16:45:41.576000+00:00,71.0,1275,1016.2,0.0,9850,27.6,177.0,1.0
22.2,2025-11-30 16:46:41.570000+00:00,71.0,1275,1016.2,0.0,9850,27.6,5.0,0.6
22.2,2025-11-30 16:47:41.582000+00:00,71.0,1275,1016.3,0.0,9850,27.7,113.0,1.2
22.2,2025-11-30 16:48:41.588000+00:00,71.0,1275,1016.2,0.0,9850,27.6,157.0,0.8
22.2,2025-11-30 16:49:41.572000+00:00,71.0,1275,1016.2,0.0,9850,27.6,0.0,0.8
22.2,2025-11-30 16:50:41.588000+00:00,71.0,1275,1016.2,0.0,9850,27.7,236.0,0.5
22.3,2025-11-30 16:51:41.588000+00:00,71.0,1275,1016.2,0.0,9850,27.9,230.0,0.6
22.2,2025-11-30 16:52:41.589000+00:00,71.0,1275,1016.1,0.0,9850,27.8,45.0,1.1
22.2,2025-11-30 16:53:41.580000+00:00,71.0,1275,1016.2,0.0,9850,27.4,38.0,0.8
22.2,2025-11-30 16:54:41.581000+00:00,71.0,1275,1016.2,0.0,9850,27.4,182.0,0.6
22.2,2025-11-30 16:55:41.578000+00:00,71.0,1275,1016.2,0.0,9850,27.4,342.0,0.3
22.2,2025-11-30 16:56:41.594000+00:00,71.0,1275,1016.2,0.0,9850,27.4,132.0,0.6
22.1,2025-11-30 16:57:41.580000+00:00,71.0,1275,1016.3,0.0,9850,27.6,272.0,0.3
22.1,2025-11-30 16:58:41.590000+00:00,71.0,1275,1016.2,0.0,9850,27.8,205.0,0.4
22.1,2025-11-30 16:59:41.612000+00:00,71.0,1275,1016.3,0.0,9850,27.8,246.0,0.6
22.1,2025-11-30 17:00:41.610000+00:00,71.0,1275,1016.2,0.0,9850,27.6,308.0,0.7
22.1,2025-11-30 17:01:41.602000+00:00,71.0,1275,1016.2,0.0,9850,27.4,11.0,0.9
22.1,2025-11-30 17:02:41.634000+00:00,71.0,1275,1016.3,0.0,9850,27.4,0.0,0.7
22.1,2025-11-30 17:03:41.622000+00:00,72.0,1275,1016.2,0.0,9850,27.4,39.0,0.5
22.0,2025-11-30 17:04:41.637000+00:00,72.0,1275,1016.2,0.0,9850,27.3,176.0,0.7
22.0,2025-11-30 17:05:41.642000+00:00,72.0,1275,1016.2,0.0,9850,27.3,35.0,1.0
22.0,2025-11-30 17:06:41.639000+00:00,72.0,1275,1016.3,0.0,9850,27.3,339.0,1.1
22.0,2025-11-30 17:07:41.658000+00:00,72.0,1275,1016.3,0.0,9850,27.1,63.0,0.7
22.0,2025-11-30 17:08:41.638000+00:00,72.0,1275,1016.2,0.0,9850,27.4,21.0,0.0
22.0,2025-11-30 17:09:41.651000+00:00,72.0,1275,1016.3,0.0,9850,27.4,346.0,1.7
22.0,2025-11-30 17:10:41.654000+00:00,72.0,1275,1016.3,0.0,9850,27.3,23.0,1.0
21.9,2025-11-30 17:11:41.654000+00:00,72.0,1275,1016.3,0.0,9850,27.3,18.0,1.4
21.9,2025-11-30 17:12:41.657000+00:00,73.0,1275,1016.3,0.0,9850,27.2,15.0,1.3
21.9,2025-11-30 17:13:41.656000+00:00,73.0,1275,1016.2,0.0,9850,27.1,8.0,1.3
21.9,2025-11-30 17:14:41.672000+00:00,73.0,1275,1016.3,0.0,9850,27.2,20.0,1.1
21.9,2025-11-30 17:15:41.703000+00:00,73.0,1275,1016.4,0.0,9850,27.1,269.0,0.6
21.9,2025-11-30 17:16:41.701000+00:00,73.0,1275,1016.3,0.0,9850,27.1,10.0,0.6
21.8,2025-11-30 17:17:41.693000+00:00,73.0,1275,1016.4,0.0,9850,27.0,45.0,0.8
21.8,2025-11-30 17:18:41.709000+00:00,73.0,1275,1016.4,0.0,9850,27.1,304.0,1.3
21.8,2025-11-30 17:19:41.740000+00:00,73.0,1275,1016.4,0.0,9850,27.0,327.0,0.6
21.7,2025-11-30 17:20:41.726000+00:00,73.0,1275,1016.3,0.0,9850,27.0,240.0,0.9
21.7,2025-11-30 17:21:41.731000+00:00,73.0,1275,1016.3,0.0,9850,27.1,3.0,1.2
21.7,2025-11-30 17:22:41.728000+00:00,73.0,1275,1016.4,0.0,9850,27.1,290.0,0.7
21.7,2025-11-30 17:23:41.728000+00:00,73.0,1275,1016.4,0.0,9850,27.0,20.0,0.8
21.7,2025-11-30 17:24:41.742000+00:00,73.0,1275,1016.3,0.0,9850,26.8,1.0,1.1
21.6,2025-11-30 17:25:41.743000+00:00,74.0,1275,1016.3,0.0,9850,26.9,0.0,0.9
21.6,2025-11-30 17:26:41.743000+00:00,73.0,1275,1016.3,0.0,9850,26.9,325.0,0.9
21.6,2025-11-30 17:27:41.748000+00:00,73.0,1275,1016.4,0.0,9850,26.9,8.0,1.1
21.6,2025-11-30 17:28:41.733000+00:00,73.0,1275,1016.4,0.0,9850,26.5,37.0,1.4
21.6,2025-11-30 17:29:41.743000+00:00,74.0,1275,1016.3,0.0,9850,25.2,92.0,0.7
21.6,2025-11-30 17:30:41.746000+00:00,74.0,1275,1016.3,0.0,9850,25.2,92.0,0.7
21.6,2025-11-30 17:31:41.748000+00:00,74.0,1275,1016.3,0.0,9850,25.2,92.0,0.7
21.6,2025-11-30 17:32:41.743000+00:00,74.0,1275,1016.3,0.0,9850,25.2,92.0,0.7
21.6,2025-11-30 17:33:41.744000+00:00,74.0,1275,1016.3,0.0,9850,25.2,92.0,0.7
27.4,2025-12-07 12:06:07.170000+00:00,55.0,1276,1016.4,0.0,9839,34.6,67.0,3.0
27.4,2025-12-07 12:07:07.186000+00:00,54.0,1276,1016.4,0.0,9839,34.4,290.0,2.4
27.5,2025-12-07 12:08:07.193000+00:00,54.0,1276,1016.3,0.0,9839,34.4,286.0,1.4
27.5,2025-12-07 12:09:07.206000+00:00,54.0,1276,1016.5,0.0,9839,34.2,350.0,2.6
27.5,2025-12-07 12:10:07.226000+00:00,55.0,1276,1016.4,0.0,9839,34.0,327.0,3.2
27.5,2025-12-07 12:11:07.229000+00:00,54.0,1276,1016.4,0.0,9839,34.2,299.0,2.2
27.4,2025-12-07 12:12:07.244000+00:00,55.0,1276,1016.3,0.0,9839,34.4,166.0,1.6
27.4,2025-12-07 12:13:07.264000+00:00,54.0,1276,1016.5,0.0,9839,34.5,340.0,0.7
27.4,2025-12-07 12:14:07.269000+00:00,54.0,1276,1016.5,0.0,9839,34.5,320.0,1.1
27.5,2025-12-07 12:15:07.284000+00:00,54.0,1276,1016.5,0.0,9839,34.3,308.0,2.0
27.5,2025-12-07 12:16:07.283000+00:00,53.0,1276,1016.3,0.0,9839,34.1,302.0,1.4
27.4,2025-12-07 12:17:07.285000+00:00,54.0,1276,1016.4,0.0,9839,34.1,340.0,1.7
27.4,2025-12-07 12:18:07.286000+00:00,54.0,1276,1016.3,0.0,9839,34.3,318.0,2.2
27.4,2025-12-07 12:19:07.284000+00:00,54.0,1276,1016.4,0.0,9839,34.0,306.0,2.1
27.4,2025-12-07 12:20:07.285000+00:00,54.0,1276,1016.4,0.0,9839,33.8,296.0,2.5
27.4,2025-12-07 12:21:07.297000+00:00,54.0,1276,1016.4,0.0,9839,34.0,103.0,2.0
27.4,2025-12-07 12:22:07.298000+00:00,55.0,1276,1016.4,0.0,9839,34.0,90.0,1.3
27.4,2025-12-07 12:23:07.318000+00:00,54.0,1276,1016.4,0.0,9839,33.8,102.0,1.4
27.5,2025-12-07 12:24:07.326000+00:00,55.0,1276,1016.4,0.0,9839,33.8,304.0,0.9
27.4,2025-12-07 12:25:07.325000+00:00,54.0,1276,1016.3,0.0,9839,33.5,224.0,1.2
27.4,2025-12-07 12:26:07.329000+00:00,54.0,1276,1016.4,0.0,9839,33.1,345.0,1.2
27.4,2025-12-07 12:27:07.320000+00:00,54.0,1276,1016.4,0.0,9839,32.9,89.0,2.0
27.4,2025-12-07 12:28:07.328000+00:00,54.0,1276,1016.4,0.0,9839,32.8,333.0,0.9
27.4,2025-12-07 12:29:07.329000+00:00,55.0,1276,1016.4,0.0,9839,32.8,199.0,1.5
27.4,2025-12-07 12:30:07.331000+00:00,55.0,1276,1016.2,0.0,9839,32.7,348.0,0.3
27.4,2025-12-07 12:31:07.330000+00:00,55.0,1276,1016.4,0.0,9839,32.4,67.0,1.9
27.3,2025-12-07 12:32:07.329000+00:00,55.0,1276,1016.4,0.0,9839,32.0,342.0,1.0
27.3,2025-12-07 12:33:07.315000+00:00,55.0,1276,1016.5,0.0,9839,32.4,86.0,1.7
27.3,2025-12-07 12:34:07.329000+00:00,56.0,1276,1016.5,0.0,9839,32.4,295.0,2.5
27.3,2025-12-07 12:35:07.320000+00:00,56.0,1276,1016.5,0.0,9839,32.4,296.0,1.5
27.2,2025-12-07 12:36:07.330000+00:00,56.0,1276,1016.5,0.0,9839,32.3,170.0,0.8
27.2,2025-12-07 12:37:07.350000+00:00,56.0,1276,1016.5,0.0,9839,32.4,333.0,0.9
27.3,2025-12-07 12:38:07.350000+00:00,55.0,1276,1016.5,0.0,9839,32.4,347.0,1.1
27.3,2025-12-07 12:39:07.351000+00:00,55.0,1276,1016.5,0.0,9839,31.9,125.0,1.0
27.2,2025-12-07 12:40:07.368000+00:00,54.0,1276,1016.5,0.0,9839,31.8,0.0,1.1
27.2,2025-12-07 12:41:07.384000+00:00,55.0,1276,1016.5,0.0,9839,31.8,348.0,1.3
27.1,2025-12-07 12:42:07.382000+00:00,56.0,1276,1016.5,0.0,9839,31.8,299.0,2.5
27.1,2025-12-07 12:43:07.382000+00:00,56.0,1276,1016.5,0.0,9839,31.8,25.0,1.4
27.1,2025-12-07 12:44:07.391000+00:00,55.0,1276,1016.5,0.0,9839,32.0,85.0,0.8
27.1,2025-12-07 12:45:07.404000+00:00,55.0,1276,1016.5,0.0,9839,32.0,101.0,0.9
27.1,2025-12-07 12:46:07.404000+00:00,56.0,1276,1016.5,0.0,9839,32.0,0.0,1.1
27.1,2025-12-07 12:47:07.419000+00:00,56.0,1276,1016.5,0.0,9839,31.8,97.0,0.8
27.1,2025-12-07 12:48:07.423000+00:00,55.0,1276,1016.5,0.0,9839,31.7,101.0,1.1
27.2,2025-12-07 12:49:07.444000+00:00,55.0,1276,1016.5,0.0,9839,31.6,161.0,0.5
27.2,2025-12-07 12:50:07.459000+00:00,55.0,1276,1016.5,0.0,9839,31.4,107.0,0.6
27.2,2025-12-07 12:51:07.451000+00:00,56.0,1276,1016.5,0.0,9839,31.4,62.0,0.9
27.2,2025-12-07 12:52:07.446000+00:00,55.0,1276,1016.5,0.0,9839,31.0,114.0,1.0
27.1,2025-12-07 12:53:07.463000+00:00,56.0,1276,1016.4,0.0,9839,31.0,351.0,2.3
27.1,2025-12-07 12:54:07.477000+00:00,56.0,1276,1016.5,0.0,9839,30.3,336.0,2.0
27.1,2025-12-07 12:55:07.462000+00:00,57.0,1276,1016.4,0.0,9839,30.8,352.0,1.8
27.1,2025-12-07 12:56:07.465000+00:00,57.0,1276,1016.4,0.0,9839,30.3,286.0,2.4
27.0,2025-12-07 12:57:07.481000+00:00,58.0,1276,1016.5,0.0,9839,31.3,326.0,1.8
27.0,2025-12-07 12:58:07.489000+00:00,57.0,1276,1016.4,0.0,9839,31.8,0.0,1.5
27.0,2025-12-07 12:59:07.482000+00:00,58.0,1276,1016.4,0.0,9839,31.8,336.0,1.1
26.9,2025-12-07 13:00:07.482000+00:00,58.0,1276,1016.5,0.0,9839,31.6,0.0,0.9
26.9,2025-12-07 13:01:07.486000+00:00,58.0,1276,1016.5,0.0,9839,31.3,68.0,1.4
26.9,2025-12-07 13:02:07.484000+00:00,59.0,1276,1016.5,0.0,9839,31.2,292.0,1.4
26.8,2025-12-07 13:03:07.485000+00:00,59.0,1276,1016.5,0.0,9839,31.3,10.0,1.7
26.8,2025-12-07 13:04:07.483000+00:00,60.0,1276,1016.5,0.0,9839,31.4,328.0,2.9
26.8,2025-12-07 13:05:07.487000+00:00,60.0,1276,1016.5,0.0,9839,31.4,310.0,2.3
26.8,2025-12-07 13:06:07.486000+00:00,60.0,1276,1016.4,0.0,9839,31.5,299.0,2.3
26.8,2025-12-07 13:07:07.491000+00:00,60.0,1276,1016.5,0.0,9839,31.5,306.0,1.2
26.8,2025-12-07 13:08:07.489000+00:00,60.0,1276,1016.5,0.0,9839,31.4,308.0,2.0
26.8,2025-12-07 13:09:07.490000+00:00,61.0,1276,1016.5,0.0,9839,31.2,337.0,2.5
26.8,2025-12-07 13:10:07.486000+00:00,61.0,1276,1016.5,0.0,9839,31.3,284.0,2.9
26.8,2025-12-07 13:11:07.491000+00:00,61.0,1276,1016.5,0.0,9839,31.4,310.0,2.6
26.7,2025-12-07 13:12:07.492000+00:00,61.0,1276,1016.5,0.0,9839,31.4,284.0,3.1
26.7,2025-12-07 13:13:07.494000+00:00,61.0,1276,1016.6,0.0,9839,31.5,304.0,2.2
26.7,2025-12-07 13:14:07.510000+00:00,61.0,1276,1016.6,0.0,9839,31.5,288.0,1.7
26.7,2025-12-07 13:15:07.491000+00:00,61.0,1276,1016.5,0.0,9839,31.3,310.0,2.6
26.7,2025-12-07 13:16:07.500000+00:00,61.0,1276,1016.6,0.0,9839,31.4,308.0,1.8
26.7,2025-12-07 13:17:07.494000+00:00,61.0,1276,1016.5,0.0,9839,31.4,278.0,1.8
26.7,2025-12-07 13:18:07.499000+00:00,61.0,1276,1016.5,0.0,9839,31.3,298.0,2.1
26.7,2025-12-07 13:19:07.497000+00:00,61.0,1276,1016.5,0.0,9839,31.3,275.0,2.2
26.7,2025-12-07 13:20:07.503000+00:00,62.0,1276,1016.7,0.0,9839,31.3,290.0,0.8
26.7,2025-12-07 13:21:07.501000+00:00,62.0,1276,1016.6,0.0,9839,31.0,356.0,1.4
26.7,2025-12-07 13:22:07.501000+00:00,62.0,1276,1016.6,0.0,9839,31.2,329.0,2.4
26.7,2025-12-07 13:23:07.508000+00:00,62.0,1276,1016.6,0.0,9839,31.2,291.0,1.9
26.6,2025-12-07 13:24:07.494000+00:00,62.0,1276,1016.6,0.0,9839,31.1,102.0,1.8
26.6,2025-12-07 13:25:07.502000+00:00,62.0,1276,1016.5,0.0,9839,31.1,0.0,1.2
26.6,2025-12-07 13:26:07.504000+00:00,62.0,1276,1016.6,0.0,9839,30.8,294.0,0.8
26.5,2025-12-07 13:27:07.524000+00:00,62.0,1276,1016.6,0.0,9839,30.9,11.0,2.4
26.5,2025-12-07 13:28:07.526000+00:00,62.0,1276,1016.7,0.0,9839,30.9,327.0,2.0
26.5,2025-12-07 13:29:07.539000+00:00,63.0,1276,1016.6,0.0,9839,30.6,295.0,2.5
26.5,2025-12-07 13:30:07.556000+00:00,62.0,1276,1016.6,0.0,9839,30.6,299.0,2.1
26.5,2025-12-07 13:31:07.574000+00:00,63.0,1276,1016.7,0.0,9839,30.7,307.0,1.8
26.5,2025-12-07 13:32:07.568000+00:00,63.0,1276,1016.7,0.0,9839,30.5,282.0,2.1
26.4,2025-12-07 13:33:07.592000+00:00,63.0,1276,1016.7,0.0,9839,30.5,332.0,1.2
26.4,2025-12-07 13:34:07.590000+00:00,63.0,1276,1016.7,0.0,9839,30.5,329.0,0.7
26.4,2025-12-07 13:35:07.611000+00:00,63.0,1276,1016.8,0.0,9839,30.3,273.0,2.0
26.4,2025-12-07 13:36:07.605000+00:00,63.0,1276,1016.7,0.0,9839,30.4,0.0,1.8
26.4,2025-12-07 13:37:07.627000+00:00,64.0,1276,1016.7,0.0,9839,30.6,316.0,2.6
26.4,2025-12-07 13:38:07.622000+00:00,64.0,1276,1016.8,0.0,9839,30.4,334.0,2.4
26.4,2025-12-07 13:39:07.620000+00:00,64.0,1276,1016.8,0.0,9839,30.2,320.0,2.0
26.4,2025-12-07 13:40:07.628000+00:00,64.0,1276,1016.8,0.0,9839,30.3,302.0,1.8
26.3,2025-12-07 13:41:07.634000+00:00,64.0,1276,1016.8,0.0,9839,30.2,7.0,1.6
26.3,2025-12-07 13:42:07.650000+00:00,64.0,1276,1016.8,0.0,9839,30.2,48.0,1.1
26.3,2025-12-07 13:43:07.639000+00:00,64.0,1276,1016.9,0.0,9839,30.2,291.0,1.2
26.3,2025-12-07 13:44:07.648000+00:00,64.0,1276,1016.9,0.0,9839,30.1,18.0,1.2
26.3,2025-12-07 13:45:07.633000+00:00,64.0,1276,1016.9,0.0,9839,30.3,317.0,2.4
26.3,2025-12-07 13:46:07.649000+00:00,64.0,1276,1016.9,0.0,9839,30.3,298.0,1.9
26.3,2025-12-07 13:47:07.649000+00:00,64.0,1276,1016.9,0.0,9839,29.9,290.0,1.9
26.3,2025-12-07 13:48:07.652000+00:00,64.0,1276,1017.0,0.0,9839,30.1,303.0,1.9
26.3,2025-12-07 13:49:07.651000+00:00,64.0,1276,1016.9,0.0,9839,30.1,310.0,1.7
26.3,2025-12-07 13:50:07.651000+00:00,64.0,1276,1017.0,0.0,9839,29.8,298.0,2.5
26.3,2025-12-07 13:51:07.651000+00:00,64.0,1276,1016.9,0.0,9839,29.9,286.0,2.1
26.2,2025-12-07 13:52:07.650000+00:00,64.0,1276,1016.9,0.0,9839,30.0,334.0,1.0
26.2,2025-12-07 13:53:07.656000+00:00,63.0,1276,1017.0,0.0,9839,30.0,307.0,2.4
26.2,2025-12-07 13:54:07.654000+00:00,64.0,1276,1016.9,0.0,9839,30.0,323.0,1.9
26.2,2025-12-07 13:55:07.651000+00:00,64.0,1276,1017.0,0.0,9839,30.1,291.0,2.4
26.2,2025-12-07 13:56:07.651000+00:00,64.0,1276,1017.0,0.0,9839,29.8,303.0,2.4
26.2,2025-12-07 13:57:07.652000+00:00,64.0,1276,1017.1,0.0,9839,29.8,326.0,1.8
26.2,2025-12-07 13:58:07.680000+00:00,64.0,1276,1017.0,0.0,9839,29.7,229.0,1.7
26.2,2025-12-07 13:59:07.677000+00:00,64.0,1276,1017.1,0.0,9839,29.7,303.0,0.8
26.2,2025-12-07 14:00:07.680000+00:00,64.0,1276,1017.0,0.0,9839,29.7,358.0,1.2
26.2,2025-12-07 14:01:07.694000+00:00,64.0,1276,1017.0,0.0,9839,29.8,302.0,1.6
26.2,2025-12-07 14:02:07.712000+00:00,64.0,1276,1017.0,0.0,9839,29.6,334.0,2.3
26.2,2025-12-07 14:03:07.713000+00:00,64.0,1276,1017.0,0.0,9839,29.6,325.0,1.2
26.1,2025-12-07 14:04:07.727000+00:00,64.0,1276,1017.0,0.0,9839,29.6,322.0,1.0
26.1,2025-12-07 14:05:07.732000+00:00,64.0,1276,1017.0,0.0,9839,29.5,78.0,1.1
26.1,2025-12-07 14:06:07.754000+00:00,64.0,1276,1017.0,0.0,9839,29.5,13.0,1.2
26.1,2025-12-07 14:07:07.754000+00:00,64.0,1276,1017.0,0.0,9839,29.5,286.0,1.6
26.1,2025-12-07 14:08:07.754000+00:00,64.0,1276,1017.0,0.0,9839,29.4,0.0,0.8
26.1,2025-12-07 14:09:07.770000+00:00,64.0,1276,1017.0,0.0,9839,29.6,337.0,1.1
26.1,2025-12-07 14:10:07.775000+00:00,64.0,1276,1017.1,0.0,9839,29.7,112.0,1.1
26.1,2025-12-07 14:11:07.800000+00:00,64.0,1276,1017.1,0.0,9839,29.7,0.0,0.8
26.1,2025-12-07 14:12:07.805000+00:00,64.0,1276,1017.1,0.0,9839,29.7,295.0,1.4
26.2,2025-12-07 14:13:07.803000+00:00,64.0,1276,1017.1,0.0,9839,29.5,290.0,1.2
26.1,2025-12-07 14:14:07.788000+00:00,64.0,1276,1017.1,0.0,9839,29.5,104.0,1.2
26.1,2025-12-07 14:15:07.796000+00:00,64.0,1276,1017.1,0.0,9839,29.5,101.0,0.8
26.1,2025-12-07 14:16:07.804000+00:00,65.0,1276,1017.1,0.0,9839,29.5,261.0,1.2
26.1,2025-12-07 14:17:07.808000+00:00,65.0,1276,1017.1,0.0,9839,29.4,85.0,0.9
26.1,2025-12-07 14:18:07.802000+00:00,65.0,1276,1017.2,0.0,9839,29.4,339.0,0.9
26.1,2025-12-07 14:19:07.808000+00:00,65.0,1276,1017.1,0.0,9839,29.3,140.0,1.2
26.1,2025-12-07 14:20:07.808000+00:00,65.0,1276,1017.2,0.0,9839,29.3,238.0,1.3
26.1,2025-12-07 14:21:07.811000+00:00,65.0,1276,1017.2,0.0,9839,29.3,134.0,1.0
26.1,2025-12-07 14:22:07.809000+00:00,65.0,1276,1017.2,0.0,9839,29.5,115.0,1.1
26.1,2025-12-07 14:23:08.033000+00:00,65.0,1276,1017.2,0.0,9839,29.4,125.0,1.3
26.1,2025-12-07 14:24:07.840000+00:00,65.0,1276,1017.2,0.0,9839,29.6,356.0,1.1
26.1,2025-12-07 14:25:07.846000+00:00,66.0,1276,1017.2,0.0,9839,29.4,287.0,1.3
26.1,2025-12-07 14:26:07.863000+00:00,66.0,1276,1017.2,0.0,9839,29.3,107.0,1.3
26.1,2025-12-07 14:27:07.855000+00:00,66.0,1276,1017.1,0.0,9839,29.3,166.0,0.7
26.0,2025-12-07 14:28:07.863000+00:00,66.0,1276,1017.3,0.0,9839,29.3,298.0,0.9
26.0,2025-12-07 14:29:07.893000+00:00,65.0,1276,1017.2,0.0,9839,29.0,93.0,1.4
26.0,2025-12-07 14:30:07.906000+00:00,66.0,1276,1017.3,0.0,9839,29.0,0.0,0.8
26.0,2025-12-07 14:31:07.910000+00:00,66.0,1276,1017.3,0.0,9839,28.9,104.0,0.8
26.0,2025-12-07 14:32:07.911000+00:00,66.0,1276,1017.3,0.0,9839,28.8,94.0,1.5
26.0,2025-12-07 14:33:07.911000+00:00,66.0,1276,1017.3,0.0,9839,29.0,107.0,0.7
26.0,2025-12-07 14:34:07.919000+00:00,66.0,1276,1017.3,0.0,9839,28.9,74.0,1.6
26.0,2025-12-07 14:35:07.945000+00:00,66.0,1276,1017.4,0.0,9839,28.7,88.0,1.7
26.0,2025-12-07 14:36:07.943000+00:00,66.0,1276,1017.3,0.0,9839,28.9,128.0,1.4
25.9,2025-12-07 14:37:07.949000+00:00,66.0,1276,1017.4,0.0,9839,28.9,101.0,0.6
25.9,2025-12-07 14:38:07.948000+00:00,66.0,1276,1017.4,0.0,9839,29.0,104.0,1.2
25.9,2025-12-07 14:39:07.948000+00:00,66.0,1276,1017.3,0.0,9839,28.9,84.0,1.5
23.1,2026-03-08 03:01:20.088000+00:00,55.8,1279,1013.7,0.0,11234,36.2,114.0,1.8
23.2,2026-03-08 03:02:20.104000+00:00,55.1,1279,1013.6,0.0,11234,35.9,110.0,3.0
23.2,2026-03-08 03:03:20.105000+00:00,55.2,1279,1013.6,0.0,11234,35.6,115.0,3.2
23.1,2026-03-08 03:04:20.107000+00:00,55.7,1279,1013.7,0.0,11234,35.7,104.0,3.4
23.1,2026-03-08 03:05:20.140000+00:00,55.8,1279,1013.8,0.0,11234,35.8,108.0,3.1
23.2,2026-03-08 03:06:20.153000+00:00,55.5,1279,1013.7,0.0,11234,35.7,109.0,3.4
23.2,2026-03-08 03:07:20.154000+00:00,55.7,1279,1013.6,0.0,11234,35.5,128.0,1.7
23.1,2026-03-08 03:08:20.144000+00:00,56.6,1279,1013.7,0.0,11234,35.7,106.0,2.1
23.1,2026-03-08 03:09:20.159000+00:00,57.0,1279,1013.7,0.0,11234,35.4,118.0,3.1
23.2,2026-03-08 03:10:20.160000+00:00,55.9,1279,1013.5,0.0,11234,35.6,154.0,2.4
23.1,2026-03-08 03:11:20.174000+00:00,56.6,1279,1013.6,0.0,11234,36.0,124.0,1.3
23.2,2026-03-08 03:12:20.191000+00:00,56.1,1279,1013.6,0.0,11234,36.3,98.0,1.6
23.1,2026-03-08 03:13:20.177000+00:00,56.1,1279,1013.6,0.0,11234,36.7,127.0,2.3
23.1,2026-03-08 03:14:20.191000+00:00,56.1,1279,1013.5,0.0,11234,36.3,109.0,3.2
23.1,2026-03-08 03:15:20.197000+00:00,56.1,1279,1013.5,0.0,11234,36.3,132.0,2.2
23.1,2026-03-08 03:16:20.177000+00:00,55.9,1279,1013.5,0.0,11234,35.6,131.0,3.8
23.1,2026-03-08 03:17:20.193000+00:00,56.0,1279,1013.5,0.0,11234,35.6,133.0,2.1
23.1,2026-03-08 03:18:20.185000+00:00,56.3,1279,1013.5,0.0,11234,35.6,110.0,2.3
23.1,2026-03-08 03:19:20.196000+00:00,56.5,1279,1013.3,0.0,11234,35.7,118.0,1.5
23.2,2026-03-08 03:20:20.180000+00:00,56.0,1279,1013.4,0.0,11234,35.6,95.0,0.9
23.2,2026-03-08 03:21:20.182000+00:00,56.4,1279,1013.3,0.0,11234,35.5,110.0,2.3
23.2,2026-03-08 03:22:20.199000+00:00,56.5,1279,1013.3,0.0,11234,35.5,109.0,2.4
23.3,2026-03-08 03:23:20.199000+00:00,56.0,1279,1013.3,0.0,11234,35.8,108.0,3.7
23.3,2026-03-08 03:24:20.220000+00:00,55.1,1279,1013.3,0.0,11234,34.9,130.0,3.8
23.2,2026-03-08 03:25:20.214000+00:00,55.6,1279,1013.3,0.0,11234,34.9,137.0,0.8
23.2,2026-03-08 03:26:20.234000+00:00,55.8,1279,1013.3,0.0,11234,34.7,114.0,1.9
23.3,2026-03-08 03:27:20.237000+00:00,56.4,1279,1013.2,0.0,11234,33.3,126.0,2.2
23.4,2026-03-08 03:28:20.251000+00:00,55.7,1279,1013.2,0.0,11234,34.6,125.0,2.8
23.5,2026-03-08 03:29:20.249000+00:00,55.1,1279,1013.3,0.0,11234,33.4,124.0,2.3
23.5,2026-03-08 03:30:20.235000+00:00,55.6,1279,1013.3,0.0,11234,34.3,126.0,2.3
23.4,2026-03-08 03:31:20.235000+00:00,55.8,1279,1013.2,0.0,11234,33.5,130.0,1.9
23.4,2026-03-08 03:32:20.254000+00:00,55.5,1279,1013.3,0.0,11234,35.3,0.0,0.0
23.4,2026-03-08 03:33:20.252000+00:00,55.6,1279,1013.2,0.0,11234,35.9,212.0,0.6
23.4,2026-03-08 03:34:20.258000+00:00,55.5,1279,1013.3,0.0,11234,35.5,113.0,1.1
23.4,2026-03-08 03:35:20.270000+00:00,55.5,1279,1013.3,0.0,11234,35.5,101.0,3.7
23.4,2026-03-08 03:36:20.300000+00:00,55.0,1279,1013.3,0.0,11234,35.5,192.0,2.1
23.4,2026-03-08 03:37:20.302000+00:00,56.0,1279,1013.3,0.0,11234,35.8,90.0,2.4
23.4,2026-03-08 03:38:20.302000+00:00,56.0,1279,1013.3,0.0,11234,35.8,90.0,2.4
23.4,2026-03-08 03:39:20.297000+00:00,55.2,1279,1013.2,0.0,11234,35.3,124.0,1.6
23.4,2026-03-08 03:40:20.306000+00:00,55.8,1279,1013.2,0.0,11234,35.6,128.0,1.0
23.4,2026-03-08 03:41:20.303000+00:00,55.9,1279,1013.2,0.0,11234,35.2,154.0,1.8
23.4,2026-03-08 03:42:20.305000+00:00,55.2,1279,1013.1,0.0,11234,35.4,125.0,2.3
23.4,2026-03-08 03:43:20.306000+00:00,55.4,1279,1013.2,0.0,11234,35.2,125.0,3.9
23.5,2026-03-08 03:44:20.293000+00:00,55.1,1279,1013.1,0.0,11234,35.0,121.0,2.3
23.5,2026-03-08 03:45:20.291000+00:00,55.7,1279,1013.1,0.0,11234,35.9,123.0,2.3
23.7,2026-03-08 03:46:20.297000+00:00,55.5,1279,1013.1,0.0,11234,37.1,124.0,1.5
23.7,2026-03-08 03:47:20.324000+00:00,54.5,1279,1013.1,0.0,11234,37.6,100.0,2.7
23.8,2026-03-08 03:48:20.326000+00:00,54.3,1279,1013.1,0.0,11234,39.1,117.0,2.0
23.9,2026-03-08 03:49:20.326000+00:00,54.3,1279,1013.0,0.0,11234,39.1,116.0,2.4
23.9,2026-03-08 03:50:20.330000+00:00,54.3,1279,1013.1,0.0,11234,38.9,120.0,2.6
23.9,2026-03-08 03:51:20.330000+00:00,55.1,1279,1013.0,0.0,11234,38.0,99.0,1.8
23.9,2026-03-08 03:52:20.343000+00:00,54.9,1279,1012.9,0.0,11234,37.8,103.0,1.1
24.0,2026-03-08 03:53:20.342000+00:00,55.1,1279,1013.0,0.0,11234,37.2,137.0,3.7
24.0,2026-03-08 03:54:20.342000+00:00,54.0,1279,1013.0,0.0,11234,37.0,95.0,1.2
24.0,2026-03-08 03:55:20.347000+00:00,54.2,1279,1012.8,0.0,11234,36.8,156.0,2.0
23.9,2026-03-08 03:56:20.350000+00:00,54.5,1279,1012.9,0.0,11234,37.3,126.0,1.5
24.0,2026-03-08 03:57:20.347000+00:00,54.0,1279,1012.8,0.0,11234,36.5,74.0,1.0
24.0,2026-03-08 03:58:20.362000+00:00,54.2,1279,1012.8,0.0,11234,36.0,116.0,4.6
23.9,2026-03-08 03:59:20.369000+00:00,53.8,1279,1013.0,0.0,11234,35.4,93.0,3.1
23.9,2026-03-08 04:00:20.367000+00:00,54.3,1279,1012.8,0.0,11234,35.7,100.0,2.1
23.9,2026-03-08 04:01:20.354000+00:00,54.2,1279,1012.9,0.0,11234,35.3,185.0,1.8
23.9,2026-03-08 04:02:20.382000+00:00,54.2,1279,1012.8,0.0,11234,37.5,99.0,2.5
24.0,2026-03-08 04:03:20.383000+00:00,54.0,1279,1012.9,0.0,11234,38.0,129.0,3.4
24.2,2026-03-08 04:04:20.418000+00:00,54.0,1279,1012.8,0.0,11234,36.6,104.0,4.4
24.2,2026-03-08 04:05:20.416000+00:00,54.4,1279,1012.8,0.0,11234,36.0,135.0,2.3
24.1,2026-03-08 04:06:20.416000+00:00,54.1,1279,1012.9,0.0,11234,36.1,112.0,1.6
24.1,2026-03-08 04:07:20.438000+00:00,54.1,1279,1012.9,0.0,11234,36.1,112.0,1.6
24.1,2026-03-08 04:08:20.433000+00:00,54.1,1279,1012.9,0.0,11234,36.1,112.0,1.6
24.1,2026-03-08 04:09:20.446000+00:00,54.1,1279,1012.9,0.0,11234,36.1,112.0,1.6
24.2,2026-03-08 04:10:20.450000+00:00,54.2,1279,1012.8,0.0,11234,35.1,127.0,2.2
24.2,2026-03-08 04:11:20.452000+00:00,54.3,1279,1012.6,0.0,11234,35.3,114.0,2.7
24.2,2026-03-08 04:12:20.442000+00:00,54.7,1279,1012.6,0.0,11234,35.1,99.0,3.4
24.3,2026-03-08 04:13:20.455000+00:00,54.6,1279,1012.5,0.0,11234,35.8,121.0,2.0
24.5,2026-03-08 04:14:20.443000+00:00,54.3,1279,1012.6,0.0,11234,36.6,104.0,2.4
24.4,2026-03-08 04:15:20.454000+00:00,53.7,1279,1012.6,0.0,11234,38.1,121.0,3.1
24.4,2026-03-08 04:16:20.454000+00:00,53.1,1279,1012.5,0.0,11234,37.6,122.0,2.4
24.5,2026-03-08 04:17:20.455000+00:00,53.3,1279,1012.6,0.0,11234,36.7,119.0,1.6
24.4,2026-03-08 04:18:20.483000+00:00,53.1,1279,1012.4,0.0,11234,36.6,128.0,2.7
24.4,2026-03-08 04:19:20.474000+00:00,53.3,1279,1012.5,0.0,11234,36.4,113.0,2.2
24.5,2026-03-08 04:20:20.490000+00:00,53.5,1279,1012.4,0.0,11234,36.5,128.0,2.0
24.5,2026-03-08 04:21:20.482000+00:00,53.5,1279,1012.4,0.0,11234,36.5,128.0,2.0
24.6,2026-03-08 04:22:20.492000+00:00,52.3,1279,1012.4,0.0,11234,36.8,113.0,2.0
24.4,2026-03-08 04:23:20.528000+00:00,52.4,1279,1012.4,0.0,11234,36.6,95.0,3.8
24.3,2026-03-08 04:24:20.525000+00:00,53.3,1279,1012.4,0.0,11234,36.6,114.0,2.5
24.3,2026-03-08 04:25:20.539000+00:00,53.7,1279,1012.3,0.0,11234,37.3,125.0,2.0
24.3,2026-03-08 04:26:20.530000+00:00,53.9,1279,1012.3,0.0,11234,38.4,140.0,3.5
24.5,2026-03-08 04:27:20.538000+00:00,53.5,1279,1012.3,0.0,11234,39.1,119.0,3.0
24.6,2026-03-08 04:28:20.542000+00:00,53.1,1279,1012.3,0.0,11234,37.7,111.0,3.0
24.6,2026-03-08 04:29:20.540000+00:00,52.5,1279,1012.3,0.0,11234,36.7,138.0,4.1
24.6,2026-03-08 04:30:20.556000+00:00,53.1,1279,1012.3,0.0,11234,36.3,137.0,3.6
24.7,2026-03-08 04:31:20.558000+00:00,53.0,1279,1012.3,0.0,11234,35.9,142.0,2.9
24.7,2026-03-08 04:32:20.577000+00:00,53.3,1279,1012.1,0.0,11234,35.9,133.0,1.9
24.6,2026-03-08 04:33:20.591000+00:00,53.4,1279,1012.2,0.0,11234,35.8,126.0,2.8
24.6,2026-03-08 04:34:20.590000+00:00,53.3,1279,1012.1,0.0,11234,35.7,119.0,3.8
24.6,2026-03-08 04:35:20.577000+00:00,53.1,1279,1012.2,0.0,11234,35.9,123.0,2.7
24.6,2026-03-08 04:36:20.579000+00:00,52.8,1279,1012.1,0.0,11234,36.4,111.0,2.9
24.5,2026-03-08 04:37:20.595000+00:00,52.9,1279,1012.2,0.0,11234,36.6,95.0,1.4
24.6,2026-03-08 04:38:20.581000+00:00,53.4,1279,1012.1,0.0,11234,37.0,114.0,2.1
24.7,2026-03-08 04:39:20.596000+00:00,53.0,1279,1012.0,0.0,11234,37.5,113.0,1.8
24.8,2026-03-08 04:40:20.597000+00:00,52.6,1279,1012.1,0.0,11234,37.6,147.0,3.1
24.8,2026-03-08 04:41:20.598000+00:00,52.7,1279,1012.0,0.0,11234,37.4,106.0,3.3
24.9,2026-03-08 04:42:20.613000+00:00,52.1,1279,1012.0,0.0,11234,37.1,105.0,3.3
24.8,2026-03-08 04:43:20.632000+00:00,52.0,1279,1012.0,0.0,11234,36.5,98.0,2.5
24.8,2026-03-08 04:44:20.632000+00:00,52.8,1279,1012.0,0.0,11234,36.3,98.0,4.0
24.8,2026-03-08 04:45:20.632000+00:00,52.8,1279,1012.1,0.0,11234,36.1,120.0,3.0
24.9,2026-03-08 04:46:20.615000+00:00,53.4,1279,1012.0,0.0,11234,36.1,115.0,2.8
25.3,2026-03-08 04:47:20.639000+00:00,53.7,1279,1012.0,0.0,11234,36.1,123.0,2.5
25.2,2026-03-08 04:48:20.635000+00:00,53.5,1279,1011.9,0.0,11234,37.3,184.0,1.0
25.3,2026-03-08 04:49:20.634000+00:00,53.0,1279,1011.8,0.0,11234,37.6,131.0,4.2
25.2,2026-03-08 04:50:20.637000+00:00,53.1,1279,1012.0,0.0,11234,37.0,125.0,4.0
25.1,2026-03-08 04:51:20.636000+00:00,53.0,1279,1012.0,0.0,11234,37.2,147.0,3.0
25.1,2026-03-08 04:52:20.651000+00:00,53.2,1279,1011.8,0.0,11234,37.7,107.0,2.5
25.0,2026-03-08 04:53:20.682000+00:00,53.1,1279,1011.9,0.0,11234,37.3,123.0,3.0
25.2,2026-03-08 04:54:20.685000+00:00,52.4,1279,1011.9,0.0,11234,37.2,105.0,3.7
25.3,2026-03-08 04:55:20.699000+00:00,52.3,1279,1011.8,0.0,11234,37.6,113.0,3.0
25.2,2026-03-08 04:56:20.701000+00:00,52.5,1279,1011.8,0.0,11234,37.8,119.0,3.8
25.2,2026-03-08 04:57:20.719000+00:00,52.8,1279,1011.8,0.0,11234,37.0,120.0,3.8
25.1,2026-03-08 04:58:20.712000+00:00,53.4,1279,1011.8,0.0,11234,36.7,112.0,1.7
25.1,2026-03-08 04:59:20.720000+00:00,53.0,1279,1011.8,0.0,11234,35.9,115.0,3.0
25.0,2026-03-08 05:00:20.721000+00:00,52.1,1279,1011.8,0.0,11234,35.7,98.0,2.5
25.0,2026-03-08 05:01:20.723000+00:00,52.7,1279,1011.8,0.0,11234,35.5,140.0,3.1
25.0,2026-03-08 05:02:20.736000+00:00,52.5,1279,1011.8,0.0,11234,35.4,116.0,1.7
25.0,2026-03-08 05:03:20.736000+00:00,52.8,1279,1011.7,0.0,11234,35.5,136.0,3.6
25.0,2026-03-08 05:04:20.741000+00:00,52.8,1279,1011.8,0.0,11234,35.4,96.0,2.8
25.1,2026-03-08 05:05:20.730000+00:00,52.6,1279,1011.6,0.0,11234,35.5,99.0,1.3
25.2,2026-03-08 05:06:20.741000+00:00,53.2,1279,1011.6,0.0,11234,36.1,100.0,4.3
25.2,2026-03-08 05:07:20.758000+00:00,52.7,1279,1011.7,0.0,11234,36.2,93.0,1.0
25.1,2026-03-08 05:08:20.773000+00:00,52.5,1279,1011.7,0.0,11234,36.6,110.0,2.0
25.1,2026-03-08 05:09:20.758000+00:00,51.4,1279,1011.7,0.0,11234,36.2,104.0,4.2
25.1,2026-03-08 05:10:20.772000+00:00,51.4,1279,1011.6,0.0,11234,35.7,118.0,3.9
25.1,2026-03-08 05:11:20.775000+00:00,51.4,1279,1011.6,0.0,11234,35.6,140.0,2.9
25.1,2026-03-08 05:12:20.760000+00:00,52.4,1279,1011.6,0.0,11234,35.4,106.0,4.0
25.2,2026-03-08 05:13:20.783000+00:00,52.5,1279,1011.7,0.0,11234,35.8,116.0,2.2
25.1,2026-03-08 05:14:20.780000+00:00,52.9,1279,1011.6,0.0,11234,36.8,110.0,2.4
25.2,2026-03-08 05:15:20.795000+00:00,53.0,1279,1011.6,0.0,11234,36.5,116.0,2.6
25.2,2026-03-08 05:16:20.786000+00:00,52.0,1279,1011.6,0.0,11234,36.4,110.0,2.2
25.3,2026-03-08 05:17:20.814000+00:00,52.0,1279,1011.6,0.0,11234,35.9,125.0,2.3
25.3,2026-03-08 05:18:20.813000+00:00,52.2,1279,1011.5,0.0,11234,35.6,106.0,3.1
25.3,2026-03-08 05:19:20.829000+00:00,51.1,1279,1011.5,0.0,11234,35.3,121.0,3.0
25.3,2026-03-08 05:20:20.859000+00:00,51.5,1279,1011.6,0.0,11234,35.0,131.0,3.6
25.3,2026-03-08 05:21:20.866000+00:00,51.9,1279,1011.5,0.0,11234,34.8,115.0,3.0
25.3,2026-03-08 05:22:20.886000+00:00,51.7,1279,1011.5,0.0,11234,34.7,130.0,4.2
25.2,2026-03-08 05:23:20.915000+00:00,51.6,1279,1011.6,0.0,11234,34.6,126.0,3.2
25.2,2026-03-08 05:24:20.913000+00:00,51.9,1279,1011.5,0.0,11234,34.6,127.0,3.7
25.2,2026-03-08 05:25:20.899000+00:00,52.0,1279,1011.5,0.0,11234,34.4,105.0,2.9
25.1,2026-03-08 05:26:20.912000+00:00,51.7,1279,1011.5,0.0,11234,34.5,103.0,2.9
25.0,2026-03-08 05:27:20.912000+00:00,52.2,1279,1011.5,0.0,11234,34.3,114.0,2.5
25.0,2026-03-08 05:28:20.940000+00:00,52.7,1279,1011.5,0.0,11234,34.5,117.0,1.9
